2026-05-24T07:29:02.317Z [TXN-7KGM1S9P] [catalog-service] INFO Category=DC: 4 products
2026-05-24T07:29:03.369Z [TXN-7KGM1S9P] [order-service] INFO Calling catalog-service for productId=1
2026-05-24T07:29:03.436Z [TXN-7KGM1S9P] [catalog-service] INFO Product fetched: Batman Figure
2026-05-24T07:29:03.539Z [TXN-7KGM1S9P] [order-service] INFO Order created: orderId=17, product=Batman Figure, amount=24.99
2026-05-24T07:29:03.540Z [TXN-7KGM1S9P] [order-service] INFO Calling notification-service for orderId=17
2026-05-24T07:29:03.699Z [TXN-7KGM1S9P] [notification-service] INFO Notification sent: ORD00017 — Batman Figure — $24.99
2026-05-24T07:29:03.710Z [TXN-7KGM1S9P] [order-service] INFO Notification sent for orderId=17
2026-05-24T07:29:06.429Z [TXN-7KGM1S9P] [order-service] INFO Calling catalog-service for productId=2
2026-05-24T07:29:06.445Z [TXN-7KGM1S9P] [catalog-service] INFO Product fetched: Superman T-Shirt
2026-05-24T07:29:06.446Z [TXN-7KGM1S9P] [order-service] INFO Order created: orderId=18, product=Superman T-Shirt, amount=19.99
2026-05-24T07:29:06.446Z [TXN-7KGM1S9P] [order-service] INFO Calling notification-service for orderId=18
2026-05-24T07:29:06.460Z [TXN-7KGM1S9P] [notification-service] INFO Notification sent: ORD00018 — Superman T-Shirt — $19.99
2026-05-24T07:29:06.462Z [TXN-7KGM1S9P] [order-service] INFO Notification sent for orderId=18
2026-05-24T07:29:07.629Z [TXN-7KGM1S9P] [order-service] INFO Calling catalog-service for productId=3
2026-05-24T07:29:07.645Z [TXN-7KGM1S9P] [catalog-service] INFO Product fetched: Flash Toy
2026-05-24T07:29:07.646Z [TXN-7KGM1S9P] [order-service] INFO Order created: orderId=19, product=Flash Toy, amount=14.99
2026-05-24T07:29:07.647Z [TXN-7KGM1S9P] [order-service] INFO Calling notification-service for orderId=19
2026-05-24T07:29:07.660Z [TXN-7KGM1S9P] [notification-service] INFO Notification sent: ORD00019 — Flash Toy — $14.99
2026-05-24T07:29:07.663Z [TXN-7KGM1S9P] [order-service] INFO Notification sent for orderId=19
2026-05-24T07:29:08.775Z [TXN-7KGM1S9P] [order-service] INFO Calling catalog-service for productId=4
2026-05-24T07:29:08.790Z [TXN-7KGM1S9P] [catalog-service] INFO Product fetched: Wonder Woman Poster
2026-05-24T07:29:08.789Z [TXN-7KGM1S9P] [order-service] INFO Order created: orderId=20, product=Wonder Woman Poster, amount=9.99
2026-05-24T07:29:08.790Z [TXN-7KGM1S9P] [order-service] INFO Calling notification-service for orderId=20
2026-05-24T07:29:08.804Z [TXN-7KGM1S9P] [notification-service] INFO Notification sent: ORD00020 — Wonder Woman Poster — $9.99
2026-05-24T07:29:08.807Z [TXN-7KGM1S9P] [order-service] INFO Notification sent for orderId=20
2026-05-24T07:29:11.267Z [TXN-7KGM1S9P] [catalog-service] INFO Category=Marvel: 4 products
2026-05-24T07:29:12.525Z [TXN-7KGM1S9P] [order-service] INFO Calling catalog-service for productId=5
2026-05-24T07:29:12.541Z [TXN-7KGM1S9P] [catalog-service] INFO Product fetched: Iron Man Figure
2026-05-24T07:29:12.540Z [TXN-7KGM1S9P] [order-service] INFO Order created: orderId=21, product=Iron Man Figure, amount=29.99
2026-05-24T07:29:12.541Z [TXN-7KGM1S9P] [order-service] INFO Calling notification-service for orderId=21
2026-05-24T07:29:12.554Z [TXN-7KGM1S9P] [notification-service] INFO Notification sent: ORD00021 — Iron Man Figure — $29.99
2026-05-24T07:29:12.555Z [TXN-7KGM1S9P] [order-service] INFO Notification sent for orderId=21
2026-05-24T07:29:13.557Z [TXN-7KGM1S9P] [order-service] INFO Calling catalog-service for productId=6
2026-05-24T07:29:13.573Z [TXN-7KGM1S9P] [catalog-service] INFO Product fetched: Spider-Man Toy
2026-05-24T07:29:13.573Z [TXN-7KGM1S9P] [order-service] INFO Order created: orderId=22, product=Spider-Man Toy, amount=17.99
2026-05-24T07:29:13.574Z [TXN-7KGM1S9P] [order-service] INFO Calling notification-service for orderId=22
2026-05-24T07:29:13.584Z [TXN-7KGM1S9P] [notification-service] INFO Notification sent: ORD00022 — Spider-Man Toy — $17.99
2026-05-24T07:29:13.587Z [TXN-7KGM1S9P] [order-service] INFO Notification sent for orderId=22
2026-05-24T07:29:14.975Z [TXN-7KGM1S9P] [order-service] INFO Calling catalog-service for productId=7
2026-05-24T07:29:14.990Z [TXN-7KGM1S9P] [catalog-service] INFO Product fetched: Hulk Poster
2026-05-24T07:29:14.990Z [TXN-7KGM1S9P] [order-service] INFO Order created: orderId=23, product=Hulk Poster, amount=9.99
2026-05-24T07:29:14.990Z [TXN-7KGM1S9P] [order-service] INFO Calling notification-service for orderId=23
2026-05-24T07:29:15.004Z [TXN-7KGM1S9P] [notification-service] INFO Notification sent: ORD00023 — Hulk Poster — $9.99
2026-05-24T07:29:15.006Z [TXN-7KGM1S9P] [order-service] INFO Notification sent for orderId=23
2026-05-24T07:29:15.804Z [TXN-7KGM1S9P] [order-service] INFO Calling catalog-service for productId=8
2026-05-24T07:29:15.819Z [TXN-7KGM1S9P] [catalog-service] INFO Product fetched: Thor Hammer Replica
2026-05-24T07:29:15.819Z [TXN-7KGM1S9P] [order-service] INFO Order created: orderId=24, product=Thor Hammer Replica, amount=39.99
2026-05-24T07:29:15.819Z [TXN-7KGM1S9P] [order-service] INFO Calling notification-service for orderId=24
2026-05-24T07:29:15.832Z [TXN-7KGM1S9P] [notification-service] INFO Notification sent: ORD00024 — Thor Hammer Replica — $39.99
2026-05-24T07:29:15.833Z [TXN-7KGM1S9P] [order-service] INFO Notification sent for orderId=24
2026-05-24T07:29:18.392Z [TXN-7KGM1S9P] [catalog-service] INFO Category=DC: 4 products
2026-05-24T07:29:19.501Z [TXN-7KGM1S9P] [order-service] INFO Calling catalog-service for productId=1
2026-05-24T07:29:19.517Z [TXN-7KGM1S9P] [catalog-service] INFO Product fetched: Batman Figure
2026-05-24T07:29:19.515Z [TXN-7KGM1S9P] [order-service] INFO Order created: orderId=25, product=Batman Figure, amount=24.99
2026-05-24T07:29:19.516Z [TXN-7KGM1S9P] [order-service] INFO Calling notification-service for orderId=25
2026-05-24T07:29:19.528Z [TXN-7KGM1S9P] [notification-service] INFO Notification sent: ORD00025 — Batman Figure — $24.99
2026-05-24T07:29:19.529Z [TXN-7KGM1S9P] [order-service] INFO Notification sent for orderId=25
2026-05-24T07:29:20.633Z [TXN-7KGM1S9P] [cart-service] INFO Added to cart: user=3, product=1
2026-05-24T07:29:22.190Z [TXN-7KGM1S9P] [order-service] INFO Calling catalog-service for productId=2
2026-05-24T07:29:22.206Z [TXN-7KGM1S9P] [catalog-service] INFO Product fetched: Superman T-Shirt
2026-05-24T07:29:22.204Z [TXN-7KGM1S9P] [order-service] INFO Order created: orderId=26, product=Superman T-Shirt, amount=19.99
2026-05-24T07:29:22.204Z [TXN-7KGM1S9P] [order-service] INFO Calling notification-service for orderId=26
2026-05-24T07:29:22.218Z [TXN-7KGM1S9P] [notification-service] INFO Notification sent: ORD00026 — Superman T-Shirt — $19.99
2026-05-24T07:29:22.222Z [TXN-7KGM1S9P] [order-service] INFO Notification sent for orderId=26
2026-05-24T07:29:23.245Z [TXN-7KGM1S9P] [cart-service] INFO Added to cart: user=3, product=2
2026-05-24T07:29:25.077Z [TXN-7KGM1S9P] [order-service] INFO Calling catalog-service for productId=3
2026-05-24T07:29:25.092Z [TXN-7KGM1S9P] [catalog-service] INFO Product fetched: Flash Toy
2026-05-24T07:29:25.091Z [TXN-7KGM1S9P] [order-service] INFO Order created: orderId=27, product=Flash Toy, amount=14.99
2026-05-24T07:29:25.092Z [TXN-7KGM1S9P] [order-service] INFO Calling notification-service for orderId=27
2026-05-24T07:29:25.104Z [TXN-7KGM1S9P] [notification-service] INFO Notification sent: ORD00027 — Flash Toy — $14.99
2026-05-24T07:29:25.105Z [TXN-7KGM1S9P] [order-service] INFO Notification sent for orderId=27
2026-05-24T07:29:26.048Z [TXN-7KGM1S9P] [cart-service] INFO Added to cart: user=3, product=3
2026-05-24T07:29:27.052Z [TXN-7KGM1S9P] [order-service] INFO Calling catalog-service for productId=4
2026-05-24T07:29:27.068Z [TXN-7KGM1S9P] [catalog-service] INFO Product fetched: Wonder Woman Poster
2026-05-24T07:29:27.065Z [TXN-7KGM1S9P] [order-service] INFO Order created: orderId=28, product=Wonder Woman Poster, amount=9.99
2026-05-24T07:29:27.066Z [TXN-7KGM1S9P] [order-service] INFO Calling notification-service for orderId=28
2026-05-24T07:29:27.078Z [TXN-7KGM1S9P] [notification-service] INFO Notification sent: ORD00028 — Wonder Woman Poster — $9.99
2026-05-24T07:29:27.079Z [TXN-7KGM1S9P] [order-service] INFO Notification sent for orderId=28
2026-05-24T07:29:28.005Z [TXN-7KGM1S9P] [cart-service] INFO Added to cart: user=3, product=4
2026-05-24T07:29:29.262Z [TXN-7KGM1S9P] [cart-service] INFO Cart fetched: user=3, items=4
2026-05-24T07:29:32.800Z [TXN-7KGM1S9P] [cart-service] INFO Cart item removed: cartId=4
2026-05-24T07:29:32.808Z [TXN-7KGM1S9P] [cart-service] INFO Cart fetched: user=3, items=3
2026-05-24T07:29:33.486Z [TXN-7KGM1S9P] [cart-service] INFO Cart item removed: cartId=5
2026-05-24T07:29:33.495Z [TXN-7KGM1S9P] [cart-service] INFO Cart fetched: user=3, items=2
2026-05-24T07:29:34.005Z [TXN-7KGM1S9P] [cart-service] INFO Cart item removed: cartId=6
2026-05-24T07:29:34.013Z [TXN-7KGM1S9P] [cart-service] INFO Cart fetched: user=3, items=1
2026-05-24T07:29:34.501Z [TXN-7KGM1S9P] [cart-service] INFO Cart item removed: cartId=7
2026-05-24T07:29:34.510Z [TXN-7KGM1S9P] [cart-service] INFO Cart fetched: user=3, items=0
2026-05-24T07:37:18.864Z [TXN-7KGM1S9P] [catalog-service] INFO Category=DC: 4 products
2026-05-24T07:37:19.904Z [TXN-7KGM1S9P] [order-service] INFO Calling catalog-service for productId=1
2026-05-24T07:37:19.922Z [TXN-7KGM1S9P] [catalog-service] INFO Product fetched: Batman Figure
2026-05-24T07:37:19.939Z [TXN-7KGM1S9P] [order-service] INFO Order created: orderId=29, product=Batman Figure, amount=24.99
2026-05-24T07:37:19.939Z [TXN-7KGM1S9P] [order-service] INFO Calling notification-service for orderId=29
2026-05-24T07:37:19.966Z [TXN-7KGM1S9P] [notification-service] INFO Notification sent: ORD00029 — Batman Figure — $24.99
2026-05-24T07:37:19.971Z [TXN-7KGM1S9P] [order-service] INFO Notification sent for orderId=29
2026-05-24T07:37:20.806Z [TXN-7KGM1S9P] [order-service] INFO Calling catalog-service for productId=2
2026-05-24T07:37:20.815Z [TXN-7KGM1S9P] [catalog-service] INFO Product fetched: Superman T-Shirt
2026-05-24T07:37:20.824Z [TXN-7KGM1S9P] [order-service] INFO Order created: orderId=30, product=Superman T-Shirt, amount=19.99
2026-05-24T07:37:20.824Z [TXN-7KGM1S9P] [order-service] INFO Calling notification-service for orderId=30
2026-05-24T07:37:20.835Z [TXN-7KGM1S9P] [notification-service] INFO Notification sent: ORD00030 — Superman T-Shirt — $19.99
2026-05-24T07:37:20.840Z [TXN-7KGM1S9P] [order-service] INFO Notification sent for orderId=30
2026-05-24T07:37:22.319Z [TXN-7KGM1S9P] [order-service] INFO Calling catalog-service for productId=3
2026-05-24T07:37:22.326Z [TXN-7KGM1S9P] [catalog-service] INFO Product fetched: Flash Toy
2026-05-24T07:37:22.337Z [TXN-7KGM1S9P] [order-service] INFO Order created: orderId=31, product=Flash Toy, amount=14.99
2026-05-24T07:37:22.337Z [TXN-7KGM1S9P] [order-service] INFO Calling notification-service for orderId=31
2026-05-24T07:37:22.348Z [TXN-7KGM1S9P] [notification-service] INFO Notification sent: ORD00031 — Flash Toy — $14.99
2026-05-24T07:37:22.355Z [TXN-7KGM1S9P] [order-service] INFO Notification sent for orderId=31
2026-05-24T07:37:23.182Z [TXN-7KGM1S9P] [order-service] INFO Calling catalog-service for productId=4
2026-05-24T07:37:23.190Z [TXN-7KGM1S9P] [catalog-service] INFO Product fetched: Wonder Woman Poster
2026-05-24T07:37:23.198Z [TXN-7KGM1S9P] [order-service] INFO Order created: orderId=32, product=Wonder Woman Poster, amount=9.99
2026-05-24T07:37:23.198Z [TXN-7KGM1S9P] [order-service] INFO Calling notification-service for orderId=32
2026-05-24T07:37:23.206Z [TXN-7KGM1S9P] [notification-service] INFO Notification sent: ORD00032 — Wonder Woman Poster — $9.99
2026-05-24T07:37:23.209Z [TXN-7KGM1S9P] [order-service] INFO Notification sent for orderId=32
2026-05-24T07:37:23.858Z [TXN-7KGM1S9P] [cart-service] INFO Added to cart: user=3, product=3
2026-05-24T07:37:25.000Z [TXN-7KGM1S9P] [cart-service] INFO Added to cart: user=3, product=2
2026-05-24T07:37:25.917Z [TXN-7KGM1S9P] [cart-service] INFO Added to cart: user=3, product=1
2026-05-24T07:37:27.312Z [TXN-7KGM1S9P] [cart-service] INFO Added to cart: user=3, product=4
2026-05-24T07:37:28.466Z [TXN-7KGM1S9P] [catalog-service] INFO Category=Marvel: 4 products
2026-05-24T07:37:29.507Z [TXN-7KGM1S9P] [order-service] INFO Calling catalog-service for productId=5
2026-05-24T07:37:29.517Z [TXN-7KGM1S9P] [catalog-service] INFO Product fetched: Iron Man Figure
2026-05-24T07:37:29.528Z [TXN-7KGM1S9P] [order-service] INFO Order created: orderId=33, product=Iron Man Figure, amount=29.99
2026-05-24T07:37:29.528Z [TXN-7KGM1S9P] [order-service] INFO Calling notification-service for orderId=33
2026-05-24T07:37:29.542Z [TXN-7KGM1S9P] [notification-service] INFO Notification sent: ORD00033 — Iron Man Figure — $29.99
2026-05-24T07:37:29.546Z [TXN-7KGM1S9P] [order-service] INFO Notification sent for orderId=33
2026-05-24T07:37:30.622Z [TXN-7KGM1S9P] [order-service] INFO Calling catalog-service for productId=6
2026-05-24T07:37:30.628Z [TXN-7KGM1S9P] [catalog-service] INFO Product fetched: Spider-Man Toy
2026-05-24T07:37:30.637Z [TXN-7KGM1S9P] [order-service] INFO Order created: orderId=34, product=Spider-Man Toy, amount=17.99
2026-05-24T07:37:30.638Z [TXN-7KGM1S9P] [order-service] INFO Calling notification-service for orderId=34
2026-05-24T07:37:30.655Z [TXN-7KGM1S9P] [notification-service] INFO Notification sent: ORD00034 — Spider-Man Toy — $17.99
2026-05-24T07:37:30.658Z [TXN-7KGM1S9P] [order-service] INFO Notification sent for orderId=34
2026-05-24T07:37:32.134Z [TXN-7KGM1S9P] [order-service] INFO Calling catalog-service for productId=7
2026-05-24T07:37:32.141Z [TXN-7KGM1S9P] [catalog-service] INFO Product fetched: Hulk Poster
2026-05-24T07:37:32.149Z [TXN-7KGM1S9P] [order-service] INFO Order created: orderId=35, product=Hulk Poster, amount=9.99
2026-05-24T07:37:32.150Z [TXN-7KGM1S9P] [order-service] INFO Calling notification-service for orderId=35
2026-05-24T07:37:32.162Z [TXN-7KGM1S9P] [notification-service] INFO Notification sent: ORD00035 — Hulk Poster — $9.99
2026-05-24T07:37:32.165Z [TXN-7KGM1S9P] [order-service] INFO Notification sent for orderId=35
2026-05-24T07:37:34.358Z [TXN-7KGM1S9P] [order-service] INFO Calling catalog-service for productId=8
2026-05-24T07:37:34.364Z [TXN-7KGM1S9P] [catalog-service] INFO Product fetched: Thor Hammer Replica
2026-05-24T07:37:34.374Z [TXN-7KGM1S9P] [order-service] INFO Order created: orderId=36, product=Thor Hammer Replica, amount=39.99
2026-05-24T07:37:34.374Z [TXN-7KGM1S9P] [order-service] INFO Calling notification-service for orderId=36
2026-05-24T07:37:34.391Z [TXN-7KGM1S9P] [notification-service] INFO Notification sent: ORD00036 — Thor Hammer Replica — $39.99
2026-05-24T07:37:34.395Z [TXN-7KGM1S9P] [order-service] INFO Notification sent for orderId=36
2026-05-24T07:45:05.462Z [TXN-7KGM1S9P] [order-service] INFO Calling catalog-service for productId=5
2026-05-24T07:45:05.473Z [TXN-7KGM1S9P] [catalog-service] INFO Product fetched: Iron Man Figure
2026-05-24T07:45:05.485Z [TXN-7KGM1S9P] [order-service] INFO Order created: orderId=37, product=Iron Man Figure, amount=29.99
2026-05-24T07:45:05.487Z [TXN-7KGM1S9P] [order-service] INFO Calling notification-service for orderId=37
2026-05-24T07:45:05.510Z [TXN-7KGM1S9P] [notification-service] INFO Notification sent: ORD00037 — Iron Man Figure — $29.99
2026-05-24T07:45:05.513Z [TXN-7KGM1S9P] [order-service] INFO Notification sent for orderId=37
2026-05-24T07:45:06.254Z [TXN-7KGM1S9P] [cart-service] INFO Added to cart: user=3, product=5
2026-05-24T07:45:06.897Z [TXN-7KGM1S9P] [order-service] INFO Calling catalog-service for productId=6
2026-05-24T07:45:06.904Z [TXN-7KGM1S9P] [catalog-service] INFO Product fetched: Spider-Man Toy
2026-05-24T07:45:06.914Z [TXN-7KGM1S9P] [order-service] INFO Order created: orderId=38, product=Spider-Man Toy, amount=17.99
2026-05-24T07:45:06.915Z [TXN-7KGM1S9P] [order-service] INFO Calling notification-service for orderId=38
2026-05-24T07:45:06.927Z [TXN-7KGM1S9P] [notification-service] INFO Notification sent: ORD00038 — Spider-Man Toy — $17.99
2026-05-24T07:45:06.929Z [TXN-7KGM1S9P] [order-service] INFO Notification sent for orderId=38
2026-05-24T07:45:07.472Z [TXN-7KGM1S9P] [cart-service] INFO Added to cart: user=3, product=6
2026-05-24T07:45:07.918Z [TXN-7KGM1S9P] [order-service] INFO Calling catalog-service for productId=7
2026-05-24T07:45:07.924Z [TXN-7KGM1S9P] [catalog-service] INFO Product fetched: Hulk Poster
2026-05-24T07:45:07.934Z [TXN-7KGM1S9P] [order-service] INFO Order created: orderId=39, product=Hulk Poster, amount=9.99
2026-05-24T07:45:07.934Z [TXN-7KGM1S9P] [order-service] INFO Calling notification-service for orderId=39
2026-05-24T07:45:07.943Z [TXN-7KGM1S9P] [notification-service] INFO Notification sent: ORD00039 — Hulk Poster — $9.99
2026-05-24T07:45:07.948Z [TXN-7KGM1S9P] [order-service] INFO Notification sent for orderId=39
2026-05-24T07:45:08.581Z [TXN-7KGM1S9P] [cart-service] INFO Added to cart: user=3, product=7
2026-05-24T07:45:09.160Z [TXN-7KGM1S9P] [order-service] INFO Calling catalog-service for productId=8
2026-05-24T07:45:09.166Z [TXN-7KGM1S9P] [catalog-service] INFO Product fetched: Thor Hammer Replica
2026-05-24T07:45:09.174Z [TXN-7KGM1S9P] [order-service] INFO Order created: orderId=40, product=Thor Hammer Replica, amount=39.99
2026-05-24T07:45:09.174Z [TXN-7KGM1S9P] [order-service] INFO Calling notification-service for orderId=40
2026-05-24T07:45:09.186Z [TXN-7KGM1S9P] [notification-service] INFO Notification sent: ORD00040 — Thor Hammer Replica — $39.99
2026-05-24T07:45:09.189Z [TXN-7KGM1S9P] [order-service] INFO Notification sent for orderId=40
2026-05-24T07:45:10.228Z [TXN-7KGM1S9P] [cart-service] INFO Added to cart: user=3, product=8
2026-05-24T07:45:11.620Z [TXN-7KGM1S9P] [catalog-service] INFO Category=Marvel: 4 products
2026-05-24T07:45:11.757Z [TXN-7KGM1S9P] [catalog-service] INFO Category=Marvel: 4 products
2026-05-24T07:45:12.163Z [TXN-7KGM1S9P] [catalog-service] INFO Category=Marvel: 4 products
2026-05-24T07:45:12.353Z [TXN-7KGM1S9P] [catalog-service] INFO Category=Marvel: 4 products
2026-05-24T07:45:12.513Z [TXN-7KGM1S9P] [catalog-service] INFO Category=Marvel: 4 products
2026-05-24T07:45:12.715Z [TXN-7KGM1S9P] [catalog-service] INFO Category=Marvel: 4 products
2026-05-24T07:45:12.871Z [TXN-7KGM1S9P] [catalog-service] INFO Category=Marvel: 4 products
2026-05-24T07:45:13.026Z [TXN-7KGM1S9P] [catalog-service] INFO Category=Marvel: 4 products
2026-05-24T07:45:13.189Z [TXN-7KGM1S9P] [catalog-service] INFO Category=Marvel: 4 products
2026-05-24T07:45:13.377Z [TXN-7KGM1S9P] [catalog-service] INFO Category=Marvel: 4 products
2026-05-24T07:45:13.538Z [TXN-7KGM1S9P] [catalog-service] INFO Category=Marvel: 4 products
2026-05-24T07:45:13.688Z [TXN-7KGM1S9P] [catalog-service] INFO Category=Marvel: 4 products
2026-05-24T07:45:13.860Z [TXN-7KGM1S9P] [catalog-service] INFO Category=Marvel: 4 products
2026-05-24T07:46:23.089Z [TXN-7KGM1S9P] [catalog-service] INFO Category=Marvel: 4 products
2026-05-24T07:46:23.313Z [TXN-7KGM1S9P] [catalog-service] INFO Category=Marvel: 4 products
2026-05-24T07:46:23.494Z [TXN-7KGM1S9P] [catalog-service] INFO Category=Marvel: 4 products
2026-05-24T07:46:23.671Z [TXN-7KGM1S9P] [catalog-service] INFO Category=Marvel: 4 products
2026-05-24T07:46:23.876Z [TXN-7KGM1S9P] [catalog-service] INFO Category=Marvel: 4 products
2026-05-24T07:46:24.020Z [TXN-7KGM1S9P] [catalog-service] INFO Category=Marvel: 4 products
2026-05-24T07:46:47.397Z [TXN-7KGM1S9P] [order-service] INFO Calling catalog-service for productId=5
2026-05-24T07:46:47.406Z [TXN-7KGM1S9P] [catalog-service] INFO Product fetched: Iron Man Figure
2026-05-24T07:46:47.421Z [TXN-7KGM1S9P] [order-service] INFO Order created: orderId=41, product=Iron Man Figure, amount=29.99
2026-05-24T07:46:47.422Z [TXN-7KGM1S9P] [order-service] INFO Calling notification-service for orderId=41
2026-05-24T07:46:47.434Z [TXN-7KGM1S9P] [notification-service] INFO Notification sent: ORD00041 — Iron Man Figure — $29.99
2026-05-24T07:46:47.440Z [TXN-7KGM1S9P] [order-service] INFO Notification sent for orderId=41
2026-05-24T07:47:02.378Z [TXN-7KGM1S9P] [order-service] INFO Calling catalog-service for productId=6
2026-05-24T07:47:02.388Z [TXN-7KGM1S9P] [catalog-service] INFO Product fetched: Spider-Man Toy
2026-05-24T07:47:02.398Z [TXN-7KGM1S9P] [order-service] INFO Order created: orderId=42, product=Spider-Man Toy, amount=17.99
2026-05-24T07:47:02.398Z [TXN-7KGM1S9P] [order-service] INFO Calling notification-service for orderId=42
2026-05-24T07:47:02.407Z [TXN-7KGM1S9P] [notification-service] INFO Notification sent: ORD00042 — Spider-Man Toy — $17.99
2026-05-24T07:47:02.414Z [TXN-7KGM1S9P] [order-service] INFO Notification sent for orderId=42
2026-05-24T07:47:04.519Z [TXN-7KGM1S9P] [order-service] INFO Calling catalog-service for productId=6
2026-05-24T07:47:04.526Z [TXN-7KGM1S9P] [catalog-service] INFO Product fetched: Spider-Man Toy
2026-05-24T07:47:04.536Z [TXN-7KGM1S9P] [order-service] INFO Order created: orderId=43, product=Spider-Man Toy, amount=17.99
2026-05-24T07:47:04.536Z [TXN-7KGM1S9P] [order-service] INFO Calling notification-service for orderId=43
2026-05-24T07:47:04.545Z [TXN-7KGM1S9P] [notification-service] INFO Notification sent: ORD00043 — Spider-Man Toy — $17.99
2026-05-24T07:47:04.550Z [TXN-7KGM1S9P] [order-service] INFO Notification sent for orderId=43
2026-05-24T07:47:13.225Z [TXN-7KGM1S9P] [cart-service] INFO Added to cart: user=3, product=6
2026-05-24T07:47:14.271Z [TXN-7KGM1S9P] [cart-service] INFO Added to cart: user=3, product=6
2026-05-24T07:50:10.027Z [TXN-7KGM1S9P] [order-service] INFO Calling catalog-service for productId=5
2026-05-24T07:50:10.037Z [TXN-7KGM1S9P] [catalog-service] INFO Product fetched: Iron Man Figure
2026-05-24T07:50:10.046Z [TXN-7KGM1S9P] [order-service] INFO Order created: orderId=44, product=Iron Man Figure, amount=29.99
2026-05-24T07:50:10.047Z [TXN-7KGM1S9P] [order-service] INFO Calling notification-service for orderId=44
2026-05-24T07:50:10.058Z [TXN-7KGM1S9P] [notification-service] INFO Notification sent: ORD00044 — Iron Man Figure — $29.99
2026-05-24T07:50:10.065Z [TXN-7KGM1S9P] [order-service] INFO Notification sent for orderId=44
2026-05-24T08:38:34.481Z [TXN-7KGM1S9P] [order-service] INFO Calling catalog-service for productId=5
2026-05-24T08:38:34.570Z [TXN-7KGM1S9P] [catalog-service] INFO Product fetched: Iron Man Figure
2026-05-24T08:38:34.589Z [TXN-7KGM1S9P] [order-service] INFO Order created: orderId=45, product=Iron Man Figure, amount=29.99
2026-05-24T08:38:34.590Z [TXN-7KGM1S9P] [order-service] INFO Calling notification-service for orderId=45
2026-05-24T08:38:34.680Z [TXN-7KGM1S9P] [notification-service] INFO Notification sent: ORD00045 — Iron Man Figure — $29.99
2026-05-24T08:38:34.681Z [TXN-7KGM1S9P] [order-service] INFO Notification sent for orderId=45
2026-05-24T08:38:35.360Z [TXN-7KGM1S9P] [order-service] INFO Calling catalog-service for productId=6
2026-05-24T08:38:35.380Z [TXN-7KGM1S9P] [catalog-service] INFO Product fetched: Spider-Man Toy
2026-05-24T08:38:35.380Z [TXN-7KGM1S9P] [order-service] INFO Order created: orderId=46, product=Spider-Man Toy, amount=17.99
2026-05-24T08:38:35.381Z [TXN-7KGM1S9P] [order-service] INFO Calling notification-service for orderId=46
2026-05-24T08:38:35.401Z [TXN-7KGM1S9P] [notification-service] INFO Notification sent: ORD00046 — Spider-Man Toy — $17.99
2026-05-24T08:38:35.400Z [TXN-7KGM1S9P] [order-service] INFO Notification sent for orderId=46
2026-05-24T08:38:36.529Z [TXN-7KGM1S9P] [order-service] INFO Calling catalog-service for productId=7
2026-05-24T08:38:36.545Z [TXN-7KGM1S9P] [catalog-service] INFO Product fetched: Hulk Poster
2026-05-24T08:38:36.546Z [TXN-7KGM1S9P] [order-service] INFO Order created: orderId=47, product=Hulk Poster, amount=9.99
2026-05-24T08:38:36.547Z [TXN-7KGM1S9P] [order-service] INFO Calling notification-service for orderId=47
2026-05-24T08:38:36.560Z [TXN-7KGM1S9P] [notification-service] INFO Notification sent: ORD00047 — Hulk Poster — $9.99
2026-05-24T08:38:36.558Z [TXN-7KGM1S9P] [order-service] INFO Notification sent for orderId=47
2026-05-24T08:38:37.255Z [TXN-7KGM1S9P] [order-service] INFO Calling catalog-service for productId=8
2026-05-24T08:38:37.271Z [TXN-7KGM1S9P] [catalog-service] INFO Product fetched: Thor Hammer Replica
2026-05-24T08:38:37.272Z [TXN-7KGM1S9P] [order-service] INFO Order created: orderId=48, product=Thor Hammer Replica, amount=39.99
2026-05-24T08:38:37.273Z [TXN-7KGM1S9P] [order-service] INFO Calling notification-service for orderId=48
2026-05-24T08:38:37.293Z [TXN-7KGM1S9P] [notification-service] INFO Notification sent: ORD00048 — Thor Hammer Replica — $39.99
2026-05-24T08:38:37.294Z [TXN-7KGM1S9P] [order-service] INFO Notification sent for orderId=48
2026-05-24T08:38:41.422Z [TXN-7KGM1S9P] [catalog-service] INFO Category=DC: 4 products
2026-05-24T08:38:42.493Z [TXN-7KGM1S9P] [order-service] INFO Calling catalog-service for productId=1
2026-05-24T08:38:42.516Z [TXN-7KGM1S9P] [catalog-service] INFO Product fetched: Batman Figure
2026-05-24T08:38:42.517Z [TXN-7KGM1S9P] [order-service] INFO Order created: orderId=49, product=Batman Figure, amount=24.99
2026-05-24T08:38:42.518Z [TXN-7KGM1S9P] [order-service] INFO Calling notification-service for orderId=49
2026-05-24T08:38:42.539Z [TXN-7KGM1S9P] [notification-service] INFO Notification sent: ORD00049 — Batman Figure — $24.99
2026-05-24T08:38:42.537Z [TXN-7KGM1S9P] [order-service] INFO Notification sent for orderId=49
2026-05-24T08:38:43.298Z [TXN-7KGM1S9P] [order-service] INFO Calling catalog-service for productId=2
2026-05-24T08:38:43.315Z [TXN-7KGM1S9P] [catalog-service] INFO Product fetched: Superman T-Shirt
2026-05-24T08:38:43.316Z [TXN-7KGM1S9P] [order-service] INFO Order created: orderId=50, product=Superman T-Shirt, amount=19.99
2026-05-24T08:38:43.316Z [TXN-7KGM1S9P] [order-service] INFO Calling notification-service for orderId=50
2026-05-24T08:38:43.333Z [TXN-7KGM1S9P] [notification-service] INFO Notification sent: ORD00050 — Superman T-Shirt — $19.99
2026-05-24T08:38:43.331Z [TXN-7KGM1S9P] [order-service] INFO Notification sent for orderId=50
2026-05-24T08:38:44.155Z [TXN-7KGM1S9P] [order-service] INFO Calling catalog-service for productId=3
2026-05-24T08:38:44.171Z [TXN-7KGM1S9P] [catalog-service] INFO Product fetched: Flash Toy
2026-05-24T08:38:44.170Z [TXN-7KGM1S9P] [order-service] INFO Order created: orderId=51, product=Flash Toy, amount=14.99
2026-05-24T08:38:44.170Z [TXN-7KGM1S9P] [order-service] INFO Calling notification-service for orderId=51
2026-05-24T08:38:44.188Z [TXN-7KGM1S9P] [notification-service] INFO Notification sent: ORD00051 — Flash Toy — $14.99
2026-05-24T08:38:44.188Z [TXN-7KGM1S9P] [order-service] INFO Notification sent for orderId=51
2026-05-24T08:38:44.769Z [TXN-7KGM1S9P] [order-service] INFO Calling catalog-service for productId=4
2026-05-24T08:38:44.785Z [TXN-7KGM1S9P] [catalog-service] INFO Product fetched: Wonder Woman Poster
2026-05-24T08:38:44.784Z [TXN-7KGM1S9P] [order-service] INFO Order created: orderId=52, product=Wonder Woman Poster, amount=9.99
2026-05-24T08:38:44.785Z [TXN-7KGM1S9P] [order-service] INFO Calling notification-service for orderId=52
2026-05-24T08:38:44.802Z [TXN-7KGM1S9P] [notification-service] INFO Notification sent: ORD00052 — Wonder Woman Poster — $9.99
2026-05-24T08:38:44.800Z [TXN-7KGM1S9P] [order-service] INFO Notification sent for orderId=52
2026-05-24T08:38:46.072Z [TXN-7KGM1S9P] [catalog-service] INFO Category=Marvel: 4 products
2026-05-24T08:38:47.298Z [TXN-7KGM1S9P] [order-service] INFO Calling catalog-service for productId=8
2026-05-24T08:38:47.313Z [TXN-7KGM1S9P] [catalog-service] INFO Product fetched: Thor Hammer Replica
2026-05-24T08:38:47.313Z [TXN-7KGM1S9P] [order-service] INFO Order created: orderId=53, product=Thor Hammer Replica, amount=39.99
2026-05-24T08:38:47.313Z [TXN-7KGM1S9P] [order-service] INFO Calling notification-service for orderId=53
2026-05-24T08:38:47.328Z [TXN-7KGM1S9P] [notification-service] INFO Notification sent: ORD00053 — Thor Hammer Replica — $39.99
2026-05-24T08:38:47.329Z [TXN-7KGM1S9P] [order-service] INFO Notification sent for orderId=53
2026-05-24T08:38:48.123Z [TXN-7KGM1S9P] [order-service] INFO Calling catalog-service for productId=7
2026-05-24T08:38:48.139Z [TXN-7KGM1S9P] [catalog-service] INFO Product fetched: Hulk Poster
2026-05-24T08:38:48.137Z [TXN-7KGM1S9P] [order-service] INFO Order created: orderId=54, product=Hulk Poster, amount=9.99
2026-05-24T08:38:48.138Z [TXN-7KGM1S9P] [order-service] INFO Calling notification-service for orderId=54
2026-05-24T08:38:48.151Z [TXN-7KGM1S9P] [notification-service] INFO Notification sent: ORD00054 — Hulk Poster — $9.99
2026-05-24T08:38:48.149Z [TXN-7KGM1S9P] [order-service] INFO Notification sent for orderId=54
2026-05-24T08:38:49.275Z [TXN-7KGM1S9P] [order-service] INFO Calling catalog-service for productId=6
2026-05-24T08:38:49.289Z [TXN-7KGM1S9P] [catalog-service] INFO Product fetched: Spider-Man Toy
2026-05-24T08:38:49.288Z [TXN-7KGM1S9P] [order-service] INFO Order created: orderId=55, product=Spider-Man Toy, amount=17.99
2026-05-24T08:38:49.289Z [TXN-7KGM1S9P] [order-service] INFO Calling notification-service for orderId=55
2026-05-24T08:38:49.306Z [TXN-7KGM1S9P] [notification-service] INFO Notification sent: ORD00055 — Spider-Man Toy — $17.99
2026-05-24T08:38:49.306Z [TXN-7KGM1S9P] [order-service] INFO Notification sent for orderId=55
2026-05-24T08:38:50.114Z [TXN-7KGM1S9P] [order-service] INFO Calling catalog-service for productId=5
2026-05-24T08:38:50.131Z [TXN-7KGM1S9P] [catalog-service] INFO Product fetched: Iron Man Figure
2026-05-24T08:38:50.131Z [TXN-7KGM1S9P] [order-service] INFO Order created: orderId=56, product=Iron Man Figure, amount=29.99
2026-05-24T08:38:50.132Z [TXN-7KGM1S9P] [order-service] INFO Calling notification-service for orderId=56
2026-05-24T08:38:50.147Z [TXN-7KGM1S9P] [notification-service] INFO Notification sent: ORD00056 — Iron Man Figure — $29.99
2026-05-24T08:38:50.148Z [TXN-7KGM1S9P] [order-service] INFO Notification sent for orderId=56
2026-05-24T08:38:51.967Z [TXN-7KGM1S9P] [catalog-service] INFO Category=DC: 4 products
2026-05-24T08:38:53.107Z [TXN-7KGM1S9P] [order-service] INFO Calling catalog-service for productId=1
2026-05-24T08:38:53.123Z [TXN-7KGM1S9P] [catalog-service] INFO Product fetched: Batman Figure
2026-05-24T08:38:53.124Z [TXN-7KGM1S9P] [order-service] INFO Order created: orderId=57, product=Batman Figure, amount=24.99
2026-05-24T08:38:53.124Z [TXN-7KGM1S9P] [order-service] INFO Calling notification-service for orderId=57
2026-05-24T08:38:53.138Z [TXN-7KGM1S9P] [notification-service] INFO Notification sent: ORD00057 — Batman Figure — $24.99
2026-05-24T08:38:53.136Z [TXN-7KGM1S9P] [order-service] INFO Notification sent for orderId=57
2026-05-24T08:38:54.054Z [TXN-7KGM1S9P] [order-service] INFO Calling catalog-service for productId=2
2026-05-24T08:38:54.072Z [TXN-7KGM1S9P] [catalog-service] INFO Product fetched: Superman T-Shirt
2026-05-24T08:38:54.071Z [TXN-7KGM1S9P] [order-service] INFO Order created: orderId=58, product=Superman T-Shirt, amount=19.99
2026-05-24T08:38:54.071Z [TXN-7KGM1S9P] [order-service] INFO Calling notification-service for orderId=58
2026-05-24T08:38:54.087Z [TXN-7KGM1S9P] [notification-service] INFO Notification sent: ORD00058 — Superman T-Shirt — $19.99
2026-05-24T08:38:54.087Z [TXN-7KGM1S9P] [order-service] INFO Notification sent for orderId=58
2026-05-24T08:38:54.970Z [TXN-7KGM1S9P] [order-service] INFO Calling catalog-service for productId=3
2026-05-24T08:38:54.985Z [TXN-7KGM1S9P] [catalog-service] INFO Product fetched: Flash Toy
2026-05-24T08:38:54.985Z [TXN-7KGM1S9P] [order-service] INFO Order created: orderId=59, product=Flash Toy, amount=14.99
2026-05-24T08:38:54.986Z [TXN-7KGM1S9P] [order-service] INFO Calling notification-service for orderId=59
2026-05-24T08:38:55.001Z [TXN-7KGM1S9P] [notification-service] INFO Notification sent: ORD00059 — Flash Toy — $14.99
2026-05-24T08:38:55.000Z [TXN-7KGM1S9P] [order-service] INFO Notification sent for orderId=59
2026-05-24T08:38:56.634Z [TXN-7KGM1S9P] [order-service] INFO Calling catalog-service for productId=4
2026-05-24T08:38:56.649Z [TXN-7KGM1S9P] [catalog-service] INFO Product fetched: Wonder Woman Poster
2026-05-24T08:38:56.648Z [TXN-7KGM1S9P] [order-service] INFO Order created: orderId=60, product=Wonder Woman Poster, amount=9.99
2026-05-24T08:38:56.650Z [TXN-7KGM1S9P] [order-service] INFO Calling notification-service for orderId=60
2026-05-24T08:38:56.668Z [TXN-7KGM1S9P] [notification-service] INFO Notification sent: ORD00060 — Wonder Woman Poster — $9.99
2026-05-24T08:38:56.670Z [TXN-7KGM1S9P] [order-service] INFO Notification sent for orderId=60
2026-05-24T08:39:00.146Z [TXN-7KGM1S9P] [catalog-service] INFO Category=Marvel: 4 products
2026-05-24T08:39:01.107Z [TXN-7KGM1S9P] [order-service] INFO Calling catalog-service for productId=8
2026-05-24T08:39:01.125Z [TXN-7KGM1S9P] [catalog-service] INFO Product fetched: Thor Hammer Replica
2026-05-24T08:39:01.123Z [TXN-7KGM1S9P] [order-service] INFO Order created: orderId=61, product=Thor Hammer Replica, amount=39.99
2026-05-24T08:39:01.125Z [TXN-7KGM1S9P] [order-service] INFO Calling notification-service for orderId=61
2026-05-24T08:39:01.147Z [TXN-7KGM1S9P] [notification-service] INFO Notification sent: ORD00061 — Thor Hammer Replica — $39.99
2026-05-24T08:39:01.148Z [TXN-7KGM1S9P] [order-service] INFO Notification sent for orderId=61
2026-05-24T08:39:01.921Z [TXN-7KGM1S9P] [order-service] INFO Calling catalog-service for productId=7
2026-05-24T08:39:01.937Z [TXN-7KGM1S9P] [catalog-service] INFO Product fetched: Hulk Poster
2026-05-24T08:39:01.936Z [TXN-7KGM1S9P] [order-service] INFO Order created: orderId=62, product=Hulk Poster, amount=9.99
2026-05-24T08:39:01.937Z [TXN-7KGM1S9P] [order-service] INFO Calling notification-service for orderId=62
2026-05-24T08:39:01.953Z [TXN-7KGM1S9P] [notification-service] INFO Notification sent: ORD00062 — Hulk Poster — $9.99
2026-05-24T08:39:01.952Z [TXN-7KGM1S9P] [order-service] INFO Notification sent for orderId=62
2026-05-24T08:39:02.913Z [TXN-7KGM1S9P] [order-service] INFO Calling catalog-service for productId=6
2026-05-24T08:39:02.928Z [TXN-7KGM1S9P] [catalog-service] INFO Product fetched: Spider-Man Toy
2026-05-24T08:39:02.928Z [TXN-7KGM1S9P] [order-service] INFO Order created: orderId=63, product=Spider-Man Toy, amount=17.99
2026-05-24T08:39:02.928Z [TXN-7KGM1S9P] [order-service] INFO Calling notification-service for orderId=63
2026-05-24T08:39:02.943Z [TXN-7KGM1S9P] [notification-service] INFO Notification sent: ORD00063 — Spider-Man Toy — $17.99
2026-05-24T08:39:02.944Z [TXN-7KGM1S9P] [order-service] INFO Notification sent for orderId=63
2026-05-24T08:39:03.665Z [TXN-7KGM1S9P] [order-service] INFO Calling catalog-service for productId=5
2026-05-24T08:39:03.680Z [TXN-7KGM1S9P] [catalog-service] INFO Product fetched: Iron Man Figure
2026-05-24T08:39:03.678Z [TXN-7KGM1S9P] [order-service] INFO Order created: orderId=64, product=Iron Man Figure, amount=29.99
2026-05-24T08:39:03.679Z [TXN-7KGM1S9P] [order-service] INFO Calling notification-service for orderId=64
2026-05-24T08:39:03.695Z [TXN-7KGM1S9P] [notification-service] INFO Notification sent: ORD00064 — Iron Man Figure — $29.99
2026-05-24T08:39:03.696Z [TXN-7KGM1S9P] [order-service] INFO Notification sent for orderId=64
2026-05-24T08:39:06.017Z [TXN-7KGM1S9P] [cart-service] INFO Cart fetched: user=3, items=8
2026-05-24T08:39:08.929Z [TXN-7KGM1S9P] [cart-service] INFO Cart item removed: cartId=8
2026-05-24T08:39:08.941Z [TXN-7KGM1S9P] [cart-service] INFO Cart fetched: user=3, items=7
2026-05-24T08:39:09.552Z [TXN-7KGM1S9P] [cart-service] INFO Cart item removed: cartId=9
2026-05-24T08:39:09.563Z [TXN-7KGM1S9P] [cart-service] INFO Cart fetched: user=3, items=6
2026-05-24T08:39:09.935Z [TXN-7KGM1S9P] [cart-service] INFO Cart item removed: cartId=10
2026-05-24T08:39:09.945Z [TXN-7KGM1S9P] [cart-service] INFO Cart fetched: user=3, items=5
2026-05-24T08:39:10.151Z [TXN-7KGM1S9P] [cart-service] INFO Cart item removed: cartId=11
2026-05-24T08:39:10.161Z [TXN-7KGM1S9P] [cart-service] INFO Cart fetched: user=3, items=4
2026-05-24T08:39:10.351Z [TXN-7KGM1S9P] [cart-service] INFO Cart item removed: cartId=12
2026-05-24T08:39:10.367Z [TXN-7KGM1S9P] [cart-service] INFO Cart fetched: user=3, items=3
2026-05-24T08:39:10.536Z [TXN-7KGM1S9P] [cart-service] INFO Cart item removed: cartId=13
2026-05-24T08:39:10.546Z [TXN-7KGM1S9P] [cart-service] INFO Cart fetched: user=3, items=2
2026-05-24T08:39:10.976Z [TXN-7KGM1S9P] [cart-service] INFO Cart item removed: cartId=14
2026-05-24T08:39:10.988Z [TXN-7KGM1S9P] [cart-service] INFO Cart fetched: user=3, items=1
2026-05-24T08:39:11.391Z [TXN-7KGM1S9P] [cart-service] INFO Cart item removed: cartId=15
2026-05-24T08:39:11.401Z [TXN-7KGM1S9P] [cart-service] INFO Cart fetched: user=3, items=0
2026-05-24T08:41:41.890Z [TXN-7KGM1S9P] [catalog-service] INFO Category=DC: 4 products
2026-05-24T08:41:42.947Z [TXN-7KGM1S9P] [order-service] INFO Calling catalog-service for productId=1
2026-05-24T08:41:42.955Z [TXN-7KGM1S9P] [catalog-service] INFO Product fetched: Batman Figure
2026-05-24T08:41:42.965Z [TXN-7KGM1S9P] [order-service] INFO Order created: orderId=65, product=Batman Figure, amount=24.99
2026-05-24T08:41:42.966Z [TXN-7KGM1S9P] [order-service] INFO Calling notification-service for orderId=65
2026-05-24T08:41:42.978Z [TXN-7KGM1S9P] [notification-service] INFO Notification sent: ORD00065 — Batman Figure — $24.99
2026-05-24T08:41:42.982Z [TXN-7KGM1S9P] [order-service] INFO Notification sent for orderId=65
2026-05-24T08:41:43.910Z [TXN-7KGM1S9P] [order-service] INFO Calling catalog-service for productId=2
2026-05-24T08:41:43.918Z [TXN-7KGM1S9P] [catalog-service] INFO Product fetched: Superman T-Shirt
2026-05-24T08:41:43.927Z [TXN-7KGM1S9P] [order-service] INFO Order created: orderId=66, product=Superman T-Shirt, amount=19.99
2026-05-24T08:41:43.927Z [TXN-7KGM1S9P] [order-service] INFO Calling notification-service for orderId=66
2026-05-24T08:41:43.939Z [TXN-7KGM1S9P] [notification-service] INFO Notification sent: ORD00066 — Superman T-Shirt — $19.99
2026-05-24T08:41:43.942Z [TXN-7KGM1S9P] [order-service] INFO Notification sent for orderId=66
2026-05-24T08:41:45.374Z [TXN-7KGM1S9P] [order-service] INFO Calling catalog-service for productId=3
2026-05-24T08:41:45.381Z [TXN-7KGM1S9P] [catalog-service] INFO Product fetched: Flash Toy
2026-05-24T08:41:45.391Z [TXN-7KGM1S9P] [order-service] INFO Order created: orderId=67, product=Flash Toy, amount=14.99
2026-05-24T08:41:45.393Z [TXN-7KGM1S9P] [order-service] INFO Calling notification-service for orderId=67
2026-05-24T08:41:45.405Z [TXN-7KGM1S9P] [notification-service] INFO Notification sent: ORD00067 — Flash Toy — $14.99
2026-05-24T08:41:45.410Z [TXN-7KGM1S9P] [order-service] INFO Notification sent for orderId=67
2026-05-24T08:41:46.576Z [TXN-7KGM1S9P] [order-service] INFO Calling catalog-service for productId=4
2026-05-24T08:41:46.582Z [TXN-7KGM1S9P] [catalog-service] INFO Product fetched: Wonder Woman Poster
2026-05-24T08:41:46.590Z [TXN-7KGM1S9P] [order-service] INFO Order created: orderId=68, product=Wonder Woman Poster, amount=9.99
2026-05-24T08:41:46.591Z [TXN-7KGM1S9P] [order-service] INFO Calling notification-service for orderId=68
2026-05-24T08:41:46.603Z [TXN-7KGM1S9P] [notification-service] INFO Notification sent: ORD00068 — Wonder Woman Poster — $9.99
2026-05-24T08:41:46.608Z [TXN-7KGM1S9P] [order-service] INFO Notification sent for orderId=68
2026-05-24T08:41:46.966Z [TXN-7KGM1S9P] [order-service] INFO Calling catalog-service for productId=4
2026-05-24T08:41:46.974Z [TXN-7KGM1S9P] [catalog-service] INFO Product fetched: Wonder Woman Poster
2026-05-24T08:41:46.982Z [TXN-7KGM1S9P] [order-service] INFO Order created: orderId=69, product=Wonder Woman Poster, amount=9.99
2026-05-24T08:41:46.983Z [TXN-7KGM1S9P] [order-service] INFO Calling notification-service for orderId=69
2026-05-24T08:41:46.994Z [TXN-7KGM1S9P] [notification-service] INFO Notification sent: ORD00069 — Wonder Woman Poster — $9.99
2026-05-24T08:41:46.997Z [TXN-7KGM1S9P] [order-service] INFO Notification sent for orderId=69
2026-05-24T08:41:47.382Z [TXN-7KGM1S9P] [order-service] INFO Calling catalog-service for productId=4
2026-05-24T08:41:47.390Z [TXN-7KGM1S9P] [catalog-service] INFO Product fetched: Wonder Woman Poster
2026-05-24T08:41:47.404Z [TXN-7KGM1S9P] [order-service] INFO Order created: orderId=70, product=Wonder Woman Poster, amount=9.99
2026-05-24T08:41:47.405Z [TXN-7KGM1S9P] [order-service] INFO Calling notification-service for orderId=70
2026-05-24T08:41:47.416Z [TXN-7KGM1S9P] [notification-service] INFO Notification sent: ORD00070 — Wonder Woman Poster — $9.99
2026-05-24T08:41:47.420Z [TXN-7KGM1S9P] [order-service] INFO Notification sent for orderId=70
2026-05-24T08:41:47.575Z [TXN-7KGM1S9P] [order-service] INFO Calling catalog-service for productId=4
2026-05-24T08:41:47.581Z [TXN-7KGM1S9P] [catalog-service] INFO Product fetched: Wonder Woman Poster
2026-05-24T08:41:47.590Z [TXN-7KGM1S9P] [order-service] INFO Order created: orderId=71, product=Wonder Woman Poster, amount=9.99
2026-05-24T08:41:47.591Z [TXN-7KGM1S9P] [order-service] INFO Calling notification-service for orderId=71
2026-05-24T08:41:47.601Z [TXN-7KGM1S9P] [notification-service] INFO Notification sent: ORD00071 — Wonder Woman Poster — $9.99
2026-05-24T08:41:47.607Z [TXN-7KGM1S9P] [order-service] INFO Notification sent for orderId=71
2026-05-24T08:41:47.766Z [TXN-7KGM1S9P] [order-service] INFO Calling catalog-service for productId=4
2026-05-24T08:41:47.773Z [TXN-7KGM1S9P] [catalog-service] INFO Product fetched: Wonder Woman Poster
2026-05-24T08:41:47.782Z [TXN-7KGM1S9P] [order-service] INFO Order created: orderId=72, product=Wonder Woman Poster, amount=9.99
2026-05-24T08:41:47.782Z [TXN-7KGM1S9P] [order-service] INFO Calling notification-service for orderId=72
2026-05-24T08:41:47.792Z [TXN-7KGM1S9P] [notification-service] INFO Notification sent: ORD00072 — Wonder Woman Poster — $9.99
2026-05-24T08:41:47.795Z [TXN-7KGM1S9P] [order-service] INFO Notification sent for orderId=72
2026-05-24T08:41:47.934Z [TXN-7KGM1S9P] [order-service] INFO Calling catalog-service for productId=4
2026-05-24T08:41:47.942Z [TXN-7KGM1S9P] [catalog-service] INFO Product fetched: Wonder Woman Poster
2026-05-24T08:41:47.949Z [TXN-7KGM1S9P] [order-service] INFO Order created: orderId=73, product=Wonder Woman Poster, amount=9.99
2026-05-24T08:41:47.950Z [TXN-7KGM1S9P] [order-service] INFO Calling notification-service for orderId=73
2026-05-24T08:41:47.961Z [TXN-7KGM1S9P] [notification-service] INFO Notification sent: ORD00073 — Wonder Woman Poster — $9.99
2026-05-24T08:41:47.965Z [TXN-7KGM1S9P] [order-service] INFO Notification sent for orderId=73
2026-05-24T08:41:48.095Z [TXN-7KGM1S9P] [order-service] INFO Calling catalog-service for productId=4
2026-05-24T08:41:48.101Z [TXN-7KGM1S9P] [catalog-service] INFO Product fetched: Wonder Woman Poster
2026-05-24T08:41:48.110Z [TXN-7KGM1S9P] [order-service] INFO Order created: orderId=74, product=Wonder Woman Poster, amount=9.99
2026-05-24T08:41:48.111Z [TXN-7KGM1S9P] [order-service] INFO Calling notification-service for orderId=74
2026-05-24T08:41:48.121Z [TXN-7KGM1S9P] [notification-service] INFO Notification sent: ORD00074 — Wonder Woman Poster — $9.99
2026-05-24T08:41:48.124Z [TXN-7KGM1S9P] [order-service] INFO Notification sent for orderId=74
2026-05-24T08:41:48.262Z [TXN-7KGM1S9P] [order-service] INFO Calling catalog-service for productId=4
2026-05-24T08:41:48.268Z [TXN-7KGM1S9P] [catalog-service] INFO Product fetched: Wonder Woman Poster
2026-05-24T08:41:48.276Z [TXN-7KGM1S9P] [order-service] INFO Order created: orderId=75, product=Wonder Woman Poster, amount=9.99
2026-05-24T08:41:48.277Z [TXN-7KGM1S9P] [order-service] INFO Calling notification-service for orderId=75
2026-05-24T08:41:48.288Z [TXN-7KGM1S9P] [notification-service] INFO Notification sent: ORD00075 — Wonder Woman Poster — $9.99
2026-05-24T08:41:48.292Z [TXN-7KGM1S9P] [order-service] INFO Notification sent for orderId=75
2026-05-24T08:41:48.422Z [TXN-7KGM1S9P] [order-service] INFO Calling catalog-service for productId=4
2026-05-24T08:41:48.429Z [TXN-7KGM1S9P] [catalog-service] INFO Product fetched: Wonder Woman Poster
2026-05-24T08:41:48.465Z [TXN-7KGM1S9P] [order-service] INFO Order created: orderId=76, product=Wonder Woman Poster, amount=9.99
2026-05-24T08:41:48.466Z [TXN-7KGM1S9P] [order-service] INFO Calling notification-service for orderId=76
2026-05-24T08:41:48.478Z [TXN-7KGM1S9P] [notification-service] INFO Notification sent: ORD00076 — Wonder Woman Poster — $9.99
2026-05-24T08:41:48.483Z [TXN-7KGM1S9P] [order-service] INFO Notification sent for orderId=76
2026-05-24T08:41:48.591Z [TXN-7KGM1S9P] [order-service] INFO Calling catalog-service for productId=4
2026-05-24T08:41:48.597Z [TXN-7KGM1S9P] [catalog-service] INFO Product fetched: Wonder Woman Poster
2026-05-24T08:41:48.606Z [TXN-7KGM1S9P] [order-service] INFO Order created: orderId=77, product=Wonder Woman Poster, amount=9.99
2026-05-24T08:41:48.606Z [TXN-7KGM1S9P] [order-service] INFO Calling notification-service for orderId=77
2026-05-24T08:41:48.616Z [TXN-7KGM1S9P] [notification-service] INFO Notification sent: ORD00077 — Wonder Woman Poster — $9.99
2026-05-24T08:41:48.619Z [TXN-7KGM1S9P] [order-service] INFO Notification sent for orderId=77
2026-05-24T08:41:48.765Z [TXN-7KGM1S9P] [order-service] INFO Calling catalog-service for productId=4
2026-05-24T08:41:48.772Z [TXN-7KGM1S9P] [catalog-service] INFO Product fetched: Wonder Woman Poster
2026-05-24T08:41:48.779Z [TXN-7KGM1S9P] [order-service] INFO Order created: orderId=78, product=Wonder Woman Poster, amount=9.99
2026-05-24T08:41:48.780Z [TXN-7KGM1S9P] [order-service] INFO Calling notification-service for orderId=78
2026-05-24T08:41:48.789Z [TXN-7KGM1S9P] [notification-service] INFO Notification sent: ORD00078 — Wonder Woman Poster — $9.99
2026-05-24T08:41:48.792Z [TXN-7KGM1S9P] [order-service] INFO Notification sent for orderId=78
2026-05-24T08:41:48.926Z [TXN-7KGM1S9P] [order-service] INFO Calling catalog-service for productId=4
2026-05-24T08:41:48.932Z [TXN-7KGM1S9P] [catalog-service] INFO Product fetched: Wonder Woman Poster
2026-05-24T08:41:48.940Z [TXN-7KGM1S9P] [order-service] INFO Order created: orderId=79, product=Wonder Woman Poster, amount=9.99
2026-05-24T08:41:48.941Z [TXN-7KGM1S9P] [order-service] INFO Calling notification-service for orderId=79
2026-05-24T08:41:48.950Z [TXN-7KGM1S9P] [notification-service] INFO Notification sent: ORD00079 — Wonder Woman Poster — $9.99
2026-05-24T08:41:48.956Z [TXN-7KGM1S9P] [order-service] INFO Notification sent for orderId=79
2026-05-24T08:41:49.102Z [TXN-7KGM1S9P] [order-service] INFO Calling catalog-service for productId=4
2026-05-24T08:41:49.111Z [TXN-7KGM1S9P] [catalog-service] INFO Product fetched: Wonder Woman Poster
2026-05-24T08:41:49.118Z [TXN-7KGM1S9P] [order-service] INFO Order created: orderId=80, product=Wonder Woman Poster, amount=9.99
2026-05-24T08:41:49.119Z [TXN-7KGM1S9P] [order-service] INFO Calling notification-service for orderId=80
2026-05-24T08:41:49.129Z [TXN-7KGM1S9P] [notification-service] INFO Notification sent: ORD00080 — Wonder Woman Poster — $9.99
2026-05-24T08:41:49.133Z [TXN-7KGM1S9P] [order-service] INFO Notification sent for orderId=80
2026-05-24T08:41:49.278Z [TXN-7KGM1S9P] [order-service] INFO Calling catalog-service for productId=4
2026-05-24T08:41:49.283Z [TXN-7KGM1S9P] [catalog-service] INFO Product fetched: Wonder Woman Poster
2026-05-24T08:41:49.291Z [TXN-7KGM1S9P] [order-service] INFO Order created: orderId=81, product=Wonder Woman Poster, amount=9.99
2026-05-24T08:41:49.292Z [TXN-7KGM1S9P] [order-service] INFO Calling notification-service for orderId=81
2026-05-24T08:41:49.301Z [TXN-7KGM1S9P] [notification-service] INFO Notification sent: ORD00081 — Wonder Woman Poster — $9.99
2026-05-24T08:41:49.306Z [TXN-7KGM1S9P] [order-service] INFO Notification sent for orderId=81
2026-05-24T08:41:50.982Z [TXN-7KGM1S9P] [order-service] INFO Calling catalog-service for productId=4
2026-05-24T08:41:50.989Z [TXN-7KGM1S9P] [catalog-service] INFO Product fetched: Wonder Woman Poster
2026-05-24T08:41:50.996Z [TXN-7KGM1S9P] [order-service] INFO Order created: orderId=82, product=Wonder Woman Poster, amount=9.99
2026-05-24T08:41:50.997Z [TXN-7KGM1S9P] [order-service] INFO Calling notification-service for orderId=82
2026-05-24T08:41:51.006Z [TXN-7KGM1S9P] [notification-service] INFO Notification sent: ORD00082 — Wonder Woman Poster — $9.99
2026-05-24T08:41:51.009Z [TXN-7KGM1S9P] [order-service] INFO Notification sent for orderId=82
2026-05-24T08:41:53.737Z [TXN-7KGM1S9P] [catalog-service] INFO Category=Marvel: 4 products
2026-05-24T08:41:54.849Z [TXN-7KGM1S9P] [order-service] INFO Calling catalog-service for productId=5
2026-05-24T08:41:54.857Z [TXN-7KGM1S9P] [catalog-service] INFO Product fetched: Iron Man Figure
2026-05-24T08:41:54.865Z [TXN-7KGM1S9P] [order-service] INFO Order created: orderId=83, product=Iron Man Figure, amount=29.99
2026-05-24T08:41:54.866Z [TXN-7KGM1S9P] [order-service] INFO Calling notification-service for orderId=83
2026-05-24T08:41:54.876Z [TXN-7KGM1S9P] [notification-service] INFO Notification sent: ORD00083 — Iron Man Figure — $29.99
2026-05-24T08:41:54.878Z [TXN-7KGM1S9P] [order-service] INFO Notification sent for orderId=83
2026-05-24T08:41:55.710Z [TXN-7KGM1S9P] [order-service] INFO Calling catalog-service for productId=6
2026-05-24T08:41:55.715Z [TXN-7KGM1S9P] [catalog-service] INFO Product fetched: Spider-Man Toy
2026-05-24T08:41:55.726Z [TXN-7KGM1S9P] [order-service] INFO Order created: orderId=84, product=Spider-Man Toy, amount=17.99
2026-05-24T08:41:55.727Z [TXN-7KGM1S9P] [order-service] INFO Calling notification-service for orderId=84
2026-05-24T08:41:55.736Z [TXN-7KGM1S9P] [notification-service] INFO Notification sent: ORD00084 — Spider-Man Toy — $17.99
2026-05-24T08:41:55.742Z [TXN-7KGM1S9P] [order-service] INFO Notification sent for orderId=84
2026-05-24T08:41:56.654Z [TXN-7KGM1S9P] [order-service] INFO Calling catalog-service for productId=7
2026-05-24T08:41:56.659Z [TXN-7KGM1S9P] [catalog-service] INFO Product fetched: Hulk Poster
2026-05-24T08:41:56.670Z [TXN-7KGM1S9P] [order-service] INFO Order created: orderId=85, product=Hulk Poster, amount=9.99
2026-05-24T08:41:56.670Z [TXN-7KGM1S9P] [order-service] INFO Calling notification-service for orderId=85
2026-05-24T08:41:56.680Z [TXN-7KGM1S9P] [notification-service] INFO Notification sent: ORD00085 — Hulk Poster — $9.99
2026-05-24T08:41:56.683Z [TXN-7KGM1S9P] [order-service] INFO Notification sent for orderId=85
2026-05-24T08:41:58.022Z [TXN-7KGM1S9P] [order-service] INFO Calling catalog-service for productId=8
2026-05-24T08:41:58.028Z [TXN-7KGM1S9P] [catalog-service] INFO Product fetched: Thor Hammer Replica
2026-05-24T08:41:58.037Z [TXN-7KGM1S9P] [order-service] INFO Order created: orderId=86, product=Thor Hammer Replica, amount=39.99
2026-05-24T08:41:58.038Z [TXN-7KGM1S9P] [order-service] INFO Calling notification-service for orderId=86
2026-05-24T08:41:58.048Z [TXN-7KGM1S9P] [notification-service] INFO Notification sent: ORD00086 — Thor Hammer Replica — $39.99
2026-05-24T08:41:58.052Z [TXN-7KGM1S9P] [order-service] INFO Notification sent for orderId=86
2026-05-24T08:42:01.238Z [TXN-7KGM1S9P] [catalog-service] INFO Category=Marvel: 4 products
2026-05-24T08:42:48.269Z [TXN-7KGM1S9P] [order-service] INFO Calling catalog-service for productId=5
2026-05-24T08:42:48.275Z [TXN-7KGM1S9P] [catalog-service] INFO Product fetched: Iron Man Figure
2026-05-24T08:42:48.287Z [TXN-7KGM1S9P] [order-service] INFO Order created: orderId=87, product=Iron Man Figure, amount=29.99
2026-05-24T08:42:48.288Z [TXN-7KGM1S9P] [order-service] INFO Calling notification-service for orderId=87
2026-05-24T08:42:48.290Z [TXN-7KGM1S9P] [notification-service] INFO Notification sent: ORD00087 — Iron Man Figure — $29.99
2026-05-24T08:42:48.306Z [TXN-7KGM1S9P] [order-service] INFO Notification sent for orderId=87
2026-05-24T08:42:49.719Z [TXN-7KGM1S9P] [order-service] INFO Calling catalog-service for productId=6
2026-05-24T08:42:49.724Z [TXN-7KGM1S9P] [catalog-service] INFO Product fetched: Spider-Man Toy
2026-05-24T08:42:49.734Z [TXN-7KGM1S9P] [order-service] INFO Order created: orderId=88, product=Spider-Man Toy, amount=17.99
2026-05-24T08:42:49.735Z [TXN-7KGM1S9P] [order-service] INFO Calling notification-service for orderId=88
2026-05-24T08:42:49.735Z [TXN-7KGM1S9P] [notification-service] INFO Notification sent: ORD00088 — Spider-Man Toy — $17.99
2026-05-24T08:42:49.749Z [TXN-7KGM1S9P] [order-service] INFO Notification sent for orderId=88
2026-05-24T08:42:50.671Z [TXN-7KGM1S9P] [order-service] INFO Calling catalog-service for productId=7
2026-05-24T08:42:50.677Z [TXN-7KGM1S9P] [catalog-service] INFO Product fetched: Hulk Poster
2026-05-24T08:42:50.686Z [TXN-7KGM1S9P] [order-service] INFO Order created: orderId=89, product=Hulk Poster, amount=9.99
2026-05-24T08:42:50.686Z [TXN-7KGM1S9P] [order-service] INFO Calling notification-service for orderId=89
2026-05-24T08:42:50.685Z [TXN-7KGM1S9P] [notification-service] INFO Notification sent: ORD00089 — Hulk Poster — $9.99
2026-05-24T08:42:50.699Z [TXN-7KGM1S9P] [order-service] INFO Notification sent for orderId=89
2026-05-24T08:42:51.663Z [TXN-7KGM1S9P] [order-service] INFO Calling catalog-service for productId=8
2026-05-24T08:42:51.671Z [TXN-7KGM1S9P] [catalog-service] INFO Product fetched: Thor Hammer Replica
2026-05-24T08:42:51.680Z [TXN-7KGM1S9P] [order-service] INFO Order created: orderId=90, product=Thor Hammer Replica, amount=39.99
2026-05-24T08:42:51.680Z [TXN-7KGM1S9P] [order-service] INFO Calling notification-service for orderId=90
2026-05-24T08:42:51.681Z [TXN-7KGM1S9P] [notification-service] INFO Notification sent: ORD00090 — Thor Hammer Replica — $39.99
2026-05-24T08:42:51.695Z [TXN-7KGM1S9P] [order-service] INFO Notification sent for orderId=90
2026-05-24T08:42:54.228Z [TXN-7KGM1S9P] [catalog-service] INFO Category=DC: 4 products
2026-05-24T08:42:55.401Z [TXN-7KGM1S9P] [order-service] INFO Calling catalog-service for productId=1
2026-05-24T08:42:55.408Z [TXN-7KGM1S9P] [catalog-service] INFO Product fetched: Batman Figure
2026-05-24T08:42:55.416Z [TXN-7KGM1S9P] [order-service] INFO Order created: orderId=91, product=Batman Figure, amount=24.99
2026-05-24T08:42:55.416Z [TXN-7KGM1S9P] [order-service] INFO Calling notification-service for orderId=91
2026-05-24T08:42:55.415Z [TXN-7KGM1S9P] [notification-service] INFO Notification sent: ORD00091 — Batman Figure — $24.99
2026-05-24T08:42:55.429Z [TXN-7KGM1S9P] [order-service] INFO Notification sent for orderId=91
2026-05-24T08:42:56.271Z [TXN-7KGM1S9P] [order-service] INFO Calling catalog-service for productId=2
2026-05-24T08:42:56.276Z [TXN-7KGM1S9P] [catalog-service] INFO Product fetched: Superman T-Shirt
2026-05-24T08:42:56.285Z [TXN-7KGM1S9P] [order-service] INFO Order created: orderId=92, product=Superman T-Shirt, amount=19.99
2026-05-24T08:42:56.288Z [TXN-7KGM1S9P] [order-service] INFO Calling notification-service for orderId=92
2026-05-24T08:42:56.286Z [TXN-7KGM1S9P] [notification-service] INFO Notification sent: ORD00092 — Superman T-Shirt — $19.99
2026-05-24T08:42:56.301Z [TXN-7KGM1S9P] [order-service] INFO Notification sent for orderId=92
2026-05-24T08:42:57.407Z [TXN-7KGM1S9P] [order-service] INFO Calling catalog-service for productId=3
2026-05-24T08:42:57.412Z [TXN-7KGM1S9P] [catalog-service] INFO Product fetched: Flash Toy
2026-05-24T08:42:57.420Z [TXN-7KGM1S9P] [order-service] INFO Order created: orderId=93, product=Flash Toy, amount=14.99
2026-05-24T08:42:57.421Z [TXN-7KGM1S9P] [order-service] INFO Calling notification-service for orderId=93
2026-05-24T08:42:57.420Z [TXN-7KGM1S9P] [notification-service] INFO Notification sent: ORD00093 — Flash Toy — $14.99
2026-05-24T08:42:57.434Z [TXN-7KGM1S9P] [order-service] INFO Notification sent for orderId=93
2026-05-24T08:42:58.190Z [TXN-7KGM1S9P] [order-service] INFO Calling catalog-service for productId=4
2026-05-24T08:42:58.195Z [TXN-7KGM1S9P] [catalog-service] INFO Product fetched: Wonder Woman Poster
2026-05-24T08:42:58.203Z [TXN-7KGM1S9P] [order-service] INFO Order created: orderId=94, product=Wonder Woman Poster, amount=9.99
2026-05-24T08:42:58.204Z [TXN-7KGM1S9P] [order-service] INFO Calling notification-service for orderId=94
2026-05-24T08:42:58.203Z [TXN-7KGM1S9P] [notification-service] INFO Notification sent: ORD00094 — Wonder Woman Poster — $9.99
2026-05-24T08:42:58.216Z [TXN-7KGM1S9P] [order-service] INFO Notification sent for orderId=94
2026-05-24T08:45:48.058Z [TXN-7KGM1S9P] [order-service] INFO Calling catalog-service for productId=1
2026-05-24T08:45:48.067Z [TXN-7KGM1S9P] [catalog-service] INFO Product fetched: Batman Figure
2026-05-24T08:45:48.078Z [TXN-7KGM1S9P] [order-service] INFO Order created: orderId=95, product=Batman Figure, amount=24.99
2026-05-24T08:45:48.079Z [TXN-7KGM1S9P] [order-service] INFO Calling notification-service for orderId=95
2026-05-24T08:45:48.084Z [TXN-7KGM1S9P] [notification-service] INFO Notification sent: ORD00095 — Batman Figure — $24.99
2026-05-24T08:45:48.092Z [TXN-7KGM1S9P] [order-service] INFO Notification sent for orderId=95
2026-05-24T08:45:48.751Z [TXN-7KGM1S9P] [order-service] INFO Calling catalog-service for productId=2
2026-05-24T08:45:48.756Z [TXN-7KGM1S9P] [catalog-service] INFO Product fetched: Superman T-Shirt
2026-05-24T08:45:48.763Z [TXN-7KGM1S9P] [order-service] INFO Order created: orderId=96, product=Superman T-Shirt, amount=19.99
2026-05-24T08:45:48.763Z [TXN-7KGM1S9P] [order-service] INFO Calling notification-service for orderId=96
2026-05-24T08:45:48.767Z [TXN-7KGM1S9P] [notification-service] INFO Notification sent: ORD00096 — Superman T-Shirt — $19.99
2026-05-24T08:45:48.774Z [TXN-7KGM1S9P] [order-service] INFO Notification sent for orderId=96
2026-05-24T08:45:49.551Z [TXN-7KGM1S9P] [order-service] INFO Calling catalog-service for productId=3
2026-05-24T08:45:49.556Z [TXN-7KGM1S9P] [catalog-service] INFO Product fetched: Flash Toy
2026-05-24T08:45:49.567Z [TXN-7KGM1S9P] [order-service] INFO Order created: orderId=97, product=Flash Toy, amount=14.99
2026-05-24T08:45:49.568Z [TXN-7KGM1S9P] [order-service] INFO Calling notification-service for orderId=97
2026-05-24T08:45:49.574Z [TXN-7KGM1S9P] [notification-service] INFO Notification sent: ORD00097 — Flash Toy — $14.99
2026-05-24T08:45:49.588Z [TXN-7KGM1S9P] [order-service] INFO Notification sent for orderId=97
2026-05-24T08:45:50.422Z [TXN-7KGM1S9P] [order-service] INFO Calling catalog-service for productId=4
2026-05-24T08:45:50.427Z [TXN-7KGM1S9P] [catalog-service] INFO Product fetched: Wonder Woman Poster
2026-05-24T08:45:50.437Z [TXN-7KGM1S9P] [order-service] INFO Order created: orderId=98, product=Wonder Woman Poster, amount=9.99
2026-05-24T08:45:50.438Z [TXN-7KGM1S9P] [order-service] INFO Calling notification-service for orderId=98
2026-05-24T08:45:50.440Z [TXN-7KGM1S9P] [notification-service] INFO Notification sent: ORD00098 — Wonder Woman Poster — $9.99
2026-05-24T08:45:50.449Z [TXN-7KGM1S9P] [order-service] INFO Notification sent for orderId=98
2026-05-24T08:45:52.001Z [TXN-7KGM1S9P] [catalog-service] INFO Category=Marvel: 4 products
2026-05-24T08:45:53.817Z [TXN-7KGM1S9P] [order-service] INFO Calling catalog-service for productId=5
2026-05-24T08:45:53.822Z [TXN-7KGM1S9P] [catalog-service] INFO Product fetched: Iron Man Figure
2026-05-24T08:45:53.831Z [TXN-7KGM1S9P] [order-service] INFO Order created: orderId=99, product=Iron Man Figure, amount=29.99
2026-05-24T08:45:53.832Z [TXN-7KGM1S9P] [order-service] INFO Calling notification-service for orderId=99
2026-05-24T08:45:53.837Z [TXN-7KGM1S9P] [notification-service] INFO Notification sent: ORD00099 — Iron Man Figure — $29.99
2026-05-24T08:45:53.846Z [TXN-7KGM1S9P] [order-service] INFO Notification sent for orderId=99
2026-05-24T08:45:55.297Z [TXN-7KGM1S9P] [order-service] INFO Calling catalog-service for productId=6
2026-05-24T08:45:55.303Z [TXN-7KGM1S9P] [catalog-service] INFO Product fetched: Spider-Man Toy
2026-05-24T08:45:55.314Z [TXN-7KGM1S9P] [order-service] INFO Order created: orderId=100, product=Spider-Man Toy, amount=17.99
2026-05-24T08:45:55.315Z [TXN-7KGM1S9P] [order-service] INFO Calling notification-service for orderId=100
2026-05-24T08:45:55.320Z [TXN-7KGM1S9P] [notification-service] INFO Notification sent: ORD00100 — Spider-Man Toy — $17.99
2026-05-24T08:45:55.329Z [TXN-7KGM1S9P] [order-service] INFO Notification sent for orderId=100
2026-05-24T08:45:56.511Z [TXN-7KGM1S9P] [order-service] INFO Calling catalog-service for productId=7
2026-05-24T08:45:56.518Z [TXN-7KGM1S9P] [catalog-service] INFO Product fetched: Hulk Poster
2026-05-24T08:45:56.527Z [TXN-7KGM1S9P] [order-service] INFO Order created: orderId=101, product=Hulk Poster, amount=9.99
2026-05-24T08:45:56.527Z [TXN-7KGM1S9P] [order-service] INFO Calling notification-service for orderId=101
2026-05-24T08:45:56.532Z [TXN-7KGM1S9P] [notification-service] INFO Notification sent: ORD00101 — Hulk Poster — $9.99
2026-05-24T08:45:56.543Z [TXN-7KGM1S9P] [order-service] INFO Notification sent for orderId=101
2026-05-24T08:45:57.390Z [TXN-7KGM1S9P] [order-service] INFO Calling catalog-service for productId=8
2026-05-24T08:45:57.397Z [TXN-7KGM1S9P] [catalog-service] INFO Product fetched: Thor Hammer Replica
2026-05-24T08:45:57.407Z [TXN-7KGM1S9P] [order-service] INFO Order created: orderId=102, product=Thor Hammer Replica, amount=39.99
2026-05-24T08:45:57.408Z [TXN-7KGM1S9P] [order-service] INFO Calling notification-service for orderId=102
2026-05-24T08:45:57.410Z [TXN-7KGM1S9P] [notification-service] INFO Notification sent: ORD00102 — Thor Hammer Replica — $39.99
2026-05-24T08:45:57.421Z [TXN-7KGM1S9P] [order-service] INFO Notification sent for orderId=102
2026-05-24T08:45:58.796Z [TXN-7KGM1S9P] [cart-service] INFO Added to cart: user=3, product=7
2026-05-24T08:46:00.406Z [TXN-7KGM1S9P] [cart-service] INFO Added to cart: user=3, product=6
2026-05-24T08:46:01.110Z [TXN-7KGM1S9P] [cart-service] INFO Added to cart: user=3, product=5
2026-05-24T08:46:02.204Z [TXN-7KGM1S9P] [cart-service] INFO Added to cart: user=3, product=8
2026-05-24T08:46:03.745Z [TXN-7KGM1S9P] [order-service] INFO Calling catalog-service for productId=8
2026-05-24T08:46:03.751Z [TXN-7KGM1S9P] [catalog-service] INFO Product fetched: Thor Hammer Replica
2026-05-24T08:46:03.760Z [TXN-7KGM1S9P] [order-service] INFO Order created: orderId=103, product=Thor Hammer Replica, amount=39.99
2026-05-24T08:46:03.760Z [TXN-7KGM1S9P] [order-service] INFO Calling notification-service for orderId=103
2026-05-24T08:46:03.768Z [TXN-7KGM1S9P] [notification-service] INFO Notification sent: ORD00103 — Thor Hammer Replica — $39.99
2026-05-24T08:46:03.777Z [TXN-7KGM1S9P] [order-service] INFO Notification sent for orderId=103
2026-05-24T08:46:05.038Z [TXN-7KGM1S9P] [order-service] INFO Calling catalog-service for productId=7
2026-05-24T08:46:05.043Z [TXN-7KGM1S9P] [catalog-service] INFO Product fetched: Hulk Poster
2026-05-24T08:46:05.051Z [TXN-7KGM1S9P] [order-service] INFO Order created: orderId=104, product=Hulk Poster, amount=9.99
2026-05-24T08:46:05.052Z [TXN-7KGM1S9P] [order-service] INFO Calling notification-service for orderId=104
2026-05-24T08:46:05.055Z [TXN-7KGM1S9P] [notification-service] INFO Notification sent: ORD00104 — Hulk Poster — $9.99
2026-05-24T08:46:05.065Z [TXN-7KGM1S9P] [order-service] INFO Notification sent for orderId=104
2026-05-24T08:46:05.777Z [TXN-7KGM1S9P] [cart-service] INFO Added to cart: user=3, product=6
2026-05-24T08:47:48.522Z [TXN-7KGM1S9P] [cart-service] INFO Added to cart: user=3, product=6
2026-05-24T08:47:50.292Z [TXN-7KGM1S9P] [cart-service] INFO Added to cart: user=3, product=6
2026-05-24T08:47:50.869Z [TXN-7KGM1S9P] [cart-service] INFO Added to cart: user=3, product=6
2026-05-24T08:47:51.140Z [TXN-7KGM1S9P] [cart-service] INFO Added to cart: user=3, product=6
2026-05-24T08:47:51.348Z [TXN-7KGM1S9P] [cart-service] INFO Added to cart: user=3, product=6
2026-05-24T08:47:51.516Z [TXN-7KGM1S9P] [cart-service] INFO Added to cart: user=3, product=6
2026-05-24T08:47:51.708Z [TXN-7KGM1S9P] [cart-service] INFO Added to cart: user=3, product=6
2026-05-24T08:47:51.861Z [TXN-7KGM1S9P] [cart-service] INFO Added to cart: user=3, product=6
2026-05-24T08:47:52.039Z [TXN-7KGM1S9P] [cart-service] INFO Added to cart: user=3, product=6
2026-05-24T08:47:52.221Z [TXN-7KGM1S9P] [cart-service] INFO Added to cart: user=3, product=6
2026-05-24T08:47:52.380Z [TXN-7KGM1S9P] [cart-service] INFO Added to cart: user=3, product=6
2026-05-24T08:47:54.056Z [TXN-7KGM1S9P] [cart-service] INFO Added to cart: user=3, product=7
2026-05-24T08:50:02.747Z [TXN-7KGM1S9P] [order-service] INFO Calling catalog-service for productId=6
2026-05-24T08:50:02.755Z [TXN-7KGM1S9P] [catalog-service] INFO Product fetched: Spider-Man Toy
2026-05-24T08:50:02.764Z [TXN-7KGM1S9P] [order-service] INFO Order created: orderId=105, product=Spider-Man Toy, amount=17.99
2026-05-24T08:50:02.765Z [TXN-7KGM1S9P] [order-service] INFO Calling notification-service for orderId=105
2026-05-24T08:50:02.770Z [TXN-7KGM1S9P] [notification-service] INFO Notification sent: ORD00105 — Spider-Man Toy — $17.99
2026-05-24T08:50:02.777Z [TXN-7KGM1S9P] [order-service] INFO Notification sent for orderId=105
2026-05-24T08:50:03.567Z [TXN-7KGM1S9P] [order-service] INFO Calling catalog-service for productId=5
2026-05-24T08:50:03.571Z [TXN-7KGM1S9P] [catalog-service] INFO Product fetched: Iron Man Figure
2026-05-24T08:50:03.578Z [TXN-7KGM1S9P] [order-service] INFO Order created: orderId=106, product=Iron Man Figure, amount=29.99
2026-05-24T08:50:03.580Z [TXN-7KGM1S9P] [order-service] INFO Calling notification-service for orderId=106
2026-05-24T08:50:03.585Z [TXN-7KGM1S9P] [notification-service] INFO Notification sent: ORD00106 — Iron Man Figure — $29.99
2026-05-24T08:50:03.592Z [TXN-7KGM1S9P] [order-service] INFO Notification sent for orderId=106
2026-05-24T08:50:04.399Z [TXN-7KGM1S9P] [order-service] INFO Calling catalog-service for productId=7
2026-05-24T08:50:04.407Z [TXN-7KGM1S9P] [catalog-service] INFO Product fetched: Hulk Poster
2026-05-24T08:50:04.415Z [TXN-7KGM1S9P] [order-service] INFO Order created: orderId=107, product=Hulk Poster, amount=9.99
2026-05-24T08:50:04.416Z [TXN-7KGM1S9P] [order-service] INFO Calling notification-service for orderId=107
2026-05-24T08:50:04.420Z [TXN-7KGM1S9P] [notification-service] INFO Notification sent: ORD00107 — Hulk Poster — $9.99
2026-05-24T08:50:04.430Z [TXN-7KGM1S9P] [order-service] INFO Notification sent for orderId=107
2026-05-24T08:50:05.286Z [TXN-7KGM1S9P] [order-service] INFO Calling catalog-service for productId=8
2026-05-24T08:50:05.293Z [TXN-7KGM1S9P] [catalog-service] INFO Product fetched: Thor Hammer Replica
2026-05-24T08:50:05.302Z [TXN-7KGM1S9P] [order-service] INFO Order created: orderId=108, product=Thor Hammer Replica, amount=39.99
2026-05-24T08:50:05.302Z [TXN-7KGM1S9P] [order-service] INFO Calling notification-service for orderId=108
2026-05-24T08:50:05.306Z [TXN-7KGM1S9P] [notification-service] INFO Notification sent: ORD00108 — Thor Hammer Replica — $39.99
2026-05-24T08:50:05.317Z [TXN-7KGM1S9P] [order-service] INFO Notification sent for orderId=108
2026-05-24T08:50:06.087Z [TXN-7KGM1S9P] [order-service] INFO Calling catalog-service for productId=7
2026-05-24T08:50:06.092Z [TXN-7KGM1S9P] [catalog-service] INFO Product fetched: Hulk Poster
2026-05-24T08:50:06.102Z [TXN-7KGM1S9P] [order-service] INFO Order created: orderId=109, product=Hulk Poster, amount=9.99
2026-05-24T08:50:06.103Z [TXN-7KGM1S9P] [order-service] INFO Calling notification-service for orderId=109
2026-05-24T08:50:06.112Z [TXN-7KGM1S9P] [notification-service] INFO Notification sent: ORD00109 — Hulk Poster — $9.99
2026-05-24T08:50:06.121Z [TXN-7KGM1S9P] [order-service] INFO Notification sent for orderId=109
2026-05-24T08:50:08.259Z [TXN-7KGM1S9P] [catalog-service] INFO Category=DC: 4 products
2026-05-24T08:50:09.160Z [TXN-7KGM1S9P] [order-service] INFO Calling catalog-service for productId=1
2026-05-24T08:50:09.166Z [TXN-7KGM1S9P] [catalog-service] INFO Product fetched: Batman Figure
2026-05-24T08:50:09.175Z [TXN-7KGM1S9P] [order-service] INFO Order created: orderId=110, product=Batman Figure, amount=24.99
2026-05-24T08:50:09.175Z [TXN-7KGM1S9P] [order-service] INFO Calling notification-service for orderId=110
2026-05-24T08:50:09.178Z [TXN-7KGM1S9P] [notification-service] INFO Notification sent: ORD00110 — Batman Figure — $24.99
2026-05-24T08:50:09.187Z [TXN-7KGM1S9P] [order-service] INFO Notification sent for orderId=110
2026-05-24T08:50:10.094Z [TXN-7KGM1S9P] [order-service] INFO Calling catalog-service for productId=2
2026-05-24T08:50:10.100Z [TXN-7KGM1S9P] [catalog-service] INFO Product fetched: Superman T-Shirt
2026-05-24T08:50:10.109Z [TXN-7KGM1S9P] [order-service] INFO Order created: orderId=111, product=Superman T-Shirt, amount=19.99
2026-05-24T08:50:10.110Z [TXN-7KGM1S9P] [order-service] INFO Calling notification-service for orderId=111
2026-05-24T08:50:10.115Z [TXN-7KGM1S9P] [notification-service] INFO Notification sent: ORD00111 — Superman T-Shirt — $19.99
2026-05-24T08:50:10.123Z [TXN-7KGM1S9P] [order-service] INFO Notification sent for orderId=111
2026-05-24T08:50:10.863Z [TXN-7KGM1S9P] [order-service] INFO Calling catalog-service for productId=3
2026-05-24T08:50:10.868Z [TXN-7KGM1S9P] [catalog-service] INFO Product fetched: Flash Toy
2026-05-24T08:50:10.877Z [TXN-7KGM1S9P] [order-service] INFO Order created: orderId=112, product=Flash Toy, amount=14.99
2026-05-24T08:50:10.877Z [TXN-7KGM1S9P] [order-service] INFO Calling notification-service for orderId=112
2026-05-24T08:50:10.882Z [TXN-7KGM1S9P] [notification-service] INFO Notification sent: ORD00112 — Flash Toy — $14.99
2026-05-24T08:50:10.890Z [TXN-7KGM1S9P] [order-service] INFO Notification sent for orderId=112
2026-05-24T08:50:11.855Z [TXN-7KGM1S9P] [order-service] INFO Calling catalog-service for productId=4
2026-05-24T08:50:11.860Z [TXN-7KGM1S9P] [catalog-service] INFO Product fetched: Wonder Woman Poster
2026-05-24T08:50:11.870Z [TXN-7KGM1S9P] [order-service] INFO Order created: orderId=113, product=Wonder Woman Poster, amount=9.99
2026-05-24T08:50:11.870Z [TXN-7KGM1S9P] [order-service] INFO Calling notification-service for orderId=113
2026-05-24T08:50:11.873Z [TXN-7KGM1S9P] [notification-service] INFO Notification sent: ORD00113 — Wonder Woman Poster — $9.99
2026-05-24T08:50:11.885Z [TXN-7KGM1S9P] [order-service] INFO Notification sent for orderId=113
2026-05-24T08:56:27.554Z [TXN-7KGM1S9P] [order-service] INFO Calling catalog-service for productId=1
2026-05-24T08:56:27.561Z [TXN-7KGM1S9P] [catalog-service] INFO Product fetched: Batman Figure
2026-05-24T08:56:27.569Z [TXN-7KGM1S9P] [order-service] INFO Order created: orderId=114, product=Batman Figure, amount=24.99
2026-05-24T08:56:27.569Z [TXN-7KGM1S9P] [order-service] INFO Calling notification-service for orderId=114
2026-05-24T08:56:27.578Z [TXN-7KGM1S9P] [notification-service] INFO Notification sent: ORD00114 — Batman Figure — $24.99
2026-05-24T08:56:27.586Z [TXN-7KGM1S9P] [order-service] INFO Notification sent for orderId=114
2026-05-24T08:56:28.494Z [TXN-7KGM1S9P] [order-service] INFO Calling catalog-service for productId=2
2026-05-24T08:56:28.499Z [TXN-7KGM1S9P] [catalog-service] INFO Product fetched: Superman T-Shirt
2026-05-24T08:56:28.507Z [TXN-7KGM1S9P] [order-service] INFO Order created: orderId=115, product=Superman T-Shirt, amount=19.99
2026-05-24T08:56:28.508Z [TXN-7KGM1S9P] [order-service] INFO Calling notification-service for orderId=115
2026-05-24T08:56:28.513Z [TXN-7KGM1S9P] [notification-service] INFO Notification sent: ORD00115 — Superman T-Shirt — $19.99
2026-05-24T08:56:28.519Z [TXN-7KGM1S9P] [order-service] INFO Notification sent for orderId=115
2026-05-24T08:56:29.398Z [TXN-7KGM1S9P] [order-service] INFO Calling catalog-service for productId=2
2026-05-24T08:56:29.402Z [TXN-7KGM1S9P] [catalog-service] INFO Product fetched: Superman T-Shirt
2026-05-24T08:56:29.411Z [TXN-7KGM1S9P] [order-service] INFO Order created: orderId=116, product=Superman T-Shirt, amount=19.99
2026-05-24T08:56:29.412Z [TXN-7KGM1S9P] [order-service] INFO Calling notification-service for orderId=116
2026-05-24T08:56:29.418Z [TXN-7KGM1S9P] [notification-service] INFO Notification sent: ORD00116 — Superman T-Shirt — $19.99
2026-05-24T08:56:29.426Z [TXN-7KGM1S9P] [order-service] INFO Notification sent for orderId=116
2026-05-24T08:56:30.150Z [TXN-7KGM1S9P] [order-service] INFO Calling catalog-service for productId=3
2026-05-24T08:56:30.155Z [TXN-7KGM1S9P] [catalog-service] INFO Product fetched: Flash Toy
2026-05-24T08:56:30.163Z [TXN-7KGM1S9P] [order-service] INFO Order created: orderId=117, product=Flash Toy, amount=14.99
2026-05-24T08:56:30.165Z [TXN-7KGM1S9P] [order-service] INFO Calling notification-service for orderId=117
2026-05-24T08:56:30.170Z [TXN-7KGM1S9P] [notification-service] INFO Notification sent: ORD00117 — Flash Toy — $14.99
2026-05-24T08:56:30.178Z [TXN-7KGM1S9P] [order-service] INFO Notification sent for orderId=117
2026-05-24T08:56:30.950Z [TXN-7KGM1S9P] [order-service] INFO Calling catalog-service for productId=4
2026-05-24T08:56:30.955Z [TXN-7KGM1S9P] [catalog-service] INFO Product fetched: Wonder Woman Poster
2026-05-24T08:56:30.965Z [TXN-7KGM1S9P] [order-service] INFO Order created: orderId=118, product=Wonder Woman Poster, amount=9.99
2026-05-24T08:56:30.966Z [TXN-7KGM1S9P] [order-service] INFO Calling notification-service for orderId=118
2026-05-24T08:56:30.970Z [TXN-7KGM1S9P] [notification-service] INFO Notification sent: ORD00118 — Wonder Woman Poster — $9.99
2026-05-24T08:56:30.979Z [TXN-7KGM1S9P] [order-service] INFO Notification sent for orderId=118
2026-05-24T08:56:32.343Z [TXN-7KGM1S9P] [cart-service] INFO Added to cart: user=3, product=2
2026-05-24T08:56:33.158Z [TXN-7KGM1S9P] [cart-service] INFO Added to cart: user=3, product=1
2026-05-24T08:56:34.156Z [TXN-7KGM1S9P] [cart-service] INFO Added to cart: user=3, product=3
2026-05-24T08:56:34.879Z [TXN-7KGM1S9P] [cart-service] INFO Added to cart: user=3, product=4
2026-05-24T08:56:35.568Z [TXN-7KGM1S9P] [order-service] INFO Calling catalog-service for productId=4
2026-05-24T08:56:35.574Z [TXN-7KGM1S9P] [catalog-service] INFO Product fetched: Wonder Woman Poster
2026-05-24T08:56:35.584Z [TXN-7KGM1S9P] [order-service] INFO Order created: orderId=119, product=Wonder Woman Poster, amount=9.99
2026-05-24T08:56:35.585Z [TXN-7KGM1S9P] [order-service] INFO Calling notification-service for orderId=119
2026-05-24T08:56:35.594Z [TXN-7KGM1S9P] [notification-service] INFO Notification sent: ORD00119 — Wonder Woman Poster — $9.99
2026-05-24T08:56:35.601Z [TXN-7KGM1S9P] [order-service] INFO Notification sent for orderId=119
2026-05-24T08:56:37.254Z [TXN-7KGM1S9P] [order-service] INFO Calling catalog-service for productId=3
2026-05-24T08:56:37.259Z [TXN-7KGM1S9P] [catalog-service] INFO Product fetched: Flash Toy
2026-05-24T08:56:37.267Z [TXN-7KGM1S9P] [order-service] INFO Order created: orderId=120, product=Flash Toy, amount=14.99
2026-05-24T08:56:37.268Z [TXN-7KGM1S9P] [order-service] INFO Calling notification-service for orderId=120
2026-05-24T08:56:37.273Z [TXN-7KGM1S9P] [notification-service] INFO Notification sent: ORD00120 — Flash Toy — $14.99
2026-05-24T08:56:37.281Z [TXN-7KGM1S9P] [order-service] INFO Notification sent for orderId=120
2026-05-24T08:56:38.814Z [TXN-7KGM1S9P] [order-service] INFO Calling catalog-service for productId=2
2026-05-24T08:56:38.819Z [TXN-7KGM1S9P] [catalog-service] INFO Product fetched: Superman T-Shirt
2026-05-24T08:56:38.829Z [TXN-7KGM1S9P] [order-service] INFO Order created: orderId=121, product=Superman T-Shirt, amount=19.99
2026-05-24T08:56:38.830Z [TXN-7KGM1S9P] [order-service] INFO Calling notification-service for orderId=121
2026-05-24T08:56:38.833Z [TXN-7KGM1S9P] [notification-service] INFO Notification sent: ORD00121 — Superman T-Shirt — $19.99
2026-05-24T08:56:38.841Z [TXN-7KGM1S9P] [order-service] INFO Notification sent for orderId=121
2026-05-24T08:56:39.838Z [TXN-7KGM1S9P] [order-service] INFO Calling catalog-service for productId=1
2026-05-24T08:56:39.843Z [TXN-7KGM1S9P] [catalog-service] INFO Product fetched: Batman Figure
2026-05-24T08:56:39.852Z [TXN-7KGM1S9P] [order-service] INFO Order created: orderId=122, product=Batman Figure, amount=24.99
2026-05-24T08:56:39.853Z [TXN-7KGM1S9P] [order-service] INFO Calling notification-service for orderId=122
2026-05-24T08:56:39.857Z [TXN-7KGM1S9P] [notification-service] INFO Notification sent: ORD00122 — Batman Figure — $24.99
2026-05-24T08:56:39.863Z [TXN-7KGM1S9P] [order-service] INFO Notification sent for orderId=122
2026-05-24T08:56:42.080Z [TXN-7KGM1S9P] [order-service] INFO Calling catalog-service for productId=1
2026-05-24T08:56:42.085Z [TXN-7KGM1S9P] [catalog-service] INFO Product fetched: Batman Figure
2026-05-24T08:56:42.093Z [TXN-7KGM1S9P] [order-service] INFO Order created: orderId=123, product=Batman Figure, amount=24.99
2026-05-24T08:56:42.094Z [TXN-7KGM1S9P] [order-service] INFO Calling notification-service for orderId=123
2026-05-24T08:56:42.099Z [TXN-7KGM1S9P] [notification-service] INFO Notification sent: ORD00123 — Batman Figure — $24.99
2026-05-24T08:56:42.109Z [TXN-7KGM1S9P] [order-service] INFO Notification sent for orderId=123
2026-05-24T08:56:43.589Z [TXN-7KGM1S9P] [order-service] INFO Calling catalog-service for productId=2
2026-05-24T08:56:43.596Z [TXN-7KGM1S9P] [catalog-service] INFO Product fetched: Superman T-Shirt
2026-05-24T08:56:43.605Z [TXN-7KGM1S9P] [order-service] INFO Order created: orderId=124, product=Superman T-Shirt, amount=19.99
2026-05-24T08:56:43.605Z [TXN-7KGM1S9P] [order-service] INFO Calling notification-service for orderId=124
2026-05-24T08:56:43.612Z [TXN-7KGM1S9P] [notification-service] INFO Notification sent: ORD00124 — Superman T-Shirt — $19.99
2026-05-24T08:56:43.620Z [TXN-7KGM1S9P] [order-service] INFO Notification sent for orderId=124
2026-05-24T08:56:44.614Z [TXN-7KGM1S9P] [order-service] INFO Calling catalog-service for productId=3
2026-05-24T08:56:44.618Z [TXN-7KGM1S9P] [catalog-service] INFO Product fetched: Flash Toy
2026-05-24T08:56:44.627Z [TXN-7KGM1S9P] [order-service] INFO Order created: orderId=125, product=Flash Toy, amount=14.99
2026-05-24T08:56:44.629Z [TXN-7KGM1S9P] [order-service] INFO Calling notification-service for orderId=125
2026-05-24T08:56:44.634Z [TXN-7KGM1S9P] [notification-service] INFO Notification sent: ORD00125 — Flash Toy — $14.99
2026-05-24T08:56:44.642Z [TXN-7KGM1S9P] [order-service] INFO Notification sent for orderId=125
2026-05-24T08:56:47.224Z [TXN-7KGM1S9P] [order-service] INFO Calling catalog-service for productId=1
2026-05-24T08:56:47.228Z [TXN-7KGM1S9P] [catalog-service] INFO Product fetched: Batman Figure
2026-05-24T08:56:47.237Z [TXN-7KGM1S9P] [order-service] INFO Order created: orderId=126, product=Batman Figure, amount=24.99
2026-05-24T08:56:47.237Z [TXN-7KGM1S9P] [order-service] INFO Calling notification-service for orderId=126
2026-05-24T08:56:47.309Z [TXN-7KGM1S9P] [notification-service] INFO Notification sent: ORD00126 — Batman Figure — $24.99
2026-05-24T08:56:47.318Z [TXN-7KGM1S9P] [order-service] INFO Notification sent for orderId=126
2026-05-24T08:56:48.510Z [TXN-7KGM1S9P] [order-service] INFO Calling catalog-service for productId=2
2026-05-24T08:56:48.515Z [TXN-7KGM1S9P] [catalog-service] INFO Product fetched: Superman T-Shirt
2026-05-24T08:56:48.569Z [TXN-7KGM1S9P] [order-service] INFO Order created: orderId=127, product=Superman T-Shirt, amount=19.99
2026-05-24T08:56:48.570Z [TXN-7KGM1S9P] [order-service] INFO Calling notification-service for orderId=127
2026-05-24T08:56:48.650Z [TXN-7KGM1S9P] [notification-service] INFO Notification sent: ORD00127 — Superman T-Shirt — $19.99
2026-05-24T08:56:48.659Z [TXN-7KGM1S9P] [order-service] INFO Notification sent for orderId=127
2026-05-24T08:56:50.166Z [TXN-7KGM1S9P] [order-service] INFO Calling catalog-service for productId=3
2026-05-24T08:56:50.170Z [TXN-7KGM1S9P] [catalog-service] INFO Product fetched: Flash Toy
2026-05-24T08:56:50.234Z [TXN-7KGM1S9P] [order-service] INFO Order created: orderId=128, product=Flash Toy, amount=14.99
2026-05-24T08:56:50.235Z [TXN-7KGM1S9P] [order-service] INFO Calling notification-service for orderId=128
2026-05-24T08:56:50.344Z [TXN-7KGM1S9P] [notification-service] INFO Notification sent: ORD00128 — Flash Toy — $14.99
2026-05-24T08:56:50.353Z [TXN-7KGM1S9P] [order-service] INFO Notification sent for orderId=128
2026-05-24T08:56:50.998Z [TXN-7KGM1S9P] [order-service] INFO Calling catalog-service for productId=4
2026-05-24T08:56:51.006Z [TXN-7KGM1S9P] [catalog-service] INFO Product fetched: Wonder Woman Poster
2026-05-24T08:56:51.014Z [TXN-7KGM1S9P] [order-service] INFO Order created: orderId=129, product=Wonder Woman Poster, amount=9.99
2026-05-24T08:56:51.015Z [TXN-7KGM1S9P] [order-service] INFO Calling notification-service for orderId=129
2026-05-24T08:56:51.020Z [TXN-7KGM1S9P] [notification-service] INFO Notification sent: ORD00129 — Wonder Woman Poster — $9.99
2026-05-24T08:56:51.029Z [TXN-7KGM1S9P] [order-service] INFO Notification sent for orderId=129
2026-05-24T08:57:01.586Z [TXN-7KGM1S9P] [cart-service] INFO Cart fetched: user=3, items=8
2026-05-24T08:57:02.813Z [TXN-7KGM1S9P] [cart-service] INFO Cart item removed: cartId=16
2026-05-24T08:57:02.822Z [TXN-7KGM1S9P] [cart-service] INFO Cart fetched: user=3, items=7
2026-05-24T08:57:03.183Z [TXN-7KGM1S9P] [cart-service] INFO Cart item removed: cartId=17
2026-05-24T08:57:03.193Z [TXN-7KGM1S9P] [cart-service] INFO Cart fetched: user=3, items=6
2026-05-24T08:57:03.757Z [TXN-7KGM1S9P] [cart-service] INFO Cart item removed: cartId=18
2026-05-24T08:57:03.764Z [TXN-7KGM1S9P] [cart-service] INFO Cart fetched: user=3, items=5
2026-05-24T08:57:03.950Z [TXN-7KGM1S9P] [cart-service] INFO Cart item removed: cartId=19
2026-05-24T08:57:03.958Z [TXN-7KGM1S9P] [cart-service] INFO Cart fetched: user=3, items=4
2026-05-24T08:57:04.149Z [TXN-7KGM1S9P] [cart-service] INFO Cart item removed: cartId=20
2026-05-24T08:57:04.159Z [TXN-7KGM1S9P] [cart-service] INFO Cart fetched: user=3, items=3
2026-05-24T08:57:04.740Z [TXN-7KGM1S9P] [cart-service] INFO Cart item removed: cartId=21
2026-05-24T08:57:04.748Z [TXN-7KGM1S9P] [cart-service] INFO Cart fetched: user=3, items=2
2026-05-24T08:57:05.500Z [TXN-7KGM1S9P] [cart-service] INFO Cart item removed: cartId=22
2026-05-24T08:57:05.509Z [TXN-7KGM1S9P] [cart-service] INFO Cart fetched: user=3, items=1
2026-05-24T08:57:06.308Z [TXN-7KGM1S9P] [cart-service] INFO Cart item removed: cartId=23
2026-05-24T08:57:06.315Z [TXN-7KGM1S9P] [cart-service] INFO Cart fetched: user=3, items=0
2026-05-24T09:55:22.609Z [TXN-7KGM1S9P] [catalog-service] INFO Category=DC: 4 products
2026-05-24T09:55:26.774Z [TXN-7KGM1S9P] [catalog-service] INFO Category=Marvel: 4 products
2026-05-24T09:55:32.546Z [TXN-7KGM1S9P] [catalog-service] INFO Category=DC: 4 products
2026-05-24T10:03:52.053Z [TXN-7KGM1S9P] [order-service] INFO Calling catalog-service for productId=1
2026-05-24T10:03:52.099Z [TXN-7KGM1S9P] [catalog-service] INFO Product fetched: Batman Figure
2026-05-24T10:03:52.128Z [TXN-7KGM1S9P] [order-service] INFO Order created: orderId=130, product=Batman Figure, amount=24.99
2026-05-24T10:03:52.128Z [TXN-7KGM1S9P] [order-service] INFO Calling notification-service for orderId=130
2026-05-24T10:03:52.165Z [TXN-7KGM1S9P] [notification-service] INFO Notification sent: ORD00130 — Batman Figure — $24.99
2026-05-24T10:03:52.171Z [TXN-7KGM1S9P] [order-service] INFO Notification sent for orderId=130
2026-05-24T10:03:53.060Z [TXN-7KGM1S9P] [order-service] INFO Calling catalog-service for productId=2
2026-05-24T10:03:53.069Z [TXN-7KGM1S9P] [catalog-service] INFO Product fetched: Superman T-Shirt
2026-05-24T10:03:53.077Z [TXN-7KGM1S9P] [order-service] INFO Order created: orderId=131, product=Superman T-Shirt, amount=19.99
2026-05-24T10:03:53.077Z [TXN-7KGM1S9P] [order-service] INFO Calling notification-service for orderId=131
2026-05-24T10:03:53.089Z [TXN-7KGM1S9P] [notification-service] INFO Notification sent: ORD00131 — Superman T-Shirt — $19.99
2026-05-24T10:03:53.093Z [TXN-7KGM1S9P] [order-service] INFO Notification sent for orderId=131
2026-05-24T10:03:53.961Z [TXN-7KGM1S9P] [order-service] INFO Calling catalog-service for productId=3
2026-05-24T10:03:53.967Z [TXN-7KGM1S9P] [catalog-service] INFO Product fetched: Flash Toy
2026-05-24T10:03:53.976Z [TXN-7KGM1S9P] [order-service] INFO Order created: orderId=132, product=Flash Toy, amount=14.99
2026-05-24T10:03:53.976Z [TXN-7KGM1S9P] [order-service] INFO Calling notification-service for orderId=132
2026-05-24T10:03:53.985Z [TXN-7KGM1S9P] [notification-service] INFO Notification sent: ORD00132 — Flash Toy — $14.99
2026-05-24T10:03:53.989Z [TXN-7KGM1S9P] [order-service] INFO Notification sent for orderId=132
2026-05-24T10:03:54.945Z [TXN-7KGM1S9P] [order-service] INFO Calling catalog-service for productId=4
2026-05-24T10:03:54.956Z [TXN-7KGM1S9P] [catalog-service] INFO Product fetched: Wonder Woman Poster
2026-05-24T10:03:54.963Z [TXN-7KGM1S9P] [order-service] INFO Order created: orderId=133, product=Wonder Woman Poster, amount=9.99
2026-05-24T10:03:54.964Z [TXN-7KGM1S9P] [order-service] INFO Calling notification-service for orderId=133
2026-05-24T10:03:54.974Z [TXN-7KGM1S9P] [notification-service] INFO Notification sent: ORD00133 — Wonder Woman Poster — $9.99
2026-05-24T10:03:54.976Z [TXN-7KGM1S9P] [order-service] INFO Notification sent for orderId=133
2026-05-24T10:03:57.324Z [TXN-7KGM1S9P] [catalog-service] INFO Category=Marvel: 4 products
2026-05-24T10:03:58.586Z [TXN-7KGM1S9P] [order-service] INFO Calling catalog-service for productId=5
2026-05-24T10:03:58.591Z [TXN-7KGM1S9P] [catalog-service] INFO Product fetched: Iron Man Figure
2026-05-24T10:03:58.601Z [TXN-7KGM1S9P] [order-service] INFO Order created: orderId=134, product=Iron Man Figure, amount=29.99
2026-05-24T10:03:58.602Z [TXN-7KGM1S9P] [order-service] INFO Calling notification-service for orderId=134
2026-05-24T10:03:58.611Z [TXN-7KGM1S9P] [notification-service] INFO Notification sent: ORD00134 — Iron Man Figure — $29.99
2026-05-24T10:03:58.618Z [TXN-7KGM1S9P] [order-service] INFO Notification sent for orderId=134
2026-05-24T10:03:59.762Z [TXN-7KGM1S9P] [order-service] INFO Calling catalog-service for productId=6
2026-05-24T10:03:59.769Z [TXN-7KGM1S9P] [catalog-service] INFO Product fetched: Spider-Man Toy
2026-05-24T10:03:59.776Z [TXN-7KGM1S9P] [order-service] INFO Order created: orderId=135, product=Spider-Man Toy, amount=17.99
2026-05-24T10:03:59.776Z [TXN-7KGM1S9P] [order-service] INFO Calling notification-service for orderId=135
2026-05-24T10:03:59.785Z [TXN-7KGM1S9P] [notification-service] INFO Notification sent: ORD00135 — Spider-Man Toy — $17.99
2026-05-24T10:03:59.789Z [TXN-7KGM1S9P] [order-service] INFO Notification sent for orderId=135
2026-05-24T10:04:01.009Z [TXN-7KGM1S9P] [order-service] INFO Calling catalog-service for productId=7
2026-05-24T10:04:01.015Z [TXN-7KGM1S9P] [catalog-service] INFO Product fetched: Hulk Poster
2026-05-24T10:04:01.023Z [TXN-7KGM1S9P] [order-service] INFO Order created: orderId=136, product=Hulk Poster, amount=9.99
2026-05-24T10:04:01.023Z [TXN-7KGM1S9P] [order-service] INFO Calling notification-service for orderId=136
2026-05-24T10:04:01.033Z [TXN-7KGM1S9P] [notification-service] INFO Notification sent: ORD00136 — Hulk Poster — $9.99
2026-05-24T10:04:01.036Z [TXN-7KGM1S9P] [order-service] INFO Notification sent for orderId=136
2026-05-24T10:04:02.120Z [TXN-7KGM1S9P] [order-service] INFO Calling catalog-service for productId=8
2026-05-24T10:04:02.128Z [TXN-7KGM1S9P] [catalog-service] INFO Product fetched: Thor Hammer Replica
2026-05-24T10:04:02.136Z [TXN-7KGM1S9P] [order-service] INFO Order created: orderId=137, product=Thor Hammer Replica, amount=39.99
2026-05-24T10:04:02.136Z [TXN-7KGM1S9P] [order-service] INFO Calling notification-service for orderId=137
2026-05-24T10:04:02.148Z [TXN-7KGM1S9P] [notification-service] INFO Notification sent: ORD00137 — Thor Hammer Replica — $39.99
2026-05-24T10:04:02.151Z [TXN-7KGM1S9P] [order-service] INFO Notification sent for orderId=137
2026-05-24T10:04:04.560Z [TXN-7KGM1S9P] [cart-service] INFO Added to cart: user=3, product=7
2026-05-24T10:04:05.801Z [TXN-7KGM1S9P] [cart-service] INFO Added to cart: user=3, product=6
2026-05-24T10:04:06.951Z [TXN-7KGM1S9P] [cart-service] INFO Added to cart: user=3, product=5
2026-05-24T10:04:09.413Z [TXN-7KGM1S9P] [cart-service] INFO Added to cart: user=3, product=8
2026-05-24T10:04:10.728Z [TXN-7KGM1S9P] [catalog-service] INFO Category=DC: 4 products
2026-05-24T10:04:12.154Z [TXN-7KGM1S9P] [order-service] INFO Calling catalog-service for productId=1
2026-05-24T10:04:12.160Z [TXN-7KGM1S9P] [catalog-service] INFO Product fetched: Batman Figure
2026-05-24T10:04:12.168Z [TXN-7KGM1S9P] [order-service] INFO Order created: orderId=138, product=Batman Figure, amount=24.99
2026-05-24T10:04:12.168Z [TXN-7KGM1S9P] [order-service] INFO Calling notification-service for orderId=138
2026-05-24T10:04:12.178Z [TXN-7KGM1S9P] [notification-service] INFO Notification sent: ORD00138 — Batman Figure — $24.99
2026-05-24T10:04:12.183Z [TXN-7KGM1S9P] [order-service] INFO Notification sent for orderId=138
2026-05-24T10:04:14.424Z [TXN-7KGM1S9P] [order-service] INFO Calling catalog-service for productId=2
2026-05-24T10:04:14.433Z [TXN-7KGM1S9P] [catalog-service] INFO Product fetched: Superman T-Shirt
2026-05-24T10:04:14.440Z [TXN-7KGM1S9P] [order-service] INFO Order created: orderId=139, product=Superman T-Shirt, amount=19.99
2026-05-24T10:04:14.441Z [TXN-7KGM1S9P] [order-service] INFO Calling notification-service for orderId=139
2026-05-24T10:04:14.450Z [TXN-7KGM1S9P] [notification-service] INFO Notification sent: ORD00139 — Superman T-Shirt — $19.99
2026-05-24T10:04:14.453Z [TXN-7KGM1S9P] [order-service] INFO Notification sent for orderId=139
2026-05-24T10:04:15.448Z [TXN-7KGM1S9P] [order-service] INFO Calling catalog-service for productId=3
2026-05-24T10:04:15.455Z [TXN-7KGM1S9P] [catalog-service] INFO Product fetched: Flash Toy
2026-05-24T10:04:15.462Z [TXN-7KGM1S9P] [order-service] INFO Order created: orderId=140, product=Flash Toy, amount=14.99
2026-05-24T10:04:15.464Z [TXN-7KGM1S9P] [order-service] INFO Calling notification-service for orderId=140
2026-05-24T10:04:15.475Z [TXN-7KGM1S9P] [notification-service] INFO Notification sent: ORD00140 — Flash Toy — $14.99
2026-05-24T10:04:15.480Z [TXN-7KGM1S9P] [order-service] INFO Notification sent for orderId=140
2026-05-24T10:05:18.292Z [TXN-7KGM1S9P] [catalog-service] INFO Category=DC: 4 products
2026-05-24T10:05:18.433Z [TXN-7KGM1S9P] [catalog-service] INFO Category=DC: 4 products
2026-05-24T10:05:18.593Z [TXN-7KGM1S9P] [catalog-service] INFO Category=DC: 4 products
2026-05-24T10:05:18.759Z [TXN-7KGM1S9P] [catalog-service] INFO Category=DC: 4 products
2026-05-24T10:05:18.951Z [TXN-7KGM1S9P] [catalog-service] INFO Category=DC: 4 products
2026-05-24T10:05:19.138Z [TXN-7KGM1S9P] [catalog-service] INFO Category=DC: 4 products
2026-05-24T10:05:19.270Z [TXN-7KGM1S9P] [catalog-service] INFO Category=DC: 4 products
2026-05-24T10:05:19.440Z [TXN-7KGM1S9P] [catalog-service] INFO Category=DC: 4 products
2026-05-24T10:05:19.583Z [TXN-7KGM1S9P] [catalog-service] INFO Category=DC: 4 products
2026-05-24T10:05:20.432Z [TXN-7KGM1S9P] [order-service] INFO Calling catalog-service for productId=1
2026-05-24T10:05:20.442Z [TXN-7KGM1S9P] [catalog-service] INFO Product fetched: Batman Figure
2026-05-24T10:05:20.453Z [TXN-7KGM1S9P] [order-service] INFO Order created: orderId=141, product=Batman Figure, amount=24.99
2026-05-24T10:05:20.454Z [TXN-7KGM1S9P] [order-service] INFO Calling notification-service for orderId=141
2026-05-24T10:05:20.469Z [TXN-7KGM1S9P] [notification-service] INFO Notification sent: ORD00141 — Batman Figure — $24.99
2026-05-24T10:05:20.472Z [TXN-7KGM1S9P] [order-service] INFO Notification sent for orderId=141
2026-05-24T10:05:21.336Z [TXN-7KGM1S9P] [order-service] INFO Calling catalog-service for productId=2
2026-05-24T10:05:21.341Z [TXN-7KGM1S9P] [catalog-service] INFO Product fetched: Superman T-Shirt
2026-05-24T10:05:21.349Z [TXN-7KGM1S9P] [order-service] INFO Order created: orderId=142, product=Superman T-Shirt, amount=19.99
2026-05-24T10:05:21.349Z [TXN-7KGM1S9P] [order-service] INFO Calling notification-service for orderId=142
2026-05-24T10:05:21.359Z [TXN-7KGM1S9P] [notification-service] INFO Notification sent: ORD00142 — Superman T-Shirt — $19.99
2026-05-24T10:05:21.361Z [TXN-7KGM1S9P] [order-service] INFO Notification sent for orderId=142
2026-05-24T10:05:22.376Z [TXN-7KGM1S9P] [order-service] INFO Calling catalog-service for productId=3
2026-05-24T10:05:22.382Z [TXN-7KGM1S9P] [catalog-service] INFO Product fetched: Flash Toy
2026-05-24T10:05:22.392Z [TXN-7KGM1S9P] [order-service] INFO Order created: orderId=143, product=Flash Toy, amount=14.99
2026-05-24T10:05:22.393Z [TXN-7KGM1S9P] [order-service] INFO Calling notification-service for orderId=143
2026-05-24T10:05:22.405Z [TXN-7KGM1S9P] [notification-service] INFO Notification sent: ORD00143 — Flash Toy — $14.99
2026-05-24T10:05:22.407Z [TXN-7KGM1S9P] [order-service] INFO Notification sent for orderId=143
2026-05-24T10:05:23.184Z [TXN-7KGM1S9P] [order-service] INFO Calling catalog-service for productId=4
2026-05-24T10:05:23.190Z [TXN-7KGM1S9P] [catalog-service] INFO Product fetched: Wonder Woman Poster
2026-05-24T10:05:23.199Z [TXN-7KGM1S9P] [order-service] INFO Order created: orderId=144, product=Wonder Woman Poster, amount=9.99
2026-05-24T10:05:23.200Z [TXN-7KGM1S9P] [order-service] INFO Calling notification-service for orderId=144
2026-05-24T10:05:23.210Z [TXN-7KGM1S9P] [notification-service] INFO Notification sent: ORD00144 — Wonder Woman Poster — $9.99
2026-05-24T10:05:23.214Z [TXN-7KGM1S9P] [order-service] INFO Notification sent for orderId=144
2026-05-24T10:05:25.365Z [TXN-7KGM1S9P] [cart-service] INFO Added to cart: user=3, product=3
2026-05-24T10:05:26.143Z [TXN-7KGM1S9P] [cart-service] INFO Added to cart: user=3, product=2
2026-05-24T10:05:27.087Z [TXN-7KGM1S9P] [cart-service] INFO Added to cart: user=3, product=1
2026-05-24T10:05:32.279Z [TXN-7KGM1S9P] [order-service] INFO Calling catalog-service for productId=1
2026-05-24T10:05:32.285Z [TXN-7KGM1S9P] [catalog-service] INFO Product fetched: Batman Figure
2026-05-24T10:05:32.292Z [TXN-7KGM1S9P] [order-service] INFO Order created: orderId=145, product=Batman Figure, amount=24.99
2026-05-24T10:05:32.293Z [TXN-7KGM1S9P] [order-service] INFO Calling notification-service for orderId=145
2026-05-24T10:05:32.307Z [TXN-7KGM1S9P] [notification-service] INFO Notification sent: ORD00145 — Batman Figure — $24.99
2026-05-24T10:05:32.313Z [TXN-7KGM1S9P] [order-service] INFO Notification sent for orderId=145
2026-05-24T10:05:33.649Z [TXN-7KGM1S9P] [order-service] INFO Calling catalog-service for productId=2
2026-05-24T10:05:33.654Z [TXN-7KGM1S9P] [catalog-service] INFO Product fetched: Superman T-Shirt
2026-05-24T10:05:33.662Z [TXN-7KGM1S9P] [order-service] INFO Order created: orderId=146, product=Superman T-Shirt, amount=19.99
2026-05-24T10:05:33.662Z [TXN-7KGM1S9P] [order-service] INFO Calling notification-service for orderId=146
2026-05-24T10:05:33.671Z [TXN-7KGM1S9P] [notification-service] INFO Notification sent: ORD00146 — Superman T-Shirt — $19.99
2026-05-24T10:05:33.674Z [TXN-7KGM1S9P] [order-service] INFO Notification sent for orderId=146
2026-05-24T10:05:34.673Z [TXN-7KGM1S9P] [order-service] INFO Calling catalog-service for productId=3
2026-05-24T10:05:34.680Z [TXN-7KGM1S9P] [catalog-service] INFO Product fetched: Flash Toy
2026-05-24T10:05:34.687Z [TXN-7KGM1S9P] [order-service] INFO Order created: orderId=147, product=Flash Toy, amount=14.99
2026-05-24T10:05:34.688Z [TXN-7KGM1S9P] [order-service] INFO Calling notification-service for orderId=147
2026-05-24T10:05:34.699Z [TXN-7KGM1S9P] [notification-service] INFO Notification sent: ORD00147 — Flash Toy — $14.99
2026-05-24T10:05:34.702Z [TXN-7KGM1S9P] [order-service] INFO Notification sent for orderId=147
2026-05-24T10:05:35.353Z [TXN-7KGM1S9P] [order-service] INFO Calling catalog-service for productId=4
2026-05-24T10:05:35.359Z [TXN-7KGM1S9P] [catalog-service] INFO Product fetched: Wonder Woman Poster
2026-05-24T10:05:35.368Z [TXN-7KGM1S9P] [order-service] INFO Order created: orderId=148, product=Wonder Woman Poster, amount=9.99
2026-05-24T10:05:35.368Z [TXN-7KGM1S9P] [order-service] INFO Calling notification-service for orderId=148
2026-05-24T10:05:35.375Z [TXN-7KGM1S9P] [notification-service] INFO Notification sent: ORD00148 — Wonder Woman Poster — $9.99
2026-05-24T10:05:35.378Z [TXN-7KGM1S9P] [order-service] INFO Notification sent for orderId=148
2026-05-24T10:05:37.281Z [TXN-7KGM1S9P] [cart-service] INFO Added to cart: user=3, product=4
2026-05-24T10:05:38.395Z [TXN-7KGM1S9P] [cart-service] INFO Added to cart: user=3, product=3
2026-05-24T10:05:39.536Z [TXN-7KGM1S9P] [cart-service] INFO Added to cart: user=3, product=2
2026-05-24T10:05:43.384Z [TXN-7KGM1S9P] [cart-service] INFO Added to cart: user=3, product=1
2026-05-24T10:05:44.325Z [TXN-7KGM1S9P] [cart-service] INFO Added to cart: user=3, product=2
2026-05-24T10:05:48.851Z [TXN-7KGM1S9P] [order-service] INFO Calling catalog-service for productId=1
2026-05-24T10:05:48.857Z [TXN-7KGM1S9P] [catalog-service] INFO Product fetched: Batman Figure
2026-05-24T10:05:48.866Z [TXN-7KGM1S9P] [order-service] INFO Order created: orderId=149, product=Batman Figure, amount=24.99
2026-05-24T10:05:48.867Z [TXN-7KGM1S9P] [order-service] INFO Calling notification-service for orderId=149
2026-05-24T10:05:48.874Z [TXN-7KGM1S9P] [notification-service] INFO Notification sent: ORD00149 — Batman Figure — $24.99
2026-05-24T10:05:48.877Z [TXN-7KGM1S9P] [order-service] INFO Notification sent for orderId=149
2026-05-24T10:05:54.298Z [TXN-7KGM1S9P] [order-service] INFO Calling catalog-service for productId=2
2026-05-24T10:05:54.304Z [TXN-7KGM1S9P] [catalog-service] INFO Product fetched: Superman T-Shirt
2026-05-24T10:05:54.313Z [TXN-7KGM1S9P] [order-service] INFO Order created: orderId=150, product=Superman T-Shirt, amount=19.99
2026-05-24T10:05:54.314Z [TXN-7KGM1S9P] [order-service] INFO Calling notification-service for orderId=150
2026-05-24T10:05:54.323Z [TXN-7KGM1S9P] [notification-service] INFO Notification sent: ORD00150 — Superman T-Shirt — $19.99
2026-05-24T10:05:54.327Z [TXN-7KGM1S9P] [order-service] INFO Notification sent for orderId=150
2026-05-24T10:05:58.097Z [TXN-7KGM1S9P] [order-service] INFO Calling catalog-service for productId=3
2026-05-24T10:05:58.102Z [TXN-7KGM1S9P] [catalog-service] INFO Product fetched: Flash Toy
2026-05-24T10:05:58.109Z [TXN-7KGM1S9P] [order-service] INFO Order created: orderId=151, product=Flash Toy, amount=14.99
2026-05-24T10:05:58.110Z [TXN-7KGM1S9P] [order-service] INFO Calling notification-service for orderId=151
2026-05-24T10:05:58.119Z [TXN-7KGM1S9P] [notification-service] INFO Notification sent: ORD00151 — Flash Toy — $14.99
2026-05-24T10:05:58.122Z [TXN-7KGM1S9P] [order-service] INFO Notification sent for orderId=151
2026-05-24T10:05:59.474Z [TXN-7KGM1S9P] [order-service] INFO Calling catalog-service for productId=3
2026-05-24T10:05:59.481Z [TXN-7KGM1S9P] [catalog-service] INFO Product fetched: Flash Toy
2026-05-24T10:05:59.488Z [TXN-7KGM1S9P] [order-service] INFO Order created: orderId=152, product=Flash Toy, amount=14.99
2026-05-24T10:05:59.489Z [TXN-7KGM1S9P] [order-service] INFO Calling notification-service for orderId=152
2026-05-24T10:05:59.497Z [TXN-7KGM1S9P] [notification-service] INFO Notification sent: ORD00152 — Flash Toy — $14.99
2026-05-24T10:05:59.500Z [TXN-7KGM1S9P] [order-service] INFO Notification sent for orderId=152
2026-05-24T10:06:01.097Z [TXN-7KGM1S9P] [order-service] INFO Calling catalog-service for productId=4
2026-05-24T10:06:01.101Z [TXN-7KGM1S9P] [catalog-service] INFO Product fetched: Wonder Woman Poster
2026-05-24T10:06:01.110Z [TXN-7KGM1S9P] [order-service] INFO Order created: orderId=153, product=Wonder Woman Poster, amount=9.99
2026-05-24T10:06:01.110Z [TXN-7KGM1S9P] [order-service] INFO Calling notification-service for orderId=153
2026-05-24T10:06:01.120Z [TXN-7KGM1S9P] [notification-service] INFO Notification sent: ORD00153 — Wonder Woman Poster — $9.99
2026-05-24T10:06:01.123Z [TXN-7KGM1S9P] [order-service] INFO Notification sent for orderId=153
2026-05-24T10:06:03.714Z [TXN-7KGM1S9P] [catalog-service] INFO Category=Marvel: 4 products
2026-05-24T10:06:04.508Z [TXN-7KGM1S9P] [cart-service] INFO Cart fetched: user=3, items=8
2026-05-24T10:06:05.448Z [TXN-7KGM1S9P] [cart-service] INFO Cart item removed: cartId=24
2026-05-24T10:06:05.455Z [TXN-7KGM1S9P] [cart-service] INFO Cart fetched: user=3, items=7
2026-05-24T10:06:05.879Z [TXN-7KGM1S9P] [cart-service] INFO Cart item removed: cartId=25
2026-05-24T10:06:05.890Z [TXN-7KGM1S9P] [cart-service] INFO Cart fetched: user=3, items=6
2026-05-24T10:06:06.128Z [TXN-7KGM1S9P] [cart-service] INFO Cart item removed: cartId=26
2026-05-24T10:06:06.136Z [TXN-7KGM1S9P] [cart-service] INFO Cart fetched: user=3, items=5
2026-05-24T10:06:06.328Z [TXN-7KGM1S9P] [cart-service] INFO Cart item removed: cartId=27
2026-05-24T10:06:06.336Z [TXN-7KGM1S9P] [cart-service] INFO Cart fetched: user=3, items=4
2026-05-24T10:06:06.550Z [TXN-7KGM1S9P] [cart-service] INFO Cart item removed: cartId=28
2026-05-24T10:06:06.558Z [TXN-7KGM1S9P] [cart-service] INFO Cart fetched: user=3, items=3
2026-05-24T10:06:06.992Z [TXN-7KGM1S9P] [cart-service] INFO Cart item removed: cartId=29
2026-05-24T10:06:07.000Z [TXN-7KGM1S9P] [cart-service] INFO Cart fetched: user=3, items=2
2026-05-24T10:06:07.352Z [TXN-7KGM1S9P] [cart-service] INFO Cart item removed: cartId=30
2026-05-24T10:06:07.360Z [TXN-7KGM1S9P] [cart-service] INFO Cart fetched: user=3, items=1
2026-05-24T10:06:07.806Z [TXN-7KGM1S9P] [cart-service] INFO Cart item removed: cartId=31
2026-05-24T10:06:07.813Z [TXN-7KGM1S9P] [cart-service] INFO Cart fetched: user=3, items=0
2026-05-24T10:08:12.763Z [TXN-7KGM1S9P] [catalog-service] INFO Category=DC: 4 products
2026-05-24T10:08:14.532Z [TXN-7KGM1S9P] [order-service] INFO Calling catalog-service for productId=1
2026-05-24T10:08:14.537Z [TXN-7KGM1S9P] [catalog-service] INFO Product fetched: Batman Figure
2026-05-24T10:08:14.546Z [TXN-7KGM1S9P] [order-service] INFO Order created: orderId=154, product=Batman Figure, amount=24.99
2026-05-24T10:08:14.546Z [TXN-7KGM1S9P] [order-service] INFO Calling notification-service for orderId=154
2026-05-24T10:08:14.556Z [TXN-7KGM1S9P] [notification-service] INFO Notification sent: ORD00154 — Batman Figure — $24.99
2026-05-24T10:08:14.563Z [TXN-7KGM1S9P] [order-service] INFO Notification sent for orderId=154
2026-05-24T10:08:15.602Z [TXN-7KGM1S9P] [order-service] INFO Calling catalog-service for productId=2
2026-05-24T10:08:15.607Z [TXN-7KGM1S9P] [catalog-service] INFO Product fetched: Superman T-Shirt
2026-05-24T10:08:15.618Z [TXN-7KGM1S9P] [order-service] INFO Order created: orderId=155, product=Superman T-Shirt, amount=19.99
2026-05-24T10:08:15.619Z [TXN-7KGM1S9P] [order-service] INFO Calling notification-service for orderId=155
2026-05-24T10:08:15.626Z [TXN-7KGM1S9P] [notification-service] INFO Notification sent: ORD00155 — Superman T-Shirt — $19.99
2026-05-24T10:08:15.634Z [TXN-7KGM1S9P] [order-service] INFO Notification sent for orderId=155
2026-05-24T10:08:16.521Z [TXN-7KGM1S9P] [order-service] INFO Calling catalog-service for productId=3
2026-05-24T10:08:16.525Z [TXN-7KGM1S9P] [catalog-service] INFO Product fetched: Flash Toy
2026-05-24T10:08:16.534Z [TXN-7KGM1S9P] [order-service] INFO Order created: orderId=156, product=Flash Toy, amount=14.99
2026-05-24T10:08:16.535Z [TXN-7KGM1S9P] [order-service] INFO Calling notification-service for orderId=156
2026-05-24T10:08:16.543Z [TXN-7KGM1S9P] [notification-service] INFO Notification sent: ORD00156 — Flash Toy — $14.99
2026-05-24T10:08:16.548Z [TXN-7KGM1S9P] [order-service] INFO Notification sent for orderId=156
2026-05-24T10:08:17.194Z [TXN-7KGM1S9P] [order-service] INFO Calling catalog-service for productId=4
2026-05-24T10:08:17.199Z [TXN-7KGM1S9P] [catalog-service] INFO Product fetched: Wonder Woman Poster
2026-05-24T10:08:17.208Z [TXN-7KGM1S9P] [order-service] INFO Order created: orderId=157, product=Wonder Woman Poster, amount=9.99
2026-05-24T10:08:17.209Z [TXN-7KGM1S9P] [order-service] INFO Calling notification-service for orderId=157
2026-05-24T10:08:17.221Z [TXN-7KGM1S9P] [notification-service] INFO Notification sent: ORD00157 — Wonder Woman Poster — $9.99
2026-05-24T10:08:17.226Z [TXN-7KGM1S9P] [order-service] INFO Notification sent for orderId=157
2026-05-24T10:08:18.265Z [TXN-7KGM1S9P] [order-service] INFO Calling catalog-service for productId=3
2026-05-24T10:08:18.273Z [TXN-7KGM1S9P] [catalog-service] INFO Product fetched: Flash Toy
2026-05-24T10:08:18.284Z [TXN-7KGM1S9P] [order-service] INFO Order created: orderId=158, product=Flash Toy, amount=14.99
2026-05-24T10:08:18.285Z [TXN-7KGM1S9P] [order-service] INFO Calling notification-service for orderId=158
2026-05-24T10:08:18.292Z [TXN-7KGM1S9P] [notification-service] INFO Notification sent: ORD00158 — Flash Toy — $14.99
2026-05-24T10:08:18.297Z [TXN-7KGM1S9P] [order-service] INFO Notification sent for orderId=158
2026-05-24T10:08:19.347Z [TXN-7KGM1S9P] [order-service] INFO Calling catalog-service for productId=2
2026-05-24T10:08:19.354Z [TXN-7KGM1S9P] [catalog-service] INFO Product fetched: Superman T-Shirt
2026-05-24T10:08:19.368Z [TXN-7KGM1S9P] [order-service] INFO Order created: orderId=159, product=Superman T-Shirt, amount=19.99
2026-05-24T10:08:19.368Z [TXN-7KGM1S9P] [order-service] INFO Calling notification-service for orderId=159
2026-05-24T10:08:19.375Z [TXN-7KGM1S9P] [notification-service] INFO Notification sent: ORD00159 — Superman T-Shirt — $19.99
2026-05-24T10:08:19.382Z [TXN-7KGM1S9P] [order-service] INFO Notification sent for orderId=159
2026-05-24T10:08:20.386Z [TXN-7KGM1S9P] [order-service] INFO Calling catalog-service for productId=1
2026-05-24T10:08:20.391Z [TXN-7KGM1S9P] [catalog-service] INFO Product fetched: Batman Figure
2026-05-24T10:08:20.402Z [TXN-7KGM1S9P] [order-service] INFO Order created: orderId=160, product=Batman Figure, amount=24.99
2026-05-24T10:08:20.403Z [TXN-7KGM1S9P] [order-service] INFO Calling notification-service for orderId=160
2026-05-24T10:08:20.410Z [TXN-7KGM1S9P] [notification-service] INFO Notification sent: ORD00160 — Batman Figure — $24.99
2026-05-24T10:08:20.417Z [TXN-7KGM1S9P] [order-service] INFO Notification sent for orderId=160
2026-05-24T10:08:23.404Z [TXN-7KGM1S9P] [catalog-service] INFO Category=Marvel: 4 products
2026-05-24T10:08:24.369Z [TXN-7KGM1S9P] [order-service] INFO Calling catalog-service for productId=5
2026-05-24T10:08:24.373Z [TXN-7KGM1S9P] [catalog-service] INFO Product fetched: Iron Man Figure
2026-05-24T10:08:24.381Z [TXN-7KGM1S9P] [order-service] INFO Order created: orderId=161, product=Iron Man Figure, amount=29.99
2026-05-24T10:08:24.382Z [TXN-7KGM1S9P] [order-service] INFO Calling notification-service for orderId=161
2026-05-24T10:08:24.391Z [TXN-7KGM1S9P] [notification-service] INFO Notification sent: ORD00161 — Iron Man Figure — $29.99
2026-05-24T10:08:24.394Z [TXN-7KGM1S9P] [order-service] INFO Notification sent for orderId=161
2026-05-24T10:08:25.225Z [TXN-7KGM1S9P] [order-service] INFO Calling catalog-service for productId=6
2026-05-24T10:08:25.229Z [TXN-7KGM1S9P] [catalog-service] INFO Product fetched: Spider-Man Toy
2026-05-24T10:08:25.237Z [TXN-7KGM1S9P] [order-service] INFO Order created: orderId=162, product=Spider-Man Toy, amount=17.99
2026-05-24T10:08:25.238Z [TXN-7KGM1S9P] [order-service] INFO Calling notification-service for orderId=162
2026-05-24T10:08:25.245Z [TXN-7KGM1S9P] [notification-service] INFO Notification sent: ORD00162 — Spider-Man Toy — $17.99
2026-05-24T10:08:25.248Z [TXN-7KGM1S9P] [order-service] INFO Notification sent for orderId=162
2026-05-24T10:08:26.410Z [TXN-7KGM1S9P] [order-service] INFO Calling catalog-service for productId=7
2026-05-24T10:08:26.414Z [TXN-7KGM1S9P] [catalog-service] INFO Product fetched: Hulk Poster
2026-05-24T10:08:26.425Z [TXN-7KGM1S9P] [order-service] INFO Order created: orderId=163, product=Hulk Poster, amount=9.99
2026-05-24T10:08:26.425Z [TXN-7KGM1S9P] [order-service] INFO Calling notification-service for orderId=163
2026-05-24T10:08:26.440Z [TXN-7KGM1S9P] [notification-service] INFO Notification sent: ORD00163 — Hulk Poster — $9.99
2026-05-24T10:08:26.444Z [TXN-7KGM1S9P] [order-service] INFO Notification sent for orderId=163
2026-05-24T10:08:27.265Z [TXN-7KGM1S9P] [order-service] INFO Calling catalog-service for productId=8
2026-05-24T10:08:27.268Z [TXN-7KGM1S9P] [catalog-service] INFO Product fetched: Thor Hammer Replica
2026-05-24T10:08:27.277Z [TXN-7KGM1S9P] [order-service] INFO Order created: orderId=164, product=Thor Hammer Replica, amount=39.99
2026-05-24T10:08:27.278Z [TXN-7KGM1S9P] [order-service] INFO Calling notification-service for orderId=164
2026-05-24T10:08:27.287Z [TXN-7KGM1S9P] [notification-service] INFO Notification sent: ORD00164 — Thor Hammer Replica — $39.99
2026-05-24T10:08:27.291Z [TXN-7KGM1S9P] [order-service] INFO Notification sent for orderId=164
2026-05-24T10:08:28.704Z [TXN-7KGM1S9P] [catalog-service] INFO Category=DC: 4 products
2026-05-24T10:08:29.761Z [TXN-7KGM1S9P] [order-service] INFO Calling catalog-service for productId=1
2026-05-24T10:08:29.766Z [TXN-7KGM1S9P] [catalog-service] INFO Product fetched: Batman Figure
2026-05-24T10:08:29.774Z [TXN-7KGM1S9P] [order-service] INFO Order created: orderId=165, product=Batman Figure, amount=24.99
2026-05-24T10:08:29.775Z [TXN-7KGM1S9P] [order-service] INFO Calling notification-service for orderId=165
2026-05-24T10:08:29.785Z [TXN-7KGM1S9P] [notification-service] INFO Notification sent: ORD00165 — Batman Figure — $24.99
2026-05-24T10:08:29.789Z [TXN-7KGM1S9P] [order-service] INFO Notification sent for orderId=165
2026-05-24T10:08:31.714Z [TXN-7KGM1S9P] [order-service] INFO Calling catalog-service for productId=2
2026-05-24T10:08:31.718Z [TXN-7KGM1S9P] [catalog-service] INFO Product fetched: Superman T-Shirt
2026-05-24T10:08:31.729Z [TXN-7KGM1S9P] [order-service] INFO Order created: orderId=166, product=Superman T-Shirt, amount=19.99
2026-05-24T10:08:31.729Z [TXN-7KGM1S9P] [order-service] INFO Calling notification-service for orderId=166
2026-05-24T10:08:31.738Z [TXN-7KGM1S9P] [notification-service] INFO Notification sent: ORD00166 — Superman T-Shirt — $19.99
2026-05-24T10:08:31.743Z [TXN-7KGM1S9P] [order-service] INFO Notification sent for orderId=166
2026-05-24T10:08:32.649Z [TXN-7KGM1S9P] [order-service] INFO Calling catalog-service for productId=3
2026-05-24T10:08:32.653Z [TXN-7KGM1S9P] [catalog-service] INFO Product fetched: Flash Toy
2026-05-24T10:08:32.661Z [TXN-7KGM1S9P] [order-service] INFO Order created: orderId=167, product=Flash Toy, amount=14.99
2026-05-24T10:08:32.662Z [TXN-7KGM1S9P] [order-service] INFO Calling notification-service for orderId=167
2026-05-24T10:08:32.669Z [TXN-7KGM1S9P] [notification-service] INFO Notification sent: ORD00167 — Flash Toy — $14.99
2026-05-24T10:08:32.673Z [TXN-7KGM1S9P] [order-service] INFO Notification sent for orderId=167
2026-05-24T10:08:33.689Z [TXN-7KGM1S9P] [order-service] INFO Calling catalog-service for productId=4
2026-05-24T10:08:33.693Z [TXN-7KGM1S9P] [catalog-service] INFO Product fetched: Wonder Woman Poster
2026-05-24T10:08:33.702Z [TXN-7KGM1S9P] [order-service] INFO Order created: orderId=168, product=Wonder Woman Poster, amount=9.99
2026-05-24T10:08:33.703Z [TXN-7KGM1S9P] [order-service] INFO Calling notification-service for orderId=168
2026-05-24T10:08:33.713Z [TXN-7KGM1S9P] [notification-service] INFO Notification sent: ORD00168 — Wonder Woman Poster — $9.99
2026-05-24T10:08:33.717Z [TXN-7KGM1S9P] [order-service] INFO Notification sent for orderId=168
2026-05-24T10:08:34.937Z [TXN-7KGM1S9P] [order-service] INFO Calling catalog-service for productId=4
2026-05-24T10:08:34.941Z [TXN-7KGM1S9P] [catalog-service] INFO Product fetched: Wonder Woman Poster
2026-05-24T10:08:34.949Z [TXN-7KGM1S9P] [order-service] INFO Order created: orderId=169, product=Wonder Woman Poster, amount=9.99
2026-05-24T10:08:34.950Z [TXN-7KGM1S9P] [order-service] INFO Calling notification-service for orderId=169
2026-05-24T10:08:34.958Z [TXN-7KGM1S9P] [notification-service] INFO Notification sent: ORD00169 — Wonder Woman Poster — $9.99
2026-05-24T10:08:34.963Z [TXN-7KGM1S9P] [order-service] INFO Notification sent for orderId=169
2026-05-24T10:08:49.955Z [TXN-7KGM1S9P] [order-service] INFO Calling catalog-service for productId=3
2026-05-24T10:08:49.961Z [TXN-7KGM1S9P] [catalog-service] INFO Product fetched: Flash Toy
2026-05-24T10:08:49.969Z [TXN-7KGM1S9P] [order-service] INFO Order created: orderId=170, product=Flash Toy, amount=14.99
2026-05-24T10:08:49.970Z [TXN-7KGM1S9P] [order-service] INFO Calling notification-service for orderId=170
2026-05-24T10:08:49.982Z [TXN-7KGM1S9P] [notification-service] INFO Notification sent: ORD00170 — Flash Toy — $14.99
2026-05-24T10:08:49.986Z [TXN-7KGM1S9P] [order-service] INFO Notification sent for orderId=170
2026-05-24T10:12:29.883Z [TXN-7KGM1S9P] [catalog-service] INFO Category=DC: 4 products
2026-05-24T10:12:30.938Z [TXN-7KGM1S9P] [order-service] INFO Calling catalog-service for productId=1
2026-05-24T10:12:30.944Z [TXN-7KGM1S9P] [catalog-service] INFO Product fetched: Batman Figure
2026-05-24T10:12:30.953Z [TXN-7KGM1S9P] [order-service] INFO Order created: orderId=171, product=Batman Figure, amount=24.99
2026-05-24T10:12:30.953Z [TXN-7KGM1S9P] [order-service] INFO Calling notification-service for orderId=171
2026-05-24T10:12:30.965Z [TXN-7KGM1S9P] [notification-service] INFO Notification sent: ORD00171 — Batman Figure — $24.99
2026-05-24T10:12:30.967Z [TXN-7KGM1S9P] [order-service] INFO Notification sent for orderId=171
2026-05-24T10:12:31.848Z [TXN-7KGM1S9P] [order-service] INFO Calling catalog-service for productId=2
2026-05-24T10:12:31.852Z [TXN-7KGM1S9P] [catalog-service] INFO Product fetched: Superman T-Shirt
2026-05-24T10:12:31.862Z [TXN-7KGM1S9P] [order-service] INFO Order created: orderId=172, product=Superman T-Shirt, amount=19.99
2026-05-24T10:12:31.862Z [TXN-7KGM1S9P] [order-service] INFO Calling notification-service for orderId=172
2026-05-24T10:12:31.870Z [TXN-7KGM1S9P] [notification-service] INFO Notification sent: ORD00172 — Superman T-Shirt — $19.99
2026-05-24T10:12:31.873Z [TXN-7KGM1S9P] [order-service] INFO Notification sent for orderId=172
2026-05-24T10:12:32.569Z [TXN-7KGM1S9P] [order-service] INFO Calling catalog-service for productId=3
2026-05-24T10:12:32.573Z [TXN-7KGM1S9P] [catalog-service] INFO Product fetched: Flash Toy
2026-05-24T10:12:32.588Z [TXN-7KGM1S9P] [order-service] INFO Order created: orderId=173, product=Flash Toy, amount=14.99
2026-05-24T10:12:32.589Z [TXN-7KGM1S9P] [order-service] INFO Calling notification-service for orderId=173
2026-05-24T10:12:32.597Z [TXN-7KGM1S9P] [notification-service] INFO Notification sent: ORD00173 — Flash Toy — $14.99
2026-05-24T10:12:32.601Z [TXN-7KGM1S9P] [order-service] INFO Notification sent for orderId=173
2026-05-24T10:12:33.512Z [TXN-7KGM1S9P] [order-service] INFO Calling catalog-service for productId=4
2026-05-24T10:12:33.516Z [TXN-7KGM1S9P] [catalog-service] INFO Product fetched: Wonder Woman Poster
2026-05-24T10:12:33.524Z [TXN-7KGM1S9P] [order-service] INFO Order created: orderId=174, product=Wonder Woman Poster, amount=9.99
2026-05-24T10:12:33.524Z [TXN-7KGM1S9P] [order-service] INFO Calling notification-service for orderId=174
2026-05-24T10:12:33.532Z [TXN-7KGM1S9P] [notification-service] INFO Notification sent: ORD00174 — Wonder Woman Poster — $9.99
2026-05-24T10:12:33.535Z [TXN-7KGM1S9P] [order-service] INFO Notification sent for orderId=174
2026-05-24T10:12:34.866Z [TXN-7KGM1S9P] [catalog-service] INFO Category=Marvel: 4 products
2026-05-24T10:12:36.058Z [TXN-7KGM1S9P] [order-service] INFO Calling catalog-service for productId=5
2026-05-24T10:12:36.062Z [TXN-7KGM1S9P] [catalog-service] INFO Product fetched: Iron Man Figure
2026-05-24T10:12:36.070Z [TXN-7KGM1S9P] [order-service] INFO Order created: orderId=175, product=Iron Man Figure, amount=29.99
2026-05-24T10:12:36.070Z [TXN-7KGM1S9P] [order-service] INFO Calling notification-service for orderId=175
2026-05-24T10:12:36.079Z [TXN-7KGM1S9P] [notification-service] INFO Notification sent: ORD00175 — Iron Man Figure — $29.99
2026-05-24T10:12:36.083Z [TXN-7KGM1S9P] [order-service] INFO Notification sent for orderId=175
2026-05-24T10:12:37.265Z [TXN-7KGM1S9P] [order-service] INFO Calling catalog-service for productId=6
2026-05-24T10:12:37.270Z [TXN-7KGM1S9P] [catalog-service] INFO Product fetched: Spider-Man Toy
2026-05-24T10:12:37.280Z [TXN-7KGM1S9P] [order-service] INFO Order created: orderId=176, product=Spider-Man Toy, amount=17.99
2026-05-24T10:12:37.281Z [TXN-7KGM1S9P] [order-service] INFO Calling notification-service for orderId=176
2026-05-24T10:12:37.292Z [TXN-7KGM1S9P] [notification-service] INFO Notification sent: ORD00176 — Spider-Man Toy — $17.99
2026-05-24T10:12:37.295Z [TXN-7KGM1S9P] [order-service] INFO Notification sent for orderId=176
2026-05-24T10:12:38.480Z [TXN-7KGM1S9P] [order-service] INFO Calling catalog-service for productId=7
2026-05-24T10:12:38.484Z [TXN-7KGM1S9P] [catalog-service] INFO Product fetched: Hulk Poster
2026-05-24T10:12:38.491Z [TXN-7KGM1S9P] [order-service] INFO Order created: orderId=177, product=Hulk Poster, amount=9.99
2026-05-24T10:12:38.492Z [TXN-7KGM1S9P] [order-service] INFO Calling notification-service for orderId=177
2026-05-24T10:12:38.500Z [TXN-7KGM1S9P] [notification-service] INFO Notification sent: ORD00177 — Hulk Poster — $9.99
2026-05-24T10:12:38.504Z [TXN-7KGM1S9P] [order-service] INFO Notification sent for orderId=177
2026-05-24T10:12:39.625Z [TXN-7KGM1S9P] [order-service] INFO Calling catalog-service for productId=8
2026-05-24T10:12:39.630Z [TXN-7KGM1S9P] [catalog-service] INFO Product fetched: Thor Hammer Replica
2026-05-24T10:12:39.637Z [TXN-7KGM1S9P] [order-service] INFO Order created: orderId=178, product=Thor Hammer Replica, amount=39.99
2026-05-24T10:12:39.638Z [TXN-7KGM1S9P] [order-service] INFO Calling notification-service for orderId=178
2026-05-24T10:12:39.647Z [TXN-7KGM1S9P] [notification-service] INFO Notification sent: ORD00178 — Thor Hammer Replica — $39.99
2026-05-24T10:12:39.650Z [TXN-7KGM1S9P] [order-service] INFO Notification sent for orderId=178
2026-05-24T10:12:40.745Z [TXN-7KGM1S9P] [order-service] INFO Calling catalog-service for productId=7
2026-05-24T10:12:40.748Z [TXN-7KGM1S9P] [catalog-service] INFO Product fetched: Hulk Poster
2026-05-24T10:12:40.758Z [TXN-7KGM1S9P] [order-service] INFO Order created: orderId=179, product=Hulk Poster, amount=9.99
2026-05-24T10:12:40.759Z [TXN-7KGM1S9P] [order-service] INFO Calling notification-service for orderId=179
2026-05-24T10:12:40.767Z [TXN-7KGM1S9P] [notification-service] INFO Notification sent: ORD00179 — Hulk Poster — $9.99
2026-05-24T10:12:40.770Z [TXN-7KGM1S9P] [order-service] INFO Notification sent for orderId=179
2026-05-24T10:12:41.897Z [TXN-7KGM1S9P] [order-service] INFO Calling catalog-service for productId=6
2026-05-24T10:12:41.901Z [TXN-7KGM1S9P] [catalog-service] INFO Product fetched: Spider-Man Toy
2026-05-24T10:12:41.910Z [TXN-7KGM1S9P] [order-service] INFO Order created: orderId=180, product=Spider-Man Toy, amount=17.99
2026-05-24T10:12:41.911Z [TXN-7KGM1S9P] [order-service] INFO Calling notification-service for orderId=180
2026-05-24T10:12:41.919Z [TXN-7KGM1S9P] [notification-service] INFO Notification sent: ORD00180 — Spider-Man Toy — $17.99
2026-05-24T10:12:41.922Z [TXN-7KGM1S9P] [order-service] INFO Notification sent for orderId=180
2026-05-24T10:12:43.383Z [TXN-7KGM1S9P] [order-service] INFO Calling catalog-service for productId=5
2026-05-24T10:12:43.389Z [TXN-7KGM1S9P] [catalog-service] INFO Product fetched: Iron Man Figure
2026-05-24T10:12:43.398Z [TXN-7KGM1S9P] [order-service] INFO Order created: orderId=181, product=Iron Man Figure, amount=29.99
2026-05-24T10:12:43.399Z [TXN-7KGM1S9P] [order-service] INFO Calling notification-service for orderId=181
2026-05-24T10:12:43.406Z [TXN-7KGM1S9P] [notification-service] INFO Notification sent: ORD00181 — Iron Man Figure — $29.99
2026-05-24T10:12:43.413Z [TXN-7KGM1S9P] [order-service] INFO Notification sent for orderId=181
2026-05-24T10:12:44.901Z [TXN-7KGM1S9P] [catalog-service] INFO Category=DC: 4 products
2026-05-24T10:12:45.969Z [TXN-7KGM1S9P] [order-service] INFO Calling catalog-service for productId=1
2026-05-24T10:12:45.974Z [TXN-7KGM1S9P] [catalog-service] INFO Product fetched: Batman Figure
2026-05-24T10:12:45.984Z [TXN-7KGM1S9P] [order-service] INFO Order created: orderId=182, product=Batman Figure, amount=24.99
2026-05-24T10:12:45.985Z [TXN-7KGM1S9P] [order-service] INFO Calling notification-service for orderId=182
2026-05-24T10:12:45.997Z [TXN-7KGM1S9P] [notification-service] INFO Notification sent: ORD00182 — Batman Figure — $24.99
2026-05-24T10:12:46.001Z [TXN-7KGM1S9P] [order-service] INFO Notification sent for orderId=182
2026-05-24T10:12:47.258Z [TXN-7KGM1S9P] [order-service] INFO Calling catalog-service for productId=2
2026-05-24T10:12:47.262Z [TXN-7KGM1S9P] [catalog-service] INFO Product fetched: Superman T-Shirt
2026-05-24T10:12:47.271Z [TXN-7KGM1S9P] [order-service] INFO Order created: orderId=183, product=Superman T-Shirt, amount=19.99
2026-05-24T10:12:47.271Z [TXN-7KGM1S9P] [order-service] INFO Calling notification-service for orderId=183
2026-05-24T10:12:47.281Z [TXN-7KGM1S9P] [notification-service] INFO Notification sent: ORD00183 — Superman T-Shirt — $19.99
2026-05-24T10:12:47.286Z [TXN-7KGM1S9P] [order-service] INFO Notification sent for orderId=183
2026-05-24T10:12:48.352Z [TXN-7KGM1S9P] [order-service] INFO Calling catalog-service for productId=3
2026-05-24T10:12:48.360Z [TXN-7KGM1S9P] [catalog-service] INFO Product fetched: Flash Toy
2026-05-24T10:12:48.368Z [TXN-7KGM1S9P] [order-service] INFO Order created: orderId=184, product=Flash Toy, amount=14.99
2026-05-24T10:12:48.368Z [TXN-7KGM1S9P] [order-service] INFO Calling notification-service for orderId=184
2026-05-24T10:12:48.378Z [TXN-7KGM1S9P] [notification-service] INFO Notification sent: ORD00184 — Flash Toy — $14.99
2026-05-24T10:12:48.382Z [TXN-7KGM1S9P] [order-service] INFO Notification sent for orderId=184
2026-05-24T10:12:50.976Z [TXN-7KGM1S9P] [order-service] INFO Calling catalog-service for productId=4
2026-05-24T10:12:50.980Z [TXN-7KGM1S9P] [catalog-service] INFO Product fetched: Wonder Woman Poster
2026-05-24T10:12:50.989Z [TXN-7KGM1S9P] [order-service] INFO Order created: orderId=185, product=Wonder Woman Poster, amount=9.99
2026-05-24T10:12:50.989Z [TXN-7KGM1S9P] [order-service] INFO Calling notification-service for orderId=185
2026-05-24T10:12:50.999Z [TXN-7KGM1S9P] [notification-service] INFO Notification sent: ORD00185 — Wonder Woman Poster — $9.99
2026-05-24T10:12:51.006Z [TXN-7KGM1S9P] [order-service] INFO Notification sent for orderId=185
2026-05-24T10:31:49.189Z [TXN-7KGM1S9P] [cart-service] INFO Added to cart: user=3, product=1
2026-05-24T10:31:51.095Z [TXN-7KGM1S9P] [cart-service] INFO Cart fetched: user=3, items=1
2026-05-24T10:31:54.112Z [TXN-7KGM1S9P] [order-service] INFO Calling catalog-service for productId=1
2026-05-24T10:31:54.171Z [TXN-7KGM1S9P] [catalog-service] INFO Product fetched: Batman Figure
2026-05-24T10:31:54.185Z [TXN-7KGM1S9P] [order-service] INFO Order created: orderId=186, product=Batman Figure, amount=24.99
2026-05-24T10:31:54.189Z [TXN-7KGM1S9P] [order-service] INFO Calling notification-service for orderId=186
2026-05-24T10:31:54.219Z [TXN-7KGM1S9P] [notification-service] INFO Notification sent: ORD00186 — Batman Figure — $24.99
2026-05-24T10:31:54.229Z [TXN-7KGM1S9P] [order-service] INFO Notification sent for orderId=186
2026-05-24T10:31:54.253Z [TXN-7KGM1S9P] [cart-service] INFO Cart item removed: cartId=32
2026-05-24T10:32:09.065Z [TXN-7KGM1S9P] [catalog-service] INFO Category=DC: 4 products
2026-05-24T10:32:10.149Z [TXN-7KGM1S9P] [cart-service] INFO Added to cart: user=3, product=1
2026-05-24T10:32:10.968Z [TXN-7KGM1S9P] [cart-service] INFO Added to cart: user=3, product=2
2026-05-24T10:32:11.594Z [TXN-7KGM1S9P] [cart-service] INFO Added to cart: user=3, product=3
2026-05-24T10:32:12.360Z [TXN-7KGM1S9P] [cart-service] INFO Added to cart: user=3, product=4
2026-05-24T10:32:13.682Z [TXN-7KGM1S9P] [cart-service] INFO Cart fetched: user=3, items=4
2026-05-24T10:32:16.763Z [TXN-7KGM1S9P] [order-service] INFO Calling catalog-service for productId=1
2026-05-24T10:32:16.770Z [TXN-7KGM1S9P] [catalog-service] INFO Product fetched: Batman Figure
2026-05-24T10:32:16.781Z [TXN-7KGM1S9P] [order-service] INFO Order created: orderId=187, product=Batman Figure, amount=24.99
2026-05-24T10:32:16.782Z [TXN-7KGM1S9P] [order-service] INFO Calling notification-service for orderId=187
2026-05-24T10:32:16.788Z [TXN-7KGM1S9P] [notification-service] INFO Notification sent: ORD00187 — Batman Figure — $24.99
2026-05-24T10:32:16.797Z [TXN-7KGM1S9P] [order-service] INFO Notification sent for orderId=187
2026-05-24T10:32:16.806Z [TXN-7KGM1S9P] [order-service] INFO Calling catalog-service for productId=2
2026-05-24T10:32:16.810Z [TXN-7KGM1S9P] [catalog-service] INFO Product fetched: Superman T-Shirt
2026-05-24T10:32:16.816Z [TXN-7KGM1S9P] [order-service] INFO Order created: orderId=188, product=Superman T-Shirt, amount=19.99
2026-05-24T10:32:16.817Z [TXN-7KGM1S9P] [order-service] INFO Calling notification-service for orderId=188
2026-05-24T10:32:16.818Z [TXN-7KGM1S9P] [notification-service] INFO Notification sent: ORD00188 — Superman T-Shirt — $19.99
2026-05-24T10:32:16.829Z [TXN-7KGM1S9P] [order-service] INFO Notification sent for orderId=188
2026-05-24T10:32:16.834Z [TXN-7KGM1S9P] [order-service] INFO Calling catalog-service for productId=3
2026-05-24T10:32:16.838Z [TXN-7KGM1S9P] [catalog-service] INFO Product fetched: Flash Toy
2026-05-24T10:32:16.845Z [TXN-7KGM1S9P] [order-service] INFO Order created: orderId=189, product=Flash Toy, amount=14.99
2026-05-24T10:32:16.846Z [TXN-7KGM1S9P] [order-service] INFO Calling notification-service for orderId=189
2026-05-24T10:32:16.847Z [TXN-7KGM1S9P] [notification-service] INFO Notification sent: ORD00189 — Flash Toy — $14.99
2026-05-24T10:32:16.859Z [TXN-7KGM1S9P] [order-service] INFO Notification sent for orderId=189
2026-05-24T10:32:16.864Z [TXN-7KGM1S9P] [order-service] INFO Calling catalog-service for productId=4
2026-05-24T10:32:16.867Z [TXN-7KGM1S9P] [catalog-service] INFO Product fetched: Wonder Woman Poster
2026-05-24T10:32:16.873Z [TXN-7KGM1S9P] [order-service] INFO Order created: orderId=190, product=Wonder Woman Poster, amount=9.99
2026-05-24T10:32:16.875Z [TXN-7KGM1S9P] [order-service] INFO Calling notification-service for orderId=190
2026-05-24T10:32:16.878Z [TXN-7KGM1S9P] [notification-service] INFO Notification sent: ORD00190 — Wonder Woman Poster — $9.99
2026-05-24T10:32:16.888Z [TXN-7KGM1S9P] [order-service] INFO Notification sent for orderId=190
2026-05-24T10:32:16.906Z [TXN-7KGM1S9P] [cart-service] INFO Cart item removed: cartId=33
2026-05-24T10:32:16.925Z [TXN-7KGM1S9P] [cart-service] INFO Cart item removed: cartId=34
2026-05-24T10:32:16.937Z [TXN-7KGM1S9P] [cart-service] INFO Cart item removed: cartId=35
2026-05-24T10:32:16.952Z [TXN-7KGM1S9P] [cart-service] INFO Cart item removed: cartId=36
2026-05-24T10:55:52.285Z [TXN-7KGM1S9P] [catalog-service] INFO Category=DC: 4 products
2026-05-24T10:56:00.327Z [TXN-7KGM1S9P] [order-service] INFO Calling catalog-service for productId=3
2026-05-24T10:56:00.388Z [TXN-7KGM1S9P] [catalog-service] INFO Product fetched: Flash Toy
2026-05-24T10:56:00.439Z [TXN-7KGM1S9P] [order-service] INFO Order created: orderId=191, product=Flash Toy, amount=14.99
2026-05-24T10:56:00.440Z [TXN-7KGM1S9P] [order-service] INFO Calling notification-service for orderId=191
2026-05-24T10:56:00.527Z [TXN-7KGM1S9P] [notification-service] INFO Notification sent: ORD00191 — Flash Toy — $14.99
2026-05-24T10:56:00.528Z [TXN-7KGM1S9P] [order-service] INFO Notification sent for orderId=191
2026-05-24T10:56:02.314Z [TXN-7KGM1S9P] [catalog-service] INFO Category=Marvel: 4 products
2026-05-24T10:56:03.875Z [TXN-7KGM1S9P] [order-service] INFO Calling catalog-service for productId=5
2026-05-24T10:56:03.902Z [TXN-7KGM1S9P] [catalog-service] INFO Product fetched: Iron Man Figure
2026-05-24T10:56:03.909Z [TXN-7KGM1S9P] [order-service] INFO Order created: orderId=192, product=Iron Man Figure, amount=29.99
2026-05-24T10:56:03.910Z [TXN-7KGM1S9P] [order-service] INFO Calling notification-service for orderId=192
2026-05-24T10:56:03.947Z [TXN-7KGM1S9P] [notification-service] INFO Notification sent: ORD00192 — Iron Man Figure — $29.99
2026-05-24T10:56:03.942Z [TXN-7KGM1S9P] [order-service] INFO Notification sent for orderId=192
2026-05-24T10:56:06.792Z [TXN-7KGM1S9P] [catalog-service] INFO Category=DC: 4 products
2026-05-24T10:56:19.916Z [TXN-7KGM1S9P] [catalog-service] INFO Category=Marvel: 4 products
2026-05-24T10:56:28.970Z [TXN-7KGM1S9P] [catalog-service] INFO Category=Marvel: 4 products
2026-05-24T10:56:39.353Z [TXN-7KGM1S9P] [cart-service] INFO Cart fetched: user=3, items=0
2026-05-24T10:56:41.200Z [TXN-7KGM1S9P] [catalog-service] INFO Category=DC: 4 products
2026-05-24T10:56:42.880Z [TXN-7KGM1S9P] [cart-service] INFO Added to cart: user=3, product=2
2026-05-24T10:56:43.603Z [TXN-7KGM1S9P] [cart-service] INFO Added to cart: user=3, product=3
2026-05-24T10:56:44.885Z [TXN-7KGM1S9P] [cart-service] INFO Cart fetched: user=3, items=2
2026-05-24T10:56:46.924Z [TXN-7KGM1S9P] [cart-service] INFO Cart item removed: cartId=37
2026-05-24T10:56:46.936Z [TXN-7KGM1S9P] [cart-service] INFO Cart fetched: user=3, items=1
2026-05-24T10:56:47.377Z [TXN-7KGM1S9P] [cart-service] INFO Cart item removed: cartId=38
2026-05-24T10:56:47.386Z [TXN-7KGM1S9P] [cart-service] INFO Cart fetched: user=3, items=0
2026-05-24T10:57:22.865Z [TXN-7KGM1S9P] [catalog-service] INFO Category=DC: 4 products
2026-05-24T11:00:28.245Z [TXN-7KGM1S9P] [catalog-service] INFO Category=Marvel: 4 products
2026-05-24T11:00:39.474Z [TXN-7KGM1S9P] [catalog-service] INFO Category=DC: 4 products
2026-05-24T11:00:41.017Z [TXN-7KGM1S9P] [catalog-service] INFO Category=Marvel: 4 products
2026-05-24T11:00:42.016Z [TXN-7KGM1S9P] [catalog-service] INFO Category=DC: 4 products
2026-05-24T11:00:43.301Z [TXN-7KGM1S9P] [cart-service] INFO Cart fetched: user=3, items=0
2026-05-24T11:01:19.877Z [TXN-7KGM1S9P] [catalog-service] INFO Category=DC: 4 products
2026-05-24T11:01:21.695Z [TXN-7KGM1S9P] [order-service] INFO Calling catalog-service for productId=1
2026-05-24T11:01:21.709Z [TXN-7KGM1S9P] [catalog-service] INFO Product fetched: Batman Figure
2026-05-24T11:01:21.716Z [TXN-7KGM1S9P] [order-service] INFO Order created: orderId=193, product=Batman Figure, amount=24.99
2026-05-24T11:01:21.717Z [TXN-7KGM1S9P] [order-service] INFO Calling notification-service for orderId=193
2026-05-24T11:01:21.743Z [TXN-7KGM1S9P] [notification-service] INFO Notification sent: ORD00193 — Batman Figure — $24.99
2026-05-24T11:01:21.745Z [TXN-7KGM1S9P] [order-service] INFO Notification sent for orderId=193
2026-05-24T11:01:23.317Z [TXN-7KGM1S9P] [cart-service] INFO Added to cart: user=3, product=1
2026-05-24T11:01:24.532Z [TXN-7KGM1S9P] [cart-service] INFO Cart fetched: user=3, items=1
2026-05-24T11:01:25.824Z [TXN-7KGM1S9P] [order-service] INFO Calling catalog-service for productId=1
2026-05-24T11:01:25.834Z [TXN-7KGM1S9P] [catalog-service] INFO Product fetched: Batman Figure
2026-05-24T11:01:25.843Z [TXN-7KGM1S9P] [order-service] INFO Order created: orderId=194, product=Batman Figure, amount=24.99
2026-05-24T11:01:25.843Z [TXN-7KGM1S9P] [order-service] INFO Calling notification-service for orderId=194
2026-05-24T11:01:25.854Z [TXN-7KGM1S9P] [notification-service] INFO Notification sent: ORD00194 — Batman Figure — $24.99
2026-05-24T11:01:25.858Z [TXN-7KGM1S9P] [order-service] INFO Notification sent for orderId=194
2026-05-24T11:01:25.874Z [TXN-7KGM1S9P] [cart-service] INFO Cart item removed: cartId=39
2026-05-24T11:01:28.729Z [TXN-7KGM1S9P] [catalog-service] INFO Category=Marvel: 4 products
2026-05-24T11:01:30.277Z [TXN-7KGM1S9P] [order-service] INFO Calling catalog-service for productId=6
2026-05-24T11:01:30.289Z [TXN-7KGM1S9P] [catalog-service] INFO Product fetched: Spider-Man Toy
2026-05-24T11:01:30.305Z [TXN-7KGM1S9P] [order-service] INFO Order created: orderId=195, product=Spider-Man Toy, amount=17.99
2026-05-24T11:01:30.307Z [TXN-7KGM1S9P] [order-service] INFO Calling notification-service for orderId=195
2026-05-24T11:01:30.328Z [TXN-7KGM1S9P] [notification-service] INFO Notification sent: ORD00195 — Spider-Man Toy — $17.99
2026-05-24T11:01:30.333Z [TXN-7KGM1S9P] [order-service] INFO Notification sent for orderId=195
2026-05-24T11:01:30.893Z [TXN-7KGM1S9P] [order-service] INFO Calling catalog-service for productId=6
2026-05-24T11:01:30.899Z [TXN-7KGM1S9P] [catalog-service] INFO Product fetched: Spider-Man Toy
2026-05-24T11:01:30.910Z [TXN-7KGM1S9P] [order-service] INFO Order created: orderId=196, product=Spider-Man Toy, amount=17.99
2026-05-24T11:01:30.911Z [TXN-7KGM1S9P] [order-service] INFO Calling notification-service for orderId=196
2026-05-24T11:01:30.925Z [TXN-7KGM1S9P] [notification-service] INFO Notification sent: ORD00196 — Spider-Man Toy — $17.99
2026-05-24T11:01:30.931Z [TXN-7KGM1S9P] [order-service] INFO Notification sent for orderId=196
2026-05-24T11:01:31.416Z [TXN-7KGM1S9P] [order-service] INFO Calling catalog-service for productId=6
2026-05-24T11:01:31.427Z [TXN-7KGM1S9P] [catalog-service] INFO Product fetched: Spider-Man Toy
2026-05-24T11:01:31.432Z [TXN-7KGM1S9P] [order-service] INFO Order created: orderId=197, product=Spider-Man Toy, amount=17.99
2026-05-24T11:01:31.433Z [TXN-7KGM1S9P] [order-service] INFO Calling notification-service for orderId=197
2026-05-24T11:01:31.448Z [TXN-7KGM1S9P] [notification-service] INFO Notification sent: ORD00197 — Spider-Man Toy — $17.99
2026-05-24T11:01:31.451Z [TXN-7KGM1S9P] [order-service] INFO Notification sent for orderId=197
2026-05-24T11:01:31.583Z [TXN-7KGM1S9P] [order-service] INFO Calling catalog-service for productId=6
2026-05-24T11:01:31.595Z [TXN-7KGM1S9P] [catalog-service] INFO Product fetched: Spider-Man Toy
2026-05-24T11:01:31.600Z [TXN-7KGM1S9P] [order-service] INFO Order created: orderId=198, product=Spider-Man Toy, amount=17.99
2026-05-24T11:01:31.601Z [TXN-7KGM1S9P] [order-service] INFO Calling notification-service for orderId=198
2026-05-24T11:01:31.617Z [TXN-7KGM1S9P] [notification-service] INFO Notification sent: ORD00198 — Spider-Man Toy — $17.99
2026-05-24T11:01:31.623Z [TXN-7KGM1S9P] [order-service] INFO Notification sent for orderId=198
2026-05-24T11:01:31.761Z [TXN-7KGM1S9P] [order-service] INFO Calling catalog-service for productId=6
2026-05-24T11:01:31.767Z [TXN-7KGM1S9P] [catalog-service] INFO Product fetched: Spider-Man Toy
2026-05-24T11:01:31.780Z [TXN-7KGM1S9P] [order-service] INFO Order created: orderId=199, product=Spider-Man Toy, amount=17.99
2026-05-24T11:01:31.780Z [TXN-7KGM1S9P] [order-service] INFO Calling notification-service for orderId=199
2026-05-24T11:01:31.794Z [TXN-7KGM1S9P] [notification-service] INFO Notification sent: ORD00199 — Spider-Man Toy — $17.99
2026-05-24T11:01:31.796Z [TXN-7KGM1S9P] [order-service] INFO Notification sent for orderId=199
2026-05-24T11:01:31.939Z [TXN-7KGM1S9P] [order-service] INFO Calling catalog-service for productId=6
2026-05-24T11:01:31.947Z [TXN-7KGM1S9P] [catalog-service] INFO Product fetched: Spider-Man Toy
2026-05-24T11:01:31.955Z [TXN-7KGM1S9P] [order-service] INFO Order created: orderId=200, product=Spider-Man Toy, amount=17.99
2026-05-24T11:01:31.959Z [TXN-7KGM1S9P] [order-service] INFO Calling notification-service for orderId=200
2026-05-24T11:01:31.968Z [TXN-7KGM1S9P] [notification-service] INFO Notification sent: ORD00200 — Spider-Man Toy — $17.99
2026-05-24T11:01:31.978Z [TXN-7KGM1S9P] [order-service] INFO Notification sent for orderId=200
2026-05-24T11:01:32.111Z [TXN-7KGM1S9P] [order-service] INFO Calling catalog-service for productId=6
2026-05-24T11:01:32.117Z [TXN-7KGM1S9P] [catalog-service] INFO Product fetched: Spider-Man Toy
2026-05-24T11:01:32.150Z [TXN-7KGM1S9P] [order-service] INFO Order created: orderId=201, product=Spider-Man Toy, amount=17.99
2026-05-24T11:01:32.155Z [TXN-7KGM1S9P] [order-service] INFO Calling notification-service for orderId=201
2026-05-24T11:01:32.184Z [TXN-7KGM1S9P] [notification-service] INFO Notification sent: ORD00201 — Spider-Man Toy — $17.99
2026-05-24T11:01:32.193Z [TXN-7KGM1S9P] [order-service] INFO Notification sent for orderId=201
2026-05-24T11:01:32.275Z [TXN-7KGM1S9P] [order-service] INFO Calling catalog-service for productId=6
2026-05-24T11:01:32.284Z [TXN-7KGM1S9P] [catalog-service] INFO Product fetched: Spider-Man Toy
2026-05-24T11:01:32.295Z [TXN-7KGM1S9P] [order-service] INFO Order created: orderId=202, product=Spider-Man Toy, amount=17.99
2026-05-24T11:01:32.296Z [TXN-7KGM1S9P] [order-service] INFO Calling notification-service for orderId=202
2026-05-24T11:01:32.309Z [TXN-7KGM1S9P] [notification-service] INFO Notification sent: ORD00202 — Spider-Man Toy — $17.99
2026-05-24T11:01:32.313Z [TXN-7KGM1S9P] [order-service] INFO Notification sent for orderId=202
2026-05-24T11:01:32.430Z [TXN-7KGM1S9P] [order-service] INFO Calling catalog-service for productId=6
2026-05-24T11:01:32.443Z [TXN-7KGM1S9P] [catalog-service] INFO Product fetched: Spider-Man Toy
2026-05-24T11:01:32.449Z [TXN-7KGM1S9P] [order-service] INFO Order created: orderId=203, product=Spider-Man Toy, amount=17.99
2026-05-24T11:01:32.450Z [TXN-7KGM1S9P] [order-service] INFO Calling notification-service for orderId=203
2026-05-24T11:01:32.467Z [TXN-7KGM1S9P] [notification-service] INFO Notification sent: ORD00203 — Spider-Man Toy — $17.99
2026-05-24T11:01:32.474Z [TXN-7KGM1S9P] [order-service] INFO Notification sent for orderId=203
2026-05-24T11:01:33.107Z [TXN-7KGM1S9P] [order-service] INFO Calling catalog-service for productId=7
2026-05-24T11:01:33.114Z [TXN-7KGM1S9P] [catalog-service] INFO Product fetched: Hulk Poster
2026-05-24T11:01:33.125Z [TXN-7KGM1S9P] [order-service] INFO Order created: orderId=204, product=Hulk Poster, amount=9.99
2026-05-24T11:01:33.126Z [TXN-7KGM1S9P] [order-service] INFO Calling notification-service for orderId=204
2026-05-24T11:01:33.134Z [TXN-7KGM1S9P] [notification-service] INFO Notification sent: ORD00204 — Hulk Poster — $9.99
2026-05-24T11:01:33.139Z [TXN-7KGM1S9P] [order-service] INFO Notification sent for orderId=204
2026-05-24T11:01:34.029Z [TXN-7KGM1S9P] [order-service] INFO Calling catalog-service for productId=8
2026-05-24T11:01:34.034Z [TXN-7KGM1S9P] [catalog-service] INFO Product fetched: Thor Hammer Replica
2026-05-24T11:01:34.046Z [TXN-7KGM1S9P] [order-service] INFO Order created: orderId=205, product=Thor Hammer Replica, amount=39.99
2026-05-24T11:01:34.046Z [TXN-7KGM1S9P] [order-service] INFO Calling notification-service for orderId=205
2026-05-24T11:01:34.062Z [TXN-7KGM1S9P] [notification-service] INFO Notification sent: ORD00205 — Thor Hammer Replica — $39.99
2026-05-24T11:01:34.066Z [TXN-7KGM1S9P] [order-service] INFO Notification sent for orderId=205
2026-05-24T11:01:36.022Z [TXN-7KGM1S9P] [cart-service] INFO Cart fetched: user=3, items=0
2026-05-24T13:17:50.474Z [TXN-7KGM1S9P] [catalog-service] INFO Category=DC: 4 products
2026-05-24T13:17:56.570Z [TXN-7KGM1S9P] [order-service] INFO Calling catalog-service for productId=1
2026-05-24T13:17:56.649Z [TXN-7KGM1S9P] [catalog-service] INFO Product fetched: Batman Figure
2026-05-24T13:17:56.693Z [TXN-7KGM1S9P] [order-service] INFO Order created: orderId=206, product=Batman Figure, amount=24.99
2026-05-24T13:17:56.698Z [TXN-7KGM1S9P] [order-service] INFO Calling notification-service for orderId=206
2026-05-24T13:17:56.795Z [TXN-7KGM1S9P] [notification-service] INFO Notification sent: ORD00206 — Batman Figure — $24.99
2026-05-24T13:17:56.806Z [TXN-7KGM1S9P] [order-service] INFO Notification sent for orderId=206
2026-05-24T13:18:03.349Z [TXN-7KGM1S9P] [catalog-service] INFO Category=DC: 4 products
2026-05-24T13:18:04.875Z [TXN-7KGM1S9P] [order-service] INFO Calling catalog-service for productId=2
2026-05-24T13:18:04.892Z [TXN-7KGM1S9P] [catalog-service] INFO Product fetched: Superman T-Shirt
2026-05-24T13:18:04.917Z [TXN-7KGM1S9P] [order-service] INFO Order created: orderId=207, product=Superman T-Shirt, amount=19.99
2026-05-24T13:18:04.919Z [TXN-7KGM1S9P] [order-service] INFO Calling notification-service for orderId=207
2026-05-24T13:18:04.953Z [TXN-7KGM1S9P] [notification-service] INFO Notification sent: ORD00207 — Superman T-Shirt — $19.99
2026-05-24T13:18:04.958Z [TXN-7KGM1S9P] [order-service] INFO Notification sent for orderId=207
2026-05-24T13:18:07.104Z [TXN-7KGM1S9P] [catalog-service] INFO Category=DC: 4 products
2026-05-24T13:18:08.372Z [TXN-7KGM1S9P] [order-service] INFO Calling catalog-service for productId=3
2026-05-24T13:18:08.407Z [TXN-7KGM1S9P] [catalog-service] INFO Product fetched: Flash Toy
2026-05-24T13:18:08.422Z [TXN-7KGM1S9P] [order-service] INFO Order created: orderId=208, product=Flash Toy, amount=14.99
2026-05-24T13:18:08.424Z [TXN-7KGM1S9P] [order-service] INFO Calling notification-service for orderId=208
2026-05-24T13:18:08.443Z [TXN-7KGM1S9P] [notification-service] INFO Notification sent: ORD00208 — Flash Toy — $14.99
2026-05-24T13:18:08.454Z [TXN-7KGM1S9P] [order-service] INFO Notification sent for orderId=208
2026-05-24T13:18:10.890Z [TXN-7KGM1S9P] [catalog-service] INFO Category=DC: 4 products
2026-05-24T13:18:13.303Z [TXN-7KGM1S9P] [order-service] INFO Calling catalog-service for productId=4
2026-05-24T13:18:13.325Z [TXN-7KGM1S9P] [catalog-service] INFO Product fetched: Wonder Woman Poster
2026-05-24T13:18:13.340Z [TXN-7KGM1S9P] [order-service] INFO Order created: orderId=209, product=Wonder Woman Poster, amount=9.99
2026-05-24T13:18:13.342Z [TXN-7KGM1S9P] [order-service] INFO Calling notification-service for orderId=209
2026-05-24T13:18:13.369Z [TXN-7KGM1S9P] [notification-service] INFO Notification sent: ORD00209 — Wonder Woman Poster — $9.99
2026-05-24T13:18:13.374Z [TXN-7KGM1S9P] [order-service] INFO Notification sent for orderId=209
2026-05-24T13:18:15.004Z [TXN-7KGM1S9P] [order-service] INFO Calling catalog-service for productId=1
2026-05-24T13:18:15.018Z [TXN-7KGM1S9P] [catalog-service] INFO Product fetched: Batman Figure
2026-05-24T13:18:15.031Z [TXN-7KGM1S9P] [order-service] INFO Order created: orderId=210, product=Batman Figure, amount=24.99
2026-05-24T13:18:15.033Z [TXN-7KGM1S9P] [order-service] INFO Calling notification-service for orderId=210
2026-05-24T13:18:15.056Z [TXN-7KGM1S9P] [notification-service] INFO Notification sent: ORD00210 — Batman Figure — $24.99
2026-05-24T13:18:15.065Z [TXN-7KGM1S9P] [order-service] INFO Notification sent for orderId=210
2026-05-24T13:18:15.806Z [TXN-7KGM1S9P] [order-service] INFO Calling catalog-service for productId=2
2026-05-24T13:18:15.821Z [TXN-7KGM1S9P] [catalog-service] INFO Product fetched: Superman T-Shirt
2026-05-24T13:18:15.835Z [TXN-7KGM1S9P] [order-service] INFO Order created: orderId=211, product=Superman T-Shirt, amount=19.99
2026-05-24T13:18:15.836Z [TXN-7KGM1S9P] [order-service] INFO Calling notification-service for orderId=211
2026-05-24T13:18:15.852Z [TXN-7KGM1S9P] [notification-service] INFO Notification sent: ORD00211 — Superman T-Shirt — $19.99
2026-05-24T13:18:15.857Z [TXN-7KGM1S9P] [order-service] INFO Notification sent for orderId=211
2026-05-24T13:18:16.501Z [TXN-7KGM1S9P] [order-service] INFO Calling catalog-service for productId=3
2026-05-24T13:18:16.510Z [TXN-7KGM1S9P] [catalog-service] INFO Product fetched: Flash Toy
2026-05-24T13:18:16.525Z [TXN-7KGM1S9P] [order-service] INFO Order created: orderId=212, product=Flash Toy, amount=14.99
2026-05-24T13:18:16.526Z [TXN-7KGM1S9P] [order-service] INFO Calling notification-service for orderId=212
2026-05-24T13:18:16.552Z [TXN-7KGM1S9P] [notification-service] INFO Notification sent: ORD00212 — Flash Toy — $14.99
2026-05-24T13:18:16.558Z [TXN-7KGM1S9P] [order-service] INFO Notification sent for orderId=212
2026-05-24T13:18:17.333Z [TXN-7KGM1S9P] [order-service] INFO Calling catalog-service for productId=4
2026-05-24T13:18:17.341Z [TXN-7KGM1S9P] [catalog-service] INFO Product fetched: Wonder Woman Poster
2026-05-24T13:18:17.357Z [TXN-7KGM1S9P] [order-service] INFO Order created: orderId=213, product=Wonder Woman Poster, amount=9.99
2026-05-24T13:18:17.360Z [TXN-7KGM1S9P] [order-service] INFO Calling notification-service for orderId=213
2026-05-24T13:18:17.382Z [TXN-7KGM1S9P] [notification-service] INFO Notification sent: ORD00213 — Wonder Woman Poster — $9.99
2026-05-24T13:18:17.390Z [TXN-7KGM1S9P] [order-service] INFO Notification sent for orderId=213
2026-05-24T13:18:18.257Z [TXN-7KGM1S9P] [order-service] INFO Calling catalog-service for productId=1
2026-05-24T13:18:18.269Z [TXN-7KGM1S9P] [catalog-service] INFO Product fetched: Batman Figure
2026-05-24T13:18:18.281Z [TXN-7KGM1S9P] [order-service] INFO Order created: orderId=214, product=Batman Figure, amount=24.99
2026-05-24T13:18:18.284Z [TXN-7KGM1S9P] [order-service] INFO Calling notification-service for orderId=214
2026-05-24T13:18:18.301Z [TXN-7KGM1S9P] [notification-service] INFO Notification sent: ORD00214 — Batman Figure — $24.99
2026-05-24T13:18:18.309Z [TXN-7KGM1S9P] [order-service] INFO Notification sent for orderId=214
2026-05-24T13:18:19.046Z [TXN-7KGM1S9P] [order-service] INFO Calling catalog-service for productId=2
2026-05-24T13:18:19.058Z [TXN-7KGM1S9P] [catalog-service] INFO Product fetched: Superman T-Shirt
2026-05-24T13:18:19.076Z [TXN-7KGM1S9P] [order-service] INFO Order created: orderId=215, product=Superman T-Shirt, amount=19.99
2026-05-24T13:18:19.078Z [TXN-7KGM1S9P] [order-service] INFO Calling notification-service for orderId=215
2026-05-24T13:18:19.100Z [TXN-7KGM1S9P] [notification-service] INFO Notification sent: ORD00215 — Superman T-Shirt — $19.99
2026-05-24T13:18:19.108Z [TXN-7KGM1S9P] [order-service] INFO Notification sent for orderId=215
2026-05-24T13:18:19.917Z [TXN-7KGM1S9P] [order-service] INFO Calling catalog-service for productId=3
2026-05-24T13:18:19.934Z [TXN-7KGM1S9P] [catalog-service] INFO Product fetched: Flash Toy
2026-05-24T13:18:19.942Z [TXN-7KGM1S9P] [order-service] INFO Order created: orderId=216, product=Flash Toy, amount=14.99
2026-05-24T13:18:19.946Z [TXN-7KGM1S9P] [order-service] INFO Calling notification-service for orderId=216
2026-05-24T13:18:19.968Z [TXN-7KGM1S9P] [notification-service] INFO Notification sent: ORD00216 — Flash Toy — $14.99
2026-05-24T13:18:19.977Z [TXN-7KGM1S9P] [order-service] INFO Notification sent for orderId=216
2026-05-24T13:18:20.889Z [TXN-7KGM1S9P] [order-service] INFO Calling catalog-service for productId=4
2026-05-24T13:18:20.905Z [TXN-7KGM1S9P] [catalog-service] INFO Product fetched: Wonder Woman Poster
2026-05-24T13:18:20.917Z [TXN-7KGM1S9P] [order-service] INFO Order created: orderId=217, product=Wonder Woman Poster, amount=9.99
2026-05-24T13:18:20.919Z [TXN-7KGM1S9P] [order-service] INFO Calling notification-service for orderId=217
2026-05-24T13:18:20.939Z [TXN-7KGM1S9P] [notification-service] INFO Notification sent: ORD00217 — Wonder Woman Poster — $9.99
2026-05-24T13:18:20.949Z [TXN-7KGM1S9P] [order-service] INFO Notification sent for orderId=217
2026-05-24T13:18:34.268Z [TXN-7KGM1S9P] [catalog-service] INFO Category=Marvel: 4 products
2026-05-24T13:22:10.436Z [TXN-7KGM1S9P] [order-service] INFO Calling catalog-service for productId=5
2026-05-24T13:22:10.457Z [TXN-7KGM1S9P] [catalog-service] INFO Product fetched: Iron Man Figure
2026-05-24T13:22:10.480Z [TXN-7KGM1S9P] [order-service] INFO Order created: orderId=218, product=Iron Man Figure, amount=29.99
2026-05-24T13:22:10.483Z [TXN-7KGM1S9P] [order-service] INFO Calling notification-service for orderId=218
2026-05-24T13:22:10.511Z [TXN-7KGM1S9P] [notification-service] INFO Notification sent: ORD00218 — Iron Man Figure — $29.99
2026-05-24T13:22:10.519Z [TXN-7KGM1S9P] [order-service] INFO Notification sent for orderId=218
2026-05-24T13:22:11.803Z [TXN-7KGM1S9P] [order-service] INFO Calling catalog-service for productId=6
2026-05-24T13:22:11.816Z [TXN-7KGM1S9P] [catalog-service] INFO Product fetched: Spider-Man Toy
2026-05-24T13:22:11.832Z [TXN-7KGM1S9P] [order-service] INFO Order created: orderId=219, product=Spider-Man Toy, amount=17.99
2026-05-24T13:22:11.834Z [TXN-7KGM1S9P] [order-service] INFO Calling notification-service for orderId=219
2026-05-24T13:22:11.856Z [TXN-7KGM1S9P] [notification-service] INFO Notification sent: ORD00219 — Spider-Man Toy — $17.99
2026-05-24T13:22:11.869Z [TXN-7KGM1S9P] [order-service] INFO Notification sent for orderId=219
2026-05-24T13:22:13.111Z [TXN-7KGM1S9P] [order-service] INFO Calling catalog-service for productId=7
2026-05-24T13:22:13.121Z [TXN-7KGM1S9P] [catalog-service] INFO Product fetched: Hulk Poster
2026-05-24T13:22:13.138Z [TXN-7KGM1S9P] [order-service] INFO Order created: orderId=220, product=Hulk Poster, amount=9.99
2026-05-24T13:22:13.139Z [TXN-7KGM1S9P] [order-service] INFO Calling notification-service for orderId=220
2026-05-24T13:22:13.160Z [TXN-7KGM1S9P] [notification-service] INFO Notification sent: ORD00220 — Hulk Poster — $9.99
2026-05-24T13:22:13.171Z [TXN-7KGM1S9P] [order-service] INFO Notification sent for orderId=220
2026-05-24T13:22:14.069Z [TXN-7KGM1S9P] [order-service] INFO Calling catalog-service for productId=8
2026-05-24T13:22:14.093Z [TXN-7KGM1S9P] [catalog-service] INFO Product fetched: Thor Hammer Replica
2026-05-24T13:22:14.105Z [TXN-7KGM1S9P] [order-service] INFO Order created: orderId=221, product=Thor Hammer Replica, amount=39.99
2026-05-24T13:22:14.107Z [TXN-7KGM1S9P] [order-service] INFO Calling notification-service for orderId=221
2026-05-24T13:22:14.131Z [TXN-7KGM1S9P] [notification-service] INFO Notification sent: ORD00221 — Thor Hammer Replica — $39.99
2026-05-24T13:22:14.140Z [TXN-7KGM1S9P] [order-service] INFO Notification sent for orderId=221
2026-05-24T13:22:15.137Z [TXN-7KGM1S9P] [order-service] INFO Calling catalog-service for productId=5
2026-05-24T13:22:15.171Z [TXN-7KGM1S9P] [catalog-service] INFO Product fetched: Iron Man Figure
2026-05-24T13:22:15.186Z [TXN-7KGM1S9P] [order-service] INFO Order created: orderId=222, product=Iron Man Figure, amount=29.99
2026-05-24T13:22:15.187Z [TXN-7KGM1S9P] [order-service] INFO Calling notification-service for orderId=222
2026-05-24T13:22:15.212Z [TXN-7KGM1S9P] [notification-service] INFO Notification sent: ORD00222 — Iron Man Figure — $29.99
2026-05-24T13:22:15.221Z [TXN-7KGM1S9P] [order-service] INFO Notification sent for orderId=222
2026-05-24T13:22:15.855Z [TXN-7KGM1S9P] [order-service] INFO Calling catalog-service for productId=6
2026-05-24T13:22:15.889Z [TXN-7KGM1S9P] [catalog-service] INFO Product fetched: Spider-Man Toy
2026-05-24T13:22:15.906Z [TXN-7KGM1S9P] [order-service] INFO Order created: orderId=223, product=Spider-Man Toy, amount=17.99
2026-05-24T13:22:15.909Z [TXN-7KGM1S9P] [order-service] INFO Calling notification-service for orderId=223
2026-05-24T13:22:15.950Z [TXN-7KGM1S9P] [notification-service] INFO Notification sent: ORD00223 — Spider-Man Toy — $17.99
2026-05-24T13:22:15.955Z [TXN-7KGM1S9P] [order-service] INFO Notification sent for orderId=223
2026-05-24T13:22:16.620Z [TXN-7KGM1S9P] [order-service] INFO Calling catalog-service for productId=7
2026-05-24T13:22:16.633Z [TXN-7KGM1S9P] [catalog-service] INFO Product fetched: Hulk Poster
2026-05-24T13:22:16.645Z [TXN-7KGM1S9P] [order-service] INFO Order created: orderId=224, product=Hulk Poster, amount=9.99
2026-05-24T13:22:16.650Z [TXN-7KGM1S9P] [order-service] INFO Calling notification-service for orderId=224
2026-05-24T13:22:16.667Z [TXN-7KGM1S9P] [notification-service] INFO Notification sent: ORD00224 — Hulk Poster — $9.99
2026-05-24T13:22:16.672Z [TXN-7KGM1S9P] [order-service] INFO Notification sent for orderId=224
2026-05-24T13:22:17.835Z [TXN-7KGM1S9P] [order-service] INFO Calling catalog-service for productId=8
2026-05-24T13:22:17.847Z [TXN-7KGM1S9P] [catalog-service] INFO Product fetched: Thor Hammer Replica
2026-05-24T13:22:17.880Z [TXN-7KGM1S9P] [order-service] INFO Order created: orderId=225, product=Thor Hammer Replica, amount=39.99
2026-05-24T13:22:17.882Z [TXN-7KGM1S9P] [order-service] INFO Calling notification-service for orderId=225
2026-05-24T13:22:17.906Z [TXN-7KGM1S9P] [notification-service] INFO Notification sent: ORD00225 — Thor Hammer Replica — $39.99
2026-05-24T13:22:17.917Z [TXN-7KGM1S9P] [order-service] INFO Notification sent for orderId=225
2026-05-24T13:37:53.358Z [TXN-7KGM1S9P] [order-service] INFO Calling catalog-service for productId=5
2026-05-24T13:37:53.521Z [TXN-7KGM1S9P] [catalog-service] INFO Product fetched: Iron Man Figure
2026-05-24T13:37:53.575Z [TXN-7KGM1S9P] [order-service] INFO Order created: orderId=226, product=Iron Man Figure, amount=29.99
2026-05-24T13:37:53.576Z [TXN-7KGM1S9P] [order-service] INFO Calling notification-service for orderId=226
2026-05-24T13:37:53.705Z [TXN-7KGM1S9P] [order-service] ERROR Order failed: 
2026-05-24T13:37:54.987Z [TXN-7KGM1S9P] [order-service] INFO Calling catalog-service for productId=5
2026-05-24T13:37:55.004Z [TXN-7KGM1S9P] [catalog-service] INFO Product fetched: Iron Man Figure
2026-05-24T13:37:55.019Z [TXN-7KGM1S9P] [order-service] INFO Order created: orderId=227, product=Iron Man Figure, amount=29.99
2026-05-24T13:37:55.020Z [TXN-7KGM1S9P] [order-service] INFO Calling notification-service for orderId=227
2026-05-24T13:37:55.039Z [TXN-7KGM1S9P] [order-service] ERROR Order failed: 
2026-05-24T13:37:56.110Z [TXN-7KGM1S9P] [order-service] INFO Calling catalog-service for productId=5
2026-05-24T13:37:56.135Z [TXN-7KGM1S9P] [catalog-service] INFO Product fetched: Iron Man Figure
2026-05-24T13:37:56.152Z [TXN-7KGM1S9P] [order-service] INFO Order created: orderId=228, product=Iron Man Figure, amount=29.99
2026-05-24T13:37:56.154Z [TXN-7KGM1S9P] [order-service] INFO Calling notification-service for orderId=228
2026-05-24T13:37:56.170Z [TXN-7KGM1S9P] [order-service] ERROR Order failed: 
2026-05-24T13:37:56.793Z [TXN-7KGM1S9P] [order-service] INFO Calling catalog-service for productId=5
2026-05-24T13:37:56.809Z [TXN-7KGM1S9P] [catalog-service] INFO Product fetched: Iron Man Figure
2026-05-24T13:37:56.826Z [TXN-7KGM1S9P] [order-service] INFO Order created: orderId=229, product=Iron Man Figure, amount=29.99
2026-05-24T13:37:56.827Z [TXN-7KGM1S9P] [order-service] INFO Calling notification-service for orderId=229
2026-05-24T13:37:56.843Z [TXN-7KGM1S9P] [order-service] ERROR Order failed: 
2026-05-24T13:37:57.165Z [TXN-7KGM1S9P] [order-service] INFO Calling catalog-service for productId=5
2026-05-24T13:37:57.176Z [TXN-7KGM1S9P] [catalog-service] INFO Product fetched: Iron Man Figure
2026-05-24T13:37:57.191Z [TXN-7KGM1S9P] [order-service] INFO Order created: orderId=230, product=Iron Man Figure, amount=29.99
2026-05-24T13:37:57.192Z [TXN-7KGM1S9P] [order-service] INFO Calling notification-service for orderId=230
2026-05-24T13:37:57.210Z [TXN-7KGM1S9P] [order-service] ERROR Order failed: 
2026-05-24T13:37:57.557Z [TXN-7KGM1S9P] [order-service] INFO Calling catalog-service for productId=5
2026-05-24T13:37:57.602Z [TXN-7KGM1S9P] [catalog-service] INFO Product fetched: Iron Man Figure
2026-05-24T13:37:57.623Z [TXN-7KGM1S9P] [order-service] INFO Order created: orderId=231, product=Iron Man Figure, amount=29.99
2026-05-24T13:37:57.625Z [TXN-7KGM1S9P] [order-service] INFO Calling notification-service for orderId=231
2026-05-24T13:37:57.643Z [TXN-7KGM1S9P] [order-service] ERROR Order failed: 
2026-05-24T13:37:57.776Z [TXN-7KGM1S9P] [order-service] INFO Calling catalog-service for productId=5
2026-05-24T13:37:57.793Z [TXN-7KGM1S9P] [catalog-service] INFO Product fetched: Iron Man Figure
2026-05-24T13:37:57.809Z [TXN-7KGM1S9P] [order-service] INFO Order created: orderId=232, product=Iron Man Figure, amount=29.99
2026-05-24T13:37:57.810Z [TXN-7KGM1S9P] [order-service] INFO Calling notification-service for orderId=232
2026-05-24T13:37:57.824Z [TXN-7KGM1S9P] [order-service] ERROR Order failed: 
2026-05-24T13:37:57.947Z [TXN-7KGM1S9P] [order-service] INFO Calling catalog-service for productId=5
2026-05-24T13:37:57.962Z [TXN-7KGM1S9P] [catalog-service] INFO Product fetched: Iron Man Figure
2026-05-24T13:37:57.974Z [TXN-7KGM1S9P] [order-service] INFO Order created: orderId=233, product=Iron Man Figure, amount=29.99
2026-05-24T13:37:57.975Z [TXN-7KGM1S9P] [order-service] INFO Calling notification-service for orderId=233
2026-05-24T13:37:57.991Z [TXN-7KGM1S9P] [order-service] ERROR Order failed: 
2026-05-24T13:37:58.115Z [TXN-7KGM1S9P] [order-service] INFO Calling catalog-service for productId=5
2026-05-24T13:37:58.126Z [TXN-7KGM1S9P] [catalog-service] INFO Product fetched: Iron Man Figure
2026-05-24T13:37:58.142Z [TXN-7KGM1S9P] [order-service] INFO Order created: orderId=234, product=Iron Man Figure, amount=29.99
2026-05-24T13:37:58.143Z [TXN-7KGM1S9P] [order-service] INFO Calling notification-service for orderId=234
2026-05-24T13:37:58.158Z [TXN-7KGM1S9P] [order-service] ERROR Order failed: 
2026-05-24T13:37:58.460Z [TXN-7KGM1S9P] [order-service] INFO Calling catalog-service for productId=5
2026-05-24T13:37:58.488Z [TXN-7KGM1S9P] [catalog-service] INFO Product fetched: Iron Man Figure
2026-05-24T13:37:58.500Z [TXN-7KGM1S9P] [order-service] INFO Order created: orderId=235, product=Iron Man Figure, amount=29.99
2026-05-24T13:37:58.502Z [TXN-7KGM1S9P] [order-service] INFO Calling notification-service for orderId=235
2026-05-24T13:37:58.521Z [TXN-7KGM1S9P] [order-service] ERROR Order failed: 
2026-05-24T13:37:58.639Z [TXN-7KGM1S9P] [order-service] INFO Calling catalog-service for productId=5
2026-05-24T13:37:58.656Z [TXN-7KGM1S9P] [catalog-service] INFO Product fetched: Iron Man Figure
2026-05-24T13:37:58.668Z [TXN-7KGM1S9P] [order-service] INFO Order created: orderId=236, product=Iron Man Figure, amount=29.99
2026-05-24T13:37:58.669Z [TXN-7KGM1S9P] [order-service] INFO Calling notification-service for orderId=236
2026-05-24T13:37:58.676Z [TXN-7KGM1S9P] [order-service] ERROR Order failed: 
2026-05-24T13:37:58.824Z [TXN-7KGM1S9P] [order-service] INFO Calling catalog-service for productId=5
2026-05-24T13:37:58.841Z [TXN-7KGM1S9P] [catalog-service] INFO Product fetched: Iron Man Figure
2026-05-24T13:37:58.856Z [TXN-7KGM1S9P] [order-service] INFO Order created: orderId=237, product=Iron Man Figure, amount=29.99
2026-05-24T13:37:58.857Z [TXN-7KGM1S9P] [order-service] INFO Calling notification-service for orderId=237
2026-05-24T13:37:58.871Z [TXN-7KGM1S9P] [order-service] ERROR Order failed: 
2026-05-24T13:37:58.993Z [TXN-7KGM1S9P] [order-service] INFO Calling catalog-service for productId=5
2026-05-24T13:37:59.008Z [TXN-7KGM1S9P] [catalog-service] INFO Product fetched: Iron Man Figure
2026-05-24T13:37:59.024Z [TXN-7KGM1S9P] [order-service] INFO Order created: orderId=238, product=Iron Man Figure, amount=29.99
2026-05-24T13:37:59.025Z [TXN-7KGM1S9P] [order-service] INFO Calling notification-service for orderId=238
2026-05-24T13:37:59.042Z [TXN-7KGM1S9P] [order-service] ERROR Order failed: 
2026-05-24T13:37:59.159Z [TXN-7KGM1S9P] [order-service] INFO Calling catalog-service for productId=5
2026-05-24T13:37:59.173Z [TXN-7KGM1S9P] [catalog-service] INFO Product fetched: Iron Man Figure
2026-05-24T13:37:59.187Z [TXN-7KGM1S9P] [order-service] INFO Order created: orderId=239, product=Iron Man Figure, amount=29.99
2026-05-24T13:37:59.188Z [TXN-7KGM1S9P] [order-service] INFO Calling notification-service for orderId=239
2026-05-24T13:37:59.193Z [TXN-7KGM1S9P] [order-service] ERROR Order failed: 
2026-05-24T13:37:59.344Z [TXN-7KGM1S9P] [order-service] INFO Calling catalog-service for productId=5
2026-05-24T13:37:59.360Z [TXN-7KGM1S9P] [catalog-service] INFO Product fetched: Iron Man Figure
2026-05-24T13:37:59.376Z [TXN-7KGM1S9P] [order-service] INFO Order created: orderId=240, product=Iron Man Figure, amount=29.99
2026-05-24T13:37:59.377Z [TXN-7KGM1S9P] [order-service] INFO Calling notification-service for orderId=240
2026-05-24T13:37:59.392Z [TXN-7KGM1S9P] [order-service] ERROR Order failed: 
2026-05-24T13:37:59.526Z [TXN-7KGM1S9P] [order-service] INFO Calling catalog-service for productId=5
2026-05-24T13:37:59.541Z [TXN-7KGM1S9P] [catalog-service] INFO Product fetched: Iron Man Figure
2026-05-24T13:37:59.572Z [TXN-7KGM1S9P] [order-service] INFO Order created: orderId=241, product=Iron Man Figure, amount=29.99
2026-05-24T13:37:59.573Z [TXN-7KGM1S9P] [order-service] INFO Calling notification-service for orderId=241
2026-05-24T13:37:59.589Z [TXN-7KGM1S9P] [order-service] ERROR Order failed: 
2026-05-24T13:37:59.708Z [TXN-7KGM1S9P] [order-service] INFO Calling catalog-service for productId=5
2026-05-24T13:37:59.724Z [TXN-7KGM1S9P] [catalog-service] INFO Product fetched: Iron Man Figure
2026-05-24T13:37:59.737Z [TXN-7KGM1S9P] [order-service] INFO Order created: orderId=242, product=Iron Man Figure, amount=29.99
2026-05-24T13:37:59.739Z [TXN-7KGM1S9P] [order-service] INFO Calling notification-service for orderId=242
2026-05-24T13:37:59.754Z [TXN-7KGM1S9P] [order-service] ERROR Order failed: 
2026-05-24T13:37:59.893Z [TXN-7KGM1S9P] [order-service] INFO Calling catalog-service for productId=5
2026-05-24T13:37:59.906Z [TXN-7KGM1S9P] [catalog-service] INFO Product fetched: Iron Man Figure
2026-05-24T13:37:59.919Z [TXN-7KGM1S9P] [order-service] INFO Order created: orderId=243, product=Iron Man Figure, amount=29.99
2026-05-24T13:37:59.921Z [TXN-7KGM1S9P] [order-service] INFO Calling notification-service for orderId=243
2026-05-24T13:37:59.934Z [TXN-7KGM1S9P] [order-service] ERROR Order failed: 
2026-05-24T13:38:00.058Z [TXN-7KGM1S9P] [order-service] INFO Calling catalog-service for productId=5
2026-05-24T13:38:00.071Z [TXN-7KGM1S9P] [catalog-service] INFO Product fetched: Iron Man Figure
2026-05-24T13:38:00.086Z [TXN-7KGM1S9P] [order-service] INFO Order created: orderId=244, product=Iron Man Figure, amount=29.99
2026-05-24T13:38:00.088Z [TXN-7KGM1S9P] [order-service] INFO Calling notification-service for orderId=244
2026-05-24T13:38:00.094Z [TXN-7KGM1S9P] [order-service] ERROR Order failed: 
2026-05-24T13:38:00.242Z [TXN-7KGM1S9P] [order-service] INFO Calling catalog-service for productId=5
2026-05-24T13:38:00.255Z [TXN-7KGM1S9P] [catalog-service] INFO Product fetched: Iron Man Figure
2026-05-24T13:38:00.272Z [TXN-7KGM1S9P] [order-service] INFO Order created: orderId=245, product=Iron Man Figure, amount=29.99
2026-05-24T13:38:00.273Z [TXN-7KGM1S9P] [order-service] INFO Calling notification-service for orderId=245
2026-05-24T13:38:00.288Z [TXN-7KGM1S9P] [order-service] ERROR Order failed: 
2026-05-24T13:38:00.437Z [TXN-7KGM1S9P] [order-service] INFO Calling catalog-service for productId=5
2026-05-24T13:38:00.450Z [TXN-7KGM1S9P] [catalog-service] INFO Product fetched: Iron Man Figure
2026-05-24T13:38:00.461Z [TXN-7KGM1S9P] [order-service] INFO Order created: orderId=246, product=Iron Man Figure, amount=29.99
2026-05-24T13:38:00.463Z [TXN-7KGM1S9P] [order-service] INFO Calling notification-service for orderId=246
2026-05-24T13:38:00.477Z [TXN-7KGM1S9P] [order-service] ERROR Order failed: 
2026-05-24T13:38:01.093Z [TXN-7KGM1S9P] [order-service] INFO Calling catalog-service for productId=6
2026-05-24T13:38:01.116Z [TXN-7KGM1S9P] [catalog-service] INFO Product fetched: Spider-Man Toy
2026-05-24T13:38:01.135Z [TXN-7KGM1S9P] [order-service] INFO Order created: orderId=247, product=Spider-Man Toy, amount=17.99
2026-05-24T13:38:01.136Z [TXN-7KGM1S9P] [order-service] INFO Calling notification-service for orderId=247
2026-05-24T13:38:01.144Z [TXN-7KGM1S9P] [order-service] ERROR Order failed: 
2026-05-24T13:38:01.291Z [TXN-7KGM1S9P] [order-service] INFO Calling catalog-service for productId=6
2026-05-24T13:38:01.305Z [TXN-7KGM1S9P] [catalog-service] INFO Product fetched: Spider-Man Toy
2026-05-24T13:38:01.320Z [TXN-7KGM1S9P] [order-service] INFO Order created: orderId=248, product=Spider-Man Toy, amount=17.99
2026-05-24T13:38:01.321Z [TXN-7KGM1S9P] [order-service] INFO Calling notification-service for orderId=248
2026-05-24T13:38:01.332Z [TXN-7KGM1S9P] [order-service] ERROR Order failed: 
2026-05-24T13:38:01.474Z [TXN-7KGM1S9P] [order-service] INFO Calling catalog-service for productId=6
2026-05-24T13:38:01.488Z [TXN-7KGM1S9P] [catalog-service] INFO Product fetched: Spider-Man Toy
2026-05-24T13:38:01.502Z [TXN-7KGM1S9P] [order-service] INFO Order created: orderId=249, product=Spider-Man Toy, amount=17.99
2026-05-24T13:38:01.503Z [TXN-7KGM1S9P] [order-service] INFO Calling notification-service for orderId=249
2026-05-24T13:38:01.511Z [TXN-7KGM1S9P] [order-service] ERROR Order failed: 
2026-05-24T13:38:01.658Z [TXN-7KGM1S9P] [order-service] INFO Calling catalog-service for productId=6
2026-05-24T13:38:01.671Z [TXN-7KGM1S9P] [catalog-service] INFO Product fetched: Spider-Man Toy
2026-05-24T13:38:01.685Z [TXN-7KGM1S9P] [order-service] INFO Order created: orderId=250, product=Spider-Man Toy, amount=17.99
2026-05-24T13:38:01.687Z [TXN-7KGM1S9P] [order-service] INFO Calling notification-service for orderId=250
2026-05-24T13:38:01.694Z [TXN-7KGM1S9P] [order-service] ERROR Order failed: 
2026-05-24T13:38:01.840Z [TXN-7KGM1S9P] [order-service] INFO Calling catalog-service for productId=6
2026-05-24T13:38:01.856Z [TXN-7KGM1S9P] [catalog-service] INFO Product fetched: Spider-Man Toy
2026-05-24T13:38:01.872Z [TXN-7KGM1S9P] [order-service] INFO Order created: orderId=251, product=Spider-Man Toy, amount=17.99
2026-05-24T13:38:01.873Z [TXN-7KGM1S9P] [order-service] INFO Calling notification-service for orderId=251
2026-05-24T13:38:01.888Z [TXN-7KGM1S9P] [order-service] ERROR Order failed: 
2026-05-24T13:38:02.022Z [TXN-7KGM1S9P] [order-service] INFO Calling catalog-service for productId=6
2026-05-24T13:38:02.037Z [TXN-7KGM1S9P] [catalog-service] INFO Product fetched: Spider-Man Toy
2026-05-24T13:38:02.048Z [TXN-7KGM1S9P] [order-service] INFO Order created: orderId=252, product=Spider-Man Toy, amount=17.99
2026-05-24T13:38:02.051Z [TXN-7KGM1S9P] [order-service] INFO Calling notification-service for orderId=252
2026-05-24T13:38:02.060Z [TXN-7KGM1S9P] [order-service] ERROR Order failed: 
2026-05-24T13:38:02.173Z [TXN-7KGM1S9P] [order-service] INFO Calling catalog-service for productId=6
2026-05-24T13:38:02.188Z [TXN-7KGM1S9P] [catalog-service] INFO Product fetched: Spider-Man Toy
2026-05-24T13:38:02.201Z [TXN-7KGM1S9P] [order-service] INFO Order created: orderId=253, product=Spider-Man Toy, amount=17.99
2026-05-24T13:38:02.203Z [TXN-7KGM1S9P] [order-service] INFO Calling notification-service for orderId=253
2026-05-24T13:38:02.210Z [TXN-7KGM1S9P] [order-service] ERROR Order failed: 
2026-05-24T13:38:02.361Z [TXN-7KGM1S9P] [order-service] INFO Calling catalog-service for productId=6
2026-05-24T13:38:02.375Z [TXN-7KGM1S9P] [catalog-service] INFO Product fetched: Spider-Man Toy
2026-05-24T13:38:02.397Z [TXN-7KGM1S9P] [order-service] INFO Order created: orderId=254, product=Spider-Man Toy, amount=17.99
2026-05-24T13:38:02.406Z [TXN-7KGM1S9P] [order-service] INFO Calling notification-service for orderId=254
2026-05-24T13:38:02.422Z [TXN-7KGM1S9P] [order-service] ERROR Order failed: 
2026-05-24T13:38:02.542Z [TXN-7KGM1S9P] [order-service] INFO Calling catalog-service for productId=6
2026-05-24T13:38:02.555Z [TXN-7KGM1S9P] [catalog-service] INFO Product fetched: Spider-Man Toy
2026-05-24T13:38:02.565Z [TXN-7KGM1S9P] [order-service] INFO Order created: orderId=255, product=Spider-Man Toy, amount=17.99
2026-05-24T13:38:02.570Z [TXN-7KGM1S9P] [order-service] INFO Calling notification-service for orderId=255
2026-05-24T13:38:02.577Z [TXN-7KGM1S9P] [order-service] ERROR Order failed: 
2026-05-24T13:38:02.714Z [TXN-7KGM1S9P] [order-service] INFO Calling catalog-service for productId=6
2026-05-24T13:38:02.725Z [TXN-7KGM1S9P] [catalog-service] INFO Product fetched: Spider-Man Toy
2026-05-24T13:38:02.739Z [TXN-7KGM1S9P] [order-service] INFO Order created: orderId=256, product=Spider-Man Toy, amount=17.99
2026-05-24T13:38:02.740Z [TXN-7KGM1S9P] [order-service] INFO Calling notification-service for orderId=256
2026-05-24T13:38:02.753Z [TXN-7KGM1S9P] [order-service] ERROR Order failed: 
2026-05-24T13:38:03.442Z [TXN-7KGM1S9P] [order-service] INFO Calling catalog-service for productId=7
2026-05-24T13:38:03.456Z [TXN-7KGM1S9P] [catalog-service] INFO Product fetched: Hulk Poster
2026-05-24T13:38:03.473Z [TXN-7KGM1S9P] [order-service] INFO Order created: orderId=257, product=Hulk Poster, amount=9.99
2026-05-24T13:38:03.474Z [TXN-7KGM1S9P] [order-service] INFO Calling notification-service for orderId=257
2026-05-24T13:38:03.488Z [TXN-7KGM1S9P] [order-service] ERROR Order failed: 
2026-05-24T13:38:03.652Z [TXN-7KGM1S9P] [order-service] INFO Calling catalog-service for productId=7
2026-05-24T13:38:03.669Z [TXN-7KGM1S9P] [catalog-service] INFO Product fetched: Hulk Poster
2026-05-24T13:38:03.678Z [TXN-7KGM1S9P] [order-service] INFO Order created: orderId=258, product=Hulk Poster, amount=9.99
2026-05-24T13:38:03.685Z [TXN-7KGM1S9P] [order-service] INFO Calling notification-service for orderId=258
2026-05-24T13:38:03.692Z [TXN-7KGM1S9P] [order-service] ERROR Order failed: 
2026-05-24T13:38:03.814Z [TXN-7KGM1S9P] [order-service] INFO Calling catalog-service for productId=7
2026-05-24T13:38:03.826Z [TXN-7KGM1S9P] [catalog-service] INFO Product fetched: Hulk Poster
2026-05-24T13:38:03.850Z [TXN-7KGM1S9P] [order-service] INFO Order created: orderId=259, product=Hulk Poster, amount=9.99
2026-05-24T13:38:03.854Z [TXN-7KGM1S9P] [order-service] INFO Calling notification-service for orderId=259
2026-05-24T13:38:03.861Z [TXN-7KGM1S9P] [order-service] ERROR Order failed: 
2026-05-24T13:38:04.007Z [TXN-7KGM1S9P] [order-service] INFO Calling catalog-service for productId=7
2026-05-24T13:38:04.029Z [TXN-7KGM1S9P] [catalog-service] INFO Product fetched: Hulk Poster
2026-05-24T13:38:04.042Z [TXN-7KGM1S9P] [order-service] INFO Order created: orderId=260, product=Hulk Poster, amount=9.99
2026-05-24T13:38:04.043Z [TXN-7KGM1S9P] [order-service] INFO Calling notification-service for orderId=260
2026-05-24T13:38:04.055Z [TXN-7KGM1S9P] [order-service] ERROR Order failed: 
2026-05-24T13:38:04.177Z [TXN-7KGM1S9P] [order-service] INFO Calling catalog-service for productId=7
2026-05-24T13:38:04.191Z [TXN-7KGM1S9P] [catalog-service] INFO Product fetched: Hulk Poster
2026-05-24T13:38:04.209Z [TXN-7KGM1S9P] [order-service] INFO Order created: orderId=261, product=Hulk Poster, amount=9.99
2026-05-24T13:38:04.210Z [TXN-7KGM1S9P] [order-service] INFO Calling notification-service for orderId=261
2026-05-24T13:38:04.224Z [TXN-7KGM1S9P] [order-service] ERROR Order failed: 
2026-05-24T13:38:04.342Z [TXN-7KGM1S9P] [order-service] INFO Calling catalog-service for productId=7
2026-05-24T13:38:04.358Z [TXN-7KGM1S9P] [catalog-service] INFO Product fetched: Hulk Poster
2026-05-24T13:38:04.374Z [TXN-7KGM1S9P] [order-service] INFO Order created: orderId=262, product=Hulk Poster, amount=9.99
2026-05-24T13:38:04.375Z [TXN-7KGM1S9P] [order-service] INFO Calling notification-service for orderId=262
2026-05-24T13:38:04.390Z [TXN-7KGM1S9P] [order-service] ERROR Order failed: 
2026-05-24T13:38:05.206Z [TXN-7KGM1S9P] [order-service] INFO Calling catalog-service for productId=8
2026-05-24T13:38:05.217Z [TXN-7KGM1S9P] [catalog-service] INFO Product fetched: Thor Hammer Replica
2026-05-24T13:38:05.265Z [TXN-7KGM1S9P] [order-service] INFO Order created: orderId=263, product=Thor Hammer Replica, amount=39.99
2026-05-24T13:38:05.269Z [TXN-7KGM1S9P] [order-service] INFO Calling notification-service for orderId=263
2026-05-24T13:38:05.277Z [TXN-7KGM1S9P] [order-service] ERROR Order failed: 
2026-05-24T13:38:05.440Z [TXN-7KGM1S9P] [order-service] INFO Calling catalog-service for productId=8
2026-05-24T13:38:05.464Z [TXN-7KGM1S9P] [catalog-service] INFO Product fetched: Thor Hammer Replica
2026-05-24T13:38:05.492Z [TXN-7KGM1S9P] [order-service] INFO Order created: orderId=264, product=Thor Hammer Replica, amount=39.99
2026-05-24T13:38:05.505Z [TXN-7KGM1S9P] [order-service] INFO Calling notification-service for orderId=264
2026-05-24T13:38:05.534Z [TXN-7KGM1S9P] [order-service] ERROR Order failed: 
2026-05-24T13:38:05.643Z [TXN-7KGM1S9P] [order-service] INFO Calling catalog-service for productId=8
2026-05-24T13:38:05.673Z [TXN-7KGM1S9P] [catalog-service] INFO Product fetched: Thor Hammer Replica
2026-05-24T13:38:05.691Z [TXN-7KGM1S9P] [order-service] INFO Order created: orderId=265, product=Thor Hammer Replica, amount=39.99
2026-05-24T13:38:05.693Z [TXN-7KGM1S9P] [order-service] INFO Calling notification-service for orderId=265
2026-05-24T13:38:05.708Z [TXN-7KGM1S9P] [order-service] ERROR Order failed: 
2026-05-24T13:38:05.857Z [TXN-7KGM1S9P] [order-service] INFO Calling catalog-service for productId=8
2026-05-24T13:38:05.876Z [TXN-7KGM1S9P] [catalog-service] INFO Product fetched: Thor Hammer Replica
2026-05-24T13:38:05.890Z [TXN-7KGM1S9P] [order-service] INFO Order created: orderId=266, product=Thor Hammer Replica, amount=39.99
2026-05-24T13:38:05.891Z [TXN-7KGM1S9P] [order-service] INFO Calling notification-service for orderId=266
2026-05-24T13:38:05.907Z [TXN-7KGM1S9P] [order-service] ERROR Order failed: 
2026-05-24T13:38:06.037Z [TXN-7KGM1S9P] [order-service] INFO Calling catalog-service for productId=8
2026-05-24T13:38:06.051Z [TXN-7KGM1S9P] [catalog-service] INFO Product fetched: Thor Hammer Replica
2026-05-24T13:38:06.063Z [TXN-7KGM1S9P] [order-service] INFO Order created: orderId=267, product=Thor Hammer Replica, amount=39.99
2026-05-24T13:38:06.067Z [TXN-7KGM1S9P] [order-service] INFO Calling notification-service for orderId=267
2026-05-24T13:38:06.076Z [TXN-7KGM1S9P] [order-service] ERROR Order failed: 
2026-05-24T13:38:06.225Z [TXN-7KGM1S9P] [order-service] INFO Calling catalog-service for productId=8
2026-05-24T13:38:06.239Z [TXN-7KGM1S9P] [catalog-service] INFO Product fetched: Thor Hammer Replica
2026-05-24T13:38:06.254Z [TXN-7KGM1S9P] [order-service] INFO Order created: orderId=268, product=Thor Hammer Replica, amount=39.99
2026-05-24T13:38:06.255Z [TXN-7KGM1S9P] [order-service] INFO Calling notification-service for orderId=268
2026-05-24T13:38:06.263Z [TXN-7KGM1S9P] [order-service] ERROR Order failed: 
2026-05-24T13:38:06.472Z [TXN-7KGM1S9P] [order-service] INFO Calling catalog-service for productId=8
2026-05-24T13:38:06.485Z [TXN-7KGM1S9P] [catalog-service] INFO Product fetched: Thor Hammer Replica
2026-05-24T13:38:06.501Z [TXN-7KGM1S9P] [order-service] INFO Order created: orderId=269, product=Thor Hammer Replica, amount=39.99
2026-05-24T13:38:06.502Z [TXN-7KGM1S9P] [order-service] INFO Calling notification-service for orderId=269
2026-05-24T13:38:06.510Z [TXN-7KGM1S9P] [order-service] ERROR Order failed: 
2026-05-24T13:38:06.705Z [TXN-7KGM1S9P] [order-service] INFO Calling catalog-service for productId=8
2026-05-24T13:38:06.718Z [TXN-7KGM1S9P] [catalog-service] INFO Product fetched: Thor Hammer Replica
2026-05-24T13:38:06.732Z [TXN-7KGM1S9P] [order-service] INFO Order created: orderId=270, product=Thor Hammer Replica, amount=39.99
2026-05-24T13:38:06.734Z [TXN-7KGM1S9P] [order-service] INFO Calling notification-service for orderId=270
2026-05-24T13:38:06.745Z [TXN-7KGM1S9P] [order-service] ERROR Order failed: 
2026-05-24T13:38:06.972Z [TXN-7KGM1S9P] [order-service] INFO Calling catalog-service for productId=8
2026-05-24T13:38:06.987Z [TXN-7KGM1S9P] [catalog-service] INFO Product fetched: Thor Hammer Replica
2026-05-24T13:38:07.001Z [TXN-7KGM1S9P] [order-service] INFO Order created: orderId=271, product=Thor Hammer Replica, amount=39.99
2026-05-24T13:38:07.002Z [TXN-7KGM1S9P] [order-service] INFO Calling notification-service for orderId=271
2026-05-24T13:38:07.020Z [TXN-7KGM1S9P] [order-service] ERROR Order failed: 
2026-05-24T13:38:07.158Z [TXN-7KGM1S9P] [order-service] INFO Calling catalog-service for productId=8
2026-05-24T13:38:07.177Z [TXN-7KGM1S9P] [catalog-service] INFO Product fetched: Thor Hammer Replica
2026-05-24T13:38:07.194Z [TXN-7KGM1S9P] [order-service] INFO Order created: orderId=272, product=Thor Hammer Replica, amount=39.99
2026-05-24T13:38:07.198Z [TXN-7KGM1S9P] [order-service] INFO Calling notification-service for orderId=272
2026-05-24T13:38:07.209Z [TXN-7KGM1S9P] [order-service] ERROR Order failed: 
2026-05-24T13:38:07.345Z [TXN-7KGM1S9P] [order-service] INFO Calling catalog-service for productId=8
2026-05-24T13:38:07.358Z [TXN-7KGM1S9P] [catalog-service] INFO Product fetched: Thor Hammer Replica
2026-05-24T13:38:07.372Z [TXN-7KGM1S9P] [order-service] INFO Order created: orderId=273, product=Thor Hammer Replica, amount=39.99
2026-05-24T13:38:07.374Z [TXN-7KGM1S9P] [order-service] INFO Calling notification-service for orderId=273
2026-05-24T13:38:07.388Z [TXN-7KGM1S9P] [order-service] ERROR Order failed: 
2026-05-24T13:38:07.523Z [TXN-7KGM1S9P] [order-service] INFO Calling catalog-service for productId=8
2026-05-24T13:38:07.538Z [TXN-7KGM1S9P] [catalog-service] INFO Product fetched: Thor Hammer Replica
2026-05-24T13:38:07.554Z [TXN-7KGM1S9P] [order-service] INFO Order created: orderId=274, product=Thor Hammer Replica, amount=39.99
2026-05-24T13:38:07.555Z [TXN-7KGM1S9P] [order-service] INFO Calling notification-service for orderId=274
2026-05-24T13:38:07.567Z [TXN-7KGM1S9P] [order-service] ERROR Order failed: 
2026-05-24T13:38:07.725Z [TXN-7KGM1S9P] [order-service] INFO Calling catalog-service for productId=8
2026-05-24T13:38:07.740Z [TXN-7KGM1S9P] [catalog-service] INFO Product fetched: Thor Hammer Replica
2026-05-24T13:38:07.752Z [TXN-7KGM1S9P] [order-service] INFO Order created: orderId=275, product=Thor Hammer Replica, amount=39.99
2026-05-24T13:38:07.753Z [TXN-7KGM1S9P] [order-service] INFO Calling notification-service for orderId=275
2026-05-24T13:38:07.762Z [TXN-7KGM1S9P] [order-service] ERROR Order failed: 
2026-05-24T13:38:07.917Z [TXN-7KGM1S9P] [order-service] INFO Calling catalog-service for productId=8
2026-05-24T13:38:07.925Z [TXN-7KGM1S9P] [catalog-service] INFO Product fetched: Thor Hammer Replica
2026-05-24T13:38:07.940Z [TXN-7KGM1S9P] [order-service] INFO Order created: orderId=276, product=Thor Hammer Replica, amount=39.99
2026-05-24T13:38:07.941Z [TXN-7KGM1S9P] [order-service] INFO Calling notification-service for orderId=276
2026-05-24T13:38:07.955Z [TXN-7KGM1S9P] [order-service] ERROR Order failed: 
2026-05-24T13:38:08.106Z [TXN-7KGM1S9P] [order-service] INFO Calling catalog-service for productId=8
2026-05-24T13:38:08.122Z [TXN-7KGM1S9P] [catalog-service] INFO Product fetched: Thor Hammer Replica
2026-05-24T13:38:08.133Z [TXN-7KGM1S9P] [order-service] INFO Order created: orderId=277, product=Thor Hammer Replica, amount=39.99
2026-05-24T13:38:08.134Z [TXN-7KGM1S9P] [order-service] INFO Calling notification-service for orderId=277
2026-05-24T13:38:08.141Z [TXN-7KGM1S9P] [order-service] ERROR Order failed: 
2026-05-24T13:38:08.301Z [TXN-7KGM1S9P] [order-service] INFO Calling catalog-service for productId=8
2026-05-24T13:38:08.309Z [TXN-7KGM1S9P] [catalog-service] INFO Product fetched: Thor Hammer Replica
2026-05-24T13:38:08.325Z [TXN-7KGM1S9P] [order-service] INFO Order created: orderId=278, product=Thor Hammer Replica, amount=39.99
2026-05-24T13:38:08.326Z [TXN-7KGM1S9P] [order-service] INFO Calling notification-service for orderId=278
2026-05-24T13:38:08.339Z [TXN-7KGM1S9P] [order-service] ERROR Order failed: 
2026-05-24T13:38:08.491Z [TXN-7KGM1S9P] [order-service] INFO Calling catalog-service for productId=8
2026-05-24T13:38:08.505Z [TXN-7KGM1S9P] [catalog-service] INFO Product fetched: Thor Hammer Replica
2026-05-24T13:38:08.518Z [TXN-7KGM1S9P] [order-service] INFO Order created: orderId=279, product=Thor Hammer Replica, amount=39.99
2026-05-24T13:38:08.520Z [TXN-7KGM1S9P] [order-service] INFO Calling notification-service for orderId=279
2026-05-24T13:38:08.527Z [TXN-7KGM1S9P] [order-service] ERROR Order failed: 
2026-05-24T13:38:08.672Z [TXN-7KGM1S9P] [order-service] INFO Calling catalog-service for productId=8
2026-05-24T13:38:08.686Z [TXN-7KGM1S9P] [catalog-service] INFO Product fetched: Thor Hammer Replica
2026-05-24T13:38:08.693Z [TXN-7KGM1S9P] [order-service] INFO Order created: orderId=280, product=Thor Hammer Replica, amount=39.99
2026-05-24T13:38:08.695Z [TXN-7KGM1S9P] [order-service] INFO Calling notification-service for orderId=280
2026-05-24T13:38:08.706Z [TXN-7KGM1S9P] [order-service] ERROR Order failed: 
2026-05-24T13:38:09.666Z [TXN-7KGM1S9P] [catalog-service] INFO Category=DC: 4 products
2026-05-24T13:38:10.825Z [TXN-7KGM1S9P] [order-service] INFO Calling catalog-service for productId=1
2026-05-24T13:38:10.838Z [TXN-7KGM1S9P] [catalog-service] INFO Product fetched: Batman Figure
2026-05-24T13:38:10.851Z [TXN-7KGM1S9P] [order-service] INFO Order created: orderId=281, product=Batman Figure, amount=24.99
2026-05-24T13:38:10.853Z [TXN-7KGM1S9P] [order-service] INFO Calling notification-service for orderId=281
2026-05-24T13:38:10.860Z [TXN-7KGM1S9P] [order-service] ERROR Order failed: 
2026-05-24T13:38:11.037Z [TXN-7KGM1S9P] [order-service] INFO Calling catalog-service for productId=1
2026-05-24T13:38:11.044Z [TXN-7KGM1S9P] [catalog-service] INFO Product fetched: Batman Figure
2026-05-24T13:38:11.060Z [TXN-7KGM1S9P] [order-service] INFO Order created: orderId=282, product=Batman Figure, amount=24.99
2026-05-24T13:38:11.061Z [TXN-7KGM1S9P] [order-service] INFO Calling notification-service for orderId=282
2026-05-24T13:38:11.074Z [TXN-7KGM1S9P] [order-service] ERROR Order failed: 
2026-05-24T13:38:11.255Z [TXN-7KGM1S9P] [order-service] INFO Calling catalog-service for productId=1
2026-05-24T13:38:11.268Z [TXN-7KGM1S9P] [catalog-service] INFO Product fetched: Batman Figure
2026-05-24T13:38:11.280Z [TXN-7KGM1S9P] [order-service] INFO Order created: orderId=283, product=Batman Figure, amount=24.99
2026-05-24T13:38:11.285Z [TXN-7KGM1S9P] [order-service] INFO Calling notification-service for orderId=283
2026-05-24T13:38:11.300Z [TXN-7KGM1S9P] [order-service] ERROR Order failed: 
2026-05-24T13:38:11.453Z [TXN-7KGM1S9P] [order-service] INFO Calling catalog-service for productId=1
2026-05-24T13:38:11.469Z [TXN-7KGM1S9P] [catalog-service] INFO Product fetched: Batman Figure
2026-05-24T13:38:11.476Z [TXN-7KGM1S9P] [order-service] INFO Order created: orderId=284, product=Batman Figure, amount=24.99
2026-05-24T13:38:11.478Z [TXN-7KGM1S9P] [order-service] INFO Calling notification-service for orderId=284
2026-05-24T13:38:11.491Z [TXN-7KGM1S9P] [order-service] ERROR Order failed: 
2026-05-24T13:38:12.124Z [TXN-7KGM1S9P] [order-service] INFO Calling catalog-service for productId=2
2026-05-24T13:38:12.137Z [TXN-7KGM1S9P] [catalog-service] INFO Product fetched: Superman T-Shirt
2026-05-24T13:38:12.148Z [TXN-7KGM1S9P] [order-service] INFO Order created: orderId=285, product=Superman T-Shirt, amount=19.99
2026-05-24T13:38:12.150Z [TXN-7KGM1S9P] [order-service] INFO Calling notification-service for orderId=285
2026-05-24T13:38:12.159Z [TXN-7KGM1S9P] [order-service] ERROR Order failed: 
2026-05-24T13:38:12.321Z [TXN-7KGM1S9P] [order-service] INFO Calling catalog-service for productId=2
2026-05-24T13:38:12.333Z [TXN-7KGM1S9P] [catalog-service] INFO Product fetched: Superman T-Shirt
2026-05-24T13:38:12.343Z [TXN-7KGM1S9P] [order-service] INFO Order created: orderId=286, product=Superman T-Shirt, amount=19.99
2026-05-24T13:38:12.344Z [TXN-7KGM1S9P] [order-service] INFO Calling notification-service for orderId=286
2026-05-24T13:38:12.354Z [TXN-7KGM1S9P] [order-service] ERROR Order failed: 
2026-05-24T13:38:12.505Z [TXN-7KGM1S9P] [order-service] INFO Calling catalog-service for productId=2
2026-05-24T13:38:12.518Z [TXN-7KGM1S9P] [catalog-service] INFO Product fetched: Superman T-Shirt
2026-05-24T13:38:12.527Z [TXN-7KGM1S9P] [order-service] INFO Order created: orderId=287, product=Superman T-Shirt, amount=19.99
2026-05-24T13:38:12.529Z [TXN-7KGM1S9P] [order-service] INFO Calling notification-service for orderId=287
2026-05-24T13:38:12.540Z [TXN-7KGM1S9P] [order-service] ERROR Order failed: 
2026-05-24T13:38:12.716Z [TXN-7KGM1S9P] [order-service] INFO Calling catalog-service for productId=2
2026-05-24T13:38:12.725Z [TXN-7KGM1S9P] [catalog-service] INFO Product fetched: Superman T-Shirt
2026-05-24T13:38:12.740Z [TXN-7KGM1S9P] [order-service] INFO Order created: orderId=288, product=Superman T-Shirt, amount=19.99
2026-05-24T13:38:12.741Z [TXN-7KGM1S9P] [order-service] INFO Calling notification-service for orderId=288
2026-05-24T13:38:12.757Z [TXN-7KGM1S9P] [order-service] ERROR Order failed: 
2026-05-24T13:38:12.906Z [TXN-7KGM1S9P] [order-service] INFO Calling catalog-service for productId=2
2026-05-24T13:38:12.920Z [TXN-7KGM1S9P] [catalog-service] INFO Product fetched: Superman T-Shirt
2026-05-24T13:38:12.927Z [TXN-7KGM1S9P] [order-service] INFO Order created: orderId=289, product=Superman T-Shirt, amount=19.99
2026-05-24T13:38:12.929Z [TXN-7KGM1S9P] [order-service] INFO Calling notification-service for orderId=289
2026-05-24T13:38:12.940Z [TXN-7KGM1S9P] [order-service] ERROR Order failed: 
2026-05-24T13:38:13.088Z [TXN-7KGM1S9P] [order-service] INFO Calling catalog-service for productId=2
2026-05-24T13:38:13.104Z [TXN-7KGM1S9P] [catalog-service] INFO Product fetched: Superman T-Shirt
2026-05-24T13:38:13.121Z [TXN-7KGM1S9P] [order-service] INFO Order created: orderId=290, product=Superman T-Shirt, amount=19.99
2026-05-24T13:38:13.123Z [TXN-7KGM1S9P] [order-service] INFO Calling notification-service for orderId=290
2026-05-24T13:38:13.142Z [TXN-7KGM1S9P] [order-service] ERROR Order failed: 
2026-05-24T13:38:13.655Z [TXN-7KGM1S9P] [order-service] INFO Calling catalog-service for productId=3
2026-05-24T13:38:13.672Z [TXN-7KGM1S9P] [catalog-service] INFO Product fetched: Flash Toy
2026-05-24T13:38:13.685Z [TXN-7KGM1S9P] [order-service] INFO Order created: orderId=291, product=Flash Toy, amount=14.99
2026-05-24T13:38:13.687Z [TXN-7KGM1S9P] [order-service] INFO Calling notification-service for orderId=291
2026-05-24T13:38:13.697Z [TXN-7KGM1S9P] [order-service] ERROR Order failed: 
2026-05-24T13:38:13.874Z [TXN-7KGM1S9P] [order-service] INFO Calling catalog-service for productId=3
2026-05-24T13:38:13.889Z [TXN-7KGM1S9P] [catalog-service] INFO Product fetched: Flash Toy
2026-05-24T13:38:13.902Z [TXN-7KGM1S9P] [order-service] INFO Order created: orderId=292, product=Flash Toy, amount=14.99
2026-05-24T13:38:13.903Z [TXN-7KGM1S9P] [order-service] INFO Calling notification-service for orderId=292
2026-05-24T13:38:13.910Z [TXN-7KGM1S9P] [order-service] ERROR Order failed: 
2026-05-24T13:38:14.074Z [TXN-7KGM1S9P] [order-service] INFO Calling catalog-service for productId=3
2026-05-24T13:38:14.089Z [TXN-7KGM1S9P] [catalog-service] INFO Product fetched: Flash Toy
2026-05-24T13:38:14.100Z [TXN-7KGM1S9P] [order-service] INFO Order created: orderId=293, product=Flash Toy, amount=14.99
2026-05-24T13:38:14.101Z [TXN-7KGM1S9P] [order-service] INFO Calling notification-service for orderId=293
2026-05-24T13:38:14.109Z [TXN-7KGM1S9P] [order-service] ERROR Order failed: 
2026-05-24T13:38:14.654Z [TXN-7KGM1S9P] [order-service] INFO Calling catalog-service for productId=3
2026-05-24T13:38:14.668Z [TXN-7KGM1S9P] [catalog-service] INFO Product fetched: Flash Toy
2026-05-24T13:38:14.677Z [TXN-7KGM1S9P] [order-service] INFO Order created: orderId=294, product=Flash Toy, amount=14.99
2026-05-24T13:38:14.679Z [TXN-7KGM1S9P] [order-service] INFO Calling notification-service for orderId=294
2026-05-24T13:38:14.693Z [TXN-7KGM1S9P] [order-service] ERROR Order failed: 
2026-05-24T13:38:14.858Z [TXN-7KGM1S9P] [order-service] INFO Calling catalog-service for productId=3
2026-05-24T13:38:14.873Z [TXN-7KGM1S9P] [catalog-service] INFO Product fetched: Flash Toy
2026-05-24T13:38:14.885Z [TXN-7KGM1S9P] [order-service] INFO Order created: orderId=295, product=Flash Toy, amount=14.99
2026-05-24T13:38:14.887Z [TXN-7KGM1S9P] [order-service] INFO Calling notification-service for orderId=295
2026-05-24T13:38:14.894Z [TXN-7KGM1S9P] [order-service] ERROR Order failed: 
2026-05-24T13:38:15.794Z [TXN-7KGM1S9P] [order-service] INFO Calling catalog-service for productId=3
2026-05-24T13:38:15.808Z [TXN-7KGM1S9P] [catalog-service] INFO Product fetched: Flash Toy
2026-05-24T13:38:15.819Z [TXN-7KGM1S9P] [order-service] INFO Order created: orderId=296, product=Flash Toy, amount=14.99
2026-05-24T13:38:15.824Z [TXN-7KGM1S9P] [order-service] INFO Calling notification-service for orderId=296
2026-05-24T13:38:15.838Z [TXN-7KGM1S9P] [order-service] ERROR Order failed: 
2026-05-24T13:38:16.005Z [TXN-7KGM1S9P] [order-service] INFO Calling catalog-service for productId=3
2026-05-24T13:38:16.016Z [TXN-7KGM1S9P] [catalog-service] INFO Product fetched: Flash Toy
2026-05-24T13:38:16.026Z [TXN-7KGM1S9P] [order-service] INFO Order created: orderId=297, product=Flash Toy, amount=14.99
2026-05-24T13:38:16.027Z [TXN-7KGM1S9P] [order-service] INFO Calling notification-service for orderId=297
2026-05-24T13:38:16.039Z [TXN-7KGM1S9P] [order-service] ERROR Order failed: 
2026-05-24T13:38:16.187Z [TXN-7KGM1S9P] [order-service] INFO Calling catalog-service for productId=3
2026-05-24T13:38:16.194Z [TXN-7KGM1S9P] [catalog-service] INFO Product fetched: Flash Toy
2026-05-24T13:38:16.206Z [TXN-7KGM1S9P] [order-service] INFO Order created: orderId=298, product=Flash Toy, amount=14.99
2026-05-24T13:38:16.207Z [TXN-7KGM1S9P] [order-service] INFO Calling notification-service for orderId=298
2026-05-24T13:38:16.219Z [TXN-7KGM1S9P] [order-service] ERROR Order failed: 
2026-05-24T13:38:17.258Z [TXN-7KGM1S9P] [order-service] INFO Calling catalog-service for productId=4
2026-05-24T13:38:17.269Z [TXN-7KGM1S9P] [catalog-service] INFO Product fetched: Wonder Woman Poster
2026-05-24T13:38:17.283Z [TXN-7KGM1S9P] [order-service] INFO Order created: orderId=299, product=Wonder Woman Poster, amount=9.99
2026-05-24T13:38:17.284Z [TXN-7KGM1S9P] [order-service] INFO Calling notification-service for orderId=299
2026-05-24T13:38:17.293Z [TXN-7KGM1S9P] [order-service] ERROR Order failed: 
2026-05-24T13:38:17.454Z [TXN-7KGM1S9P] [order-service] INFO Calling catalog-service for productId=4
2026-05-24T13:38:17.467Z [TXN-7KGM1S9P] [catalog-service] INFO Product fetched: Wonder Woman Poster
2026-05-24T13:38:17.477Z [TXN-7KGM1S9P] [order-service] INFO Order created: orderId=300, product=Wonder Woman Poster, amount=9.99
2026-05-24T13:38:17.479Z [TXN-7KGM1S9P] [order-service] INFO Calling notification-service for orderId=300
2026-05-24T13:38:17.493Z [TXN-7KGM1S9P] [order-service] ERROR Order failed: 
2026-05-24T13:38:17.653Z [TXN-7KGM1S9P] [order-service] INFO Calling catalog-service for productId=4
2026-05-24T13:38:17.662Z [TXN-7KGM1S9P] [catalog-service] INFO Product fetched: Wonder Woman Poster
2026-05-24T13:38:17.682Z [TXN-7KGM1S9P] [order-service] INFO Order created: orderId=301, product=Wonder Woman Poster, amount=9.99
2026-05-24T13:38:17.688Z [TXN-7KGM1S9P] [order-service] INFO Calling notification-service for orderId=301
2026-05-24T13:38:17.695Z [TXN-7KGM1S9P] [order-service] ERROR Order failed: 
2026-05-24T13:38:17.838Z [TXN-7KGM1S9P] [order-service] INFO Calling catalog-service for productId=4
2026-05-24T13:38:17.856Z [TXN-7KGM1S9P] [catalog-service] INFO Product fetched: Wonder Woman Poster
2026-05-24T13:38:17.868Z [TXN-7KGM1S9P] [order-service] INFO Order created: orderId=302, product=Wonder Woman Poster, amount=9.99
2026-05-24T13:38:17.869Z [TXN-7KGM1S9P] [order-service] INFO Calling notification-service for orderId=302
2026-05-24T13:38:17.876Z [TXN-7KGM1S9P] [order-service] ERROR Order failed: 
2026-05-24T13:38:18.039Z [TXN-7KGM1S9P] [order-service] INFO Calling catalog-service for productId=4
2026-05-24T13:38:18.054Z [TXN-7KGM1S9P] [catalog-service] INFO Product fetched: Wonder Woman Poster
2026-05-24T13:38:18.065Z [TXN-7KGM1S9P] [order-service] INFO Order created: orderId=303, product=Wonder Woman Poster, amount=9.99
2026-05-24T13:38:18.069Z [TXN-7KGM1S9P] [order-service] INFO Calling notification-service for orderId=303
2026-05-24T13:38:18.077Z [TXN-7KGM1S9P] [order-service] ERROR Order failed: 
2026-05-24T13:38:18.240Z [TXN-7KGM1S9P] [order-service] INFO Calling catalog-service for productId=4
2026-05-24T13:38:18.256Z [TXN-7KGM1S9P] [catalog-service] INFO Product fetched: Wonder Woman Poster
2026-05-24T13:38:18.268Z [TXN-7KGM1S9P] [order-service] INFO Order created: orderId=304, product=Wonder Woman Poster, amount=9.99
2026-05-24T13:38:18.269Z [TXN-7KGM1S9P] [order-service] INFO Calling notification-service for orderId=304
2026-05-24T13:38:18.276Z [TXN-7KGM1S9P] [order-service] ERROR Order failed: 
2026-05-24T13:38:18.442Z [TXN-7KGM1S9P] [order-service] INFO Calling catalog-service for productId=4
2026-05-24T13:38:18.456Z [TXN-7KGM1S9P] [catalog-service] INFO Product fetched: Wonder Woman Poster
2026-05-24T13:38:18.470Z [TXN-7KGM1S9P] [order-service] INFO Order created: orderId=305, product=Wonder Woman Poster, amount=9.99
2026-05-24T13:38:18.471Z [TXN-7KGM1S9P] [order-service] INFO Calling notification-service for orderId=305
2026-05-24T13:38:18.481Z [TXN-7KGM1S9P] [order-service] ERROR Order failed: 
2026-05-24T13:38:18.637Z [TXN-7KGM1S9P] [order-service] INFO Calling catalog-service for productId=4
2026-05-24T13:38:18.652Z [TXN-7KGM1S9P] [catalog-service] INFO Product fetched: Wonder Woman Poster
2026-05-24T13:38:18.660Z [TXN-7KGM1S9P] [order-service] INFO Order created: orderId=306, product=Wonder Woman Poster, amount=9.99
2026-05-24T13:38:18.661Z [TXN-7KGM1S9P] [order-service] INFO Calling notification-service for orderId=306
2026-05-24T13:38:18.676Z [TXN-7KGM1S9P] [order-service] ERROR Order failed: 
2026-05-24T13:38:18.822Z [TXN-7KGM1S9P] [order-service] INFO Calling catalog-service for productId=4
2026-05-24T13:38:18.835Z [TXN-7KGM1S9P] [catalog-service] INFO Product fetched: Wonder Woman Poster
2026-05-24T13:38:18.852Z [TXN-7KGM1S9P] [order-service] INFO Order created: orderId=307, product=Wonder Woman Poster, amount=9.99
2026-05-24T13:38:18.854Z [TXN-7KGM1S9P] [order-service] INFO Calling notification-service for orderId=307
2026-05-24T13:38:18.861Z [TXN-7KGM1S9P] [order-service] ERROR Order failed: 
2026-05-24T13:38:19.008Z [TXN-7KGM1S9P] [order-service] INFO Calling catalog-service for productId=4
2026-05-24T13:38:19.023Z [TXN-7KGM1S9P] [catalog-service] INFO Product fetched: Wonder Woman Poster
2026-05-24T13:38:19.034Z [TXN-7KGM1S9P] [order-service] INFO Order created: orderId=308, product=Wonder Woman Poster, amount=9.99
2026-05-24T13:38:19.035Z [TXN-7KGM1S9P] [order-service] INFO Calling notification-service for orderId=308
2026-05-24T13:38:19.043Z [TXN-7KGM1S9P] [order-service] ERROR Order failed: 
2026-05-24T13:38:19.191Z [TXN-7KGM1S9P] [order-service] INFO Calling catalog-service for productId=4
2026-05-24T13:38:19.205Z [TXN-7KGM1S9P] [catalog-service] INFO Product fetched: Wonder Woman Poster
2026-05-24T13:38:19.220Z [TXN-7KGM1S9P] [order-service] INFO Order created: orderId=309, product=Wonder Woman Poster, amount=9.99
2026-05-24T13:38:19.222Z [TXN-7KGM1S9P] [order-service] INFO Calling notification-service for orderId=309
2026-05-24T13:38:19.233Z [TXN-7KGM1S9P] [order-service] ERROR Order failed: 
2026-05-24T13:38:19.392Z [TXN-7KGM1S9P] [order-service] INFO Calling catalog-service for productId=4
2026-05-24T13:38:19.404Z [TXN-7KGM1S9P] [catalog-service] INFO Product fetched: Wonder Woman Poster
2026-05-24T13:38:19.415Z [TXN-7KGM1S9P] [order-service] INFO Order created: orderId=310, product=Wonder Woman Poster, amount=9.99
2026-05-24T13:38:19.417Z [TXN-7KGM1S9P] [order-service] INFO Calling notification-service for orderId=310
2026-05-24T13:38:19.425Z [TXN-7KGM1S9P] [order-service] ERROR Order failed: 
2026-05-24T13:38:19.623Z [TXN-7KGM1S9P] [order-service] INFO Calling catalog-service for productId=4
2026-05-24T13:38:19.638Z [TXN-7KGM1S9P] [catalog-service] INFO Product fetched: Wonder Woman Poster
2026-05-24T13:38:19.649Z [TXN-7KGM1S9P] [order-service] INFO Order created: orderId=311, product=Wonder Woman Poster, amount=9.99
2026-05-24T13:38:19.651Z [TXN-7KGM1S9P] [order-service] INFO Calling notification-service for orderId=311
2026-05-24T13:38:19.658Z [TXN-7KGM1S9P] [order-service] ERROR Order failed: 
2026-05-24T13:38:20.074Z [TXN-7KGM1S9P] [order-service] INFO Calling catalog-service for productId=4
2026-05-24T13:38:20.086Z [TXN-7KGM1S9P] [catalog-service] INFO Product fetched: Wonder Woman Poster
2026-05-24T13:38:20.100Z [TXN-7KGM1S9P] [order-service] INFO Order created: orderId=312, product=Wonder Woman Poster, amount=9.99
2026-05-24T13:38:20.101Z [TXN-7KGM1S9P] [order-service] INFO Calling notification-service for orderId=312
2026-05-24T13:38:20.109Z [TXN-7KGM1S9P] [order-service] ERROR Order failed: 
2026-05-24T13:38:20.316Z [TXN-7KGM1S9P] [order-service] INFO Calling catalog-service for productId=4
2026-05-24T13:38:20.327Z [TXN-7KGM1S9P] [catalog-service] INFO Product fetched: Wonder Woman Poster
2026-05-24T13:38:20.344Z [TXN-7KGM1S9P] [order-service] INFO Order created: orderId=313, product=Wonder Woman Poster, amount=9.99
2026-05-24T13:38:20.346Z [TXN-7KGM1S9P] [order-service] INFO Calling notification-service for orderId=313
2026-05-24T13:38:20.359Z [TXN-7KGM1S9P] [order-service] ERROR Order failed: 
2026-05-24T13:38:20.577Z [TXN-7KGM1S9P] [order-service] INFO Calling catalog-service for productId=4
2026-05-24T13:38:20.588Z [TXN-7KGM1S9P] [catalog-service] INFO Product fetched: Wonder Woman Poster
2026-05-24T13:38:20.604Z [TXN-7KGM1S9P] [order-service] INFO Order created: orderId=314, product=Wonder Woman Poster, amount=9.99
2026-05-24T13:38:20.605Z [TXN-7KGM1S9P] [order-service] INFO Calling notification-service for orderId=314
2026-05-24T13:38:20.611Z [TXN-7KGM1S9P] [order-service] ERROR Order failed: 
2026-05-24T13:38:20.788Z [TXN-7KGM1S9P] [order-service] INFO Calling catalog-service for productId=4
2026-05-24T13:38:20.799Z [TXN-7KGM1S9P] [catalog-service] INFO Product fetched: Wonder Woman Poster
2026-05-24T13:38:20.827Z [TXN-7KGM1S9P] [order-service] INFO Order created: orderId=315, product=Wonder Woman Poster, amount=9.99
2026-05-24T13:38:20.830Z [TXN-7KGM1S9P] [order-service] INFO Calling notification-service for orderId=315
2026-05-24T13:38:20.844Z [TXN-7KGM1S9P] [order-service] ERROR Order failed: 
2026-05-24T13:38:21.572Z [TXN-7KGM1S9P] [order-service] INFO Calling catalog-service for productId=3
2026-05-24T13:38:21.586Z [TXN-7KGM1S9P] [catalog-service] INFO Product fetched: Flash Toy
2026-05-24T13:38:21.598Z [TXN-7KGM1S9P] [order-service] INFO Order created: orderId=316, product=Flash Toy, amount=14.99
2026-05-24T13:38:21.600Z [TXN-7KGM1S9P] [order-service] INFO Calling notification-service for orderId=316
2026-05-24T13:38:21.609Z [TXN-7KGM1S9P] [order-service] ERROR Order failed: 
2026-05-24T13:38:21.787Z [TXN-7KGM1S9P] [order-service] INFO Calling catalog-service for productId=3
2026-05-24T13:38:21.795Z [TXN-7KGM1S9P] [catalog-service] INFO Product fetched: Flash Toy
2026-05-24T13:38:21.808Z [TXN-7KGM1S9P] [order-service] INFO Order created: orderId=317, product=Flash Toy, amount=14.99
2026-05-24T13:38:21.810Z [TXN-7KGM1S9P] [order-service] INFO Calling notification-service for orderId=317
2026-05-24T13:38:21.822Z [TXN-7KGM1S9P] [order-service] ERROR Order failed: 
2026-05-24T13:38:21.977Z [TXN-7KGM1S9P] [order-service] INFO Calling catalog-service for productId=3
2026-05-24T13:38:21.988Z [TXN-7KGM1S9P] [catalog-service] INFO Product fetched: Flash Toy
2026-05-24T13:38:22.002Z [TXN-7KGM1S9P] [order-service] INFO Order created: orderId=318, product=Flash Toy, amount=14.99
2026-05-24T13:38:22.004Z [TXN-7KGM1S9P] [order-service] INFO Calling notification-service for orderId=318
2026-05-24T13:38:22.023Z [TXN-7KGM1S9P] [order-service] ERROR Order failed: 
2026-05-24T13:38:22.177Z [TXN-7KGM1S9P] [order-service] INFO Calling catalog-service for productId=3
2026-05-24T13:38:22.190Z [TXN-7KGM1S9P] [catalog-service] INFO Product fetched: Flash Toy
2026-05-24T13:38:22.208Z [TXN-7KGM1S9P] [order-service] INFO Order created: orderId=319, product=Flash Toy, amount=14.99
2026-05-24T13:38:22.210Z [TXN-7KGM1S9P] [order-service] INFO Calling notification-service for orderId=319
2026-05-24T13:38:22.223Z [TXN-7KGM1S9P] [order-service] ERROR Order failed: 
2026-05-24T13:38:22.373Z [TXN-7KGM1S9P] [order-service] INFO Calling catalog-service for productId=3
2026-05-24T13:38:22.386Z [TXN-7KGM1S9P] [catalog-service] INFO Product fetched: Flash Toy
2026-05-24T13:38:22.394Z [TXN-7KGM1S9P] [order-service] INFO Order created: orderId=320, product=Flash Toy, amount=14.99
2026-05-24T13:38:22.397Z [TXN-7KGM1S9P] [order-service] INFO Calling notification-service for orderId=320
2026-05-24T13:38:22.408Z [TXN-7KGM1S9P] [order-service] ERROR Order failed: 
2026-05-24T13:38:22.571Z [TXN-7KGM1S9P] [order-service] INFO Calling catalog-service for productId=3
2026-05-24T13:38:22.586Z [TXN-7KGM1S9P] [catalog-service] INFO Product fetched: Flash Toy
2026-05-24T13:38:22.598Z [TXN-7KGM1S9P] [order-service] INFO Order created: orderId=321, product=Flash Toy, amount=14.99
2026-05-24T13:38:22.600Z [TXN-7KGM1S9P] [order-service] INFO Calling notification-service for orderId=321
2026-05-24T13:38:22.609Z [TXN-7KGM1S9P] [order-service] ERROR Order failed: 
2026-05-24T13:38:22.757Z [TXN-7KGM1S9P] [order-service] INFO Calling catalog-service for productId=3
2026-05-24T13:38:22.770Z [TXN-7KGM1S9P] [catalog-service] INFO Product fetched: Flash Toy
2026-05-24T13:38:22.777Z [TXN-7KGM1S9P] [order-service] INFO Order created: orderId=322, product=Flash Toy, amount=14.99
2026-05-24T13:38:22.783Z [TXN-7KGM1S9P] [order-service] INFO Calling notification-service for orderId=322
2026-05-24T13:38:22.791Z [TXN-7KGM1S9P] [order-service] ERROR Order failed: 
2026-05-24T13:38:22.972Z [TXN-7KGM1S9P] [order-service] INFO Calling catalog-service for productId=3
2026-05-24T13:38:22.984Z [TXN-7KGM1S9P] [catalog-service] INFO Product fetched: Flash Toy
2026-05-24T13:38:22.993Z [TXN-7KGM1S9P] [order-service] INFO Order created: orderId=323, product=Flash Toy, amount=14.99
2026-05-24T13:38:22.999Z [TXN-7KGM1S9P] [order-service] INFO Calling notification-service for orderId=323
2026-05-24T13:38:23.007Z [TXN-7KGM1S9P] [order-service] ERROR Order failed: 
2026-05-24T13:38:23.990Z [TXN-7KGM1S9P] [order-service] INFO Calling catalog-service for productId=2
2026-05-24T13:38:24.005Z [TXN-7KGM1S9P] [catalog-service] INFO Product fetched: Superman T-Shirt
2026-05-24T13:38:24.019Z [TXN-7KGM1S9P] [order-service] INFO Order created: orderId=324, product=Superman T-Shirt, amount=19.99
2026-05-24T13:38:24.020Z [TXN-7KGM1S9P] [order-service] INFO Calling notification-service for orderId=324
2026-05-24T13:38:24.031Z [TXN-7KGM1S9P] [order-service] ERROR Order failed: 
2026-05-24T13:38:24.601Z [TXN-7KGM1S9P] [order-service] INFO Calling catalog-service for productId=2
2026-05-24T13:38:24.609Z [TXN-7KGM1S9P] [catalog-service] INFO Product fetched: Superman T-Shirt
2026-05-24T13:38:24.625Z [TXN-7KGM1S9P] [order-service] INFO Order created: orderId=325, product=Superman T-Shirt, amount=19.99
2026-05-24T13:38:24.627Z [TXN-7KGM1S9P] [order-service] INFO Calling notification-service for orderId=325
2026-05-24T13:38:24.643Z [TXN-7KGM1S9P] [order-service] ERROR Order failed: 
2026-05-24T13:38:25.287Z [TXN-7KGM1S9P] [order-service] INFO Calling catalog-service for productId=2
2026-05-24T13:38:25.320Z [TXN-7KGM1S9P] [catalog-service] INFO Product fetched: Superman T-Shirt
2026-05-24T13:38:25.334Z [TXN-7KGM1S9P] [order-service] INFO Order created: orderId=326, product=Superman T-Shirt, amount=19.99
2026-05-24T13:38:25.338Z [TXN-7KGM1S9P] [order-service] INFO Calling notification-service for orderId=326
2026-05-24T13:38:25.347Z [TXN-7KGM1S9P] [order-service] ERROR Order failed: 
2026-05-24T13:38:26.286Z [TXN-7KGM1S9P] [order-service] INFO Calling catalog-service for productId=1
2026-05-24T13:38:26.320Z [TXN-7KGM1S9P] [catalog-service] INFO Product fetched: Batman Figure
2026-05-24T13:38:26.334Z [TXN-7KGM1S9P] [order-service] INFO Order created: orderId=327, product=Batman Figure, amount=24.99
2026-05-24T13:38:26.336Z [TXN-7KGM1S9P] [order-service] INFO Calling notification-service for orderId=327
2026-05-24T13:38:26.346Z [TXN-7KGM1S9P] [order-service] ERROR Order failed: 
2026-05-24T13:38:26.965Z [TXN-7KGM1S9P] [order-service] INFO Calling catalog-service for productId=1
2026-05-24T13:38:26.974Z [TXN-7KGM1S9P] [catalog-service] INFO Product fetched: Batman Figure
2026-05-24T13:38:27.005Z [TXN-7KGM1S9P] [order-service] INFO Order created: orderId=328, product=Batman Figure, amount=24.99
2026-05-24T13:38:27.007Z [TXN-7KGM1S9P] [order-service] INFO Calling notification-service for orderId=328
2026-05-24T13:38:27.023Z [TXN-7KGM1S9P] [order-service] ERROR Order failed: 
2026-05-24T13:38:28.042Z [TXN-7KGM1S9P] [order-service] INFO Calling catalog-service for productId=1
2026-05-24T13:38:28.054Z [TXN-7KGM1S9P] [catalog-service] INFO Product fetched: Batman Figure
2026-05-24T13:38:28.065Z [TXN-7KGM1S9P] [order-service] INFO Order created: orderId=329, product=Batman Figure, amount=24.99
2026-05-24T13:38:28.068Z [TXN-7KGM1S9P] [order-service] INFO Calling notification-service for orderId=329
2026-05-24T13:38:28.076Z [TXN-7KGM1S9P] [order-service] ERROR Order failed: 
2026-05-24T13:38:29.144Z [TXN-7KGM1S9P] [order-service] INFO Calling catalog-service for productId=2
2026-05-24T13:38:29.159Z [TXN-7KGM1S9P] [catalog-service] INFO Product fetched: Superman T-Shirt
2026-05-24T13:38:29.194Z [TXN-7KGM1S9P] [order-service] INFO Order created: orderId=330, product=Superman T-Shirt, amount=19.99
2026-05-24T13:38:29.200Z [TXN-7KGM1S9P] [order-service] INFO Calling notification-service for orderId=330
2026-05-24T13:38:29.209Z [TXN-7KGM1S9P] [order-service] ERROR Order failed: 
2026-05-24T13:38:30.030Z [TXN-7KGM1S9P] [order-service] INFO Calling catalog-service for productId=3
2026-05-24T13:38:30.043Z [TXN-7KGM1S9P] [catalog-service] INFO Product fetched: Flash Toy
2026-05-24T13:38:30.061Z [TXN-7KGM1S9P] [order-service] INFO Order created: orderId=331, product=Flash Toy, amount=14.99
2026-05-24T13:38:30.066Z [TXN-7KGM1S9P] [order-service] INFO Calling notification-service for orderId=331
2026-05-24T13:38:30.090Z [TXN-7KGM1S9P] [order-service] ERROR Order failed: 
2026-05-24T13:38:30.655Z [TXN-7KGM1S9P] [order-service] INFO Calling catalog-service for productId=4
2026-05-24T13:38:30.667Z [TXN-7KGM1S9P] [catalog-service] INFO Product fetched: Wonder Woman Poster
2026-05-24T13:38:30.683Z [TXN-7KGM1S9P] [order-service] INFO Order created: orderId=332, product=Wonder Woman Poster, amount=9.99
2026-05-24T13:38:30.685Z [TXN-7KGM1S9P] [order-service] INFO Calling notification-service for orderId=332
2026-05-24T13:38:30.693Z [TXN-7KGM1S9P] [order-service] ERROR Order failed: 
2026-05-24T13:38:32.394Z [TXN-7KGM1S9P] [catalog-service] INFO Category=Marvel: 4 products
2026-05-24T13:38:33.365Z [TXN-7KGM1S9P] [order-service] INFO Calling catalog-service for productId=5
2026-05-24T13:38:33.373Z [TXN-7KGM1S9P] [catalog-service] INFO Product fetched: Iron Man Figure
2026-05-24T13:38:33.387Z [TXN-7KGM1S9P] [order-service] INFO Order created: orderId=333, product=Iron Man Figure, amount=29.99
2026-05-24T13:38:33.388Z [TXN-7KGM1S9P] [order-service] INFO Calling notification-service for orderId=333
2026-05-24T13:38:33.405Z [TXN-7KGM1S9P] [order-service] ERROR Order failed: 
2026-05-24T13:38:33.771Z [TXN-7KGM1S9P] [order-service] INFO Calling catalog-service for productId=5
2026-05-24T13:38:33.782Z [TXN-7KGM1S9P] [catalog-service] INFO Product fetched: Iron Man Figure
2026-05-24T13:38:33.810Z [TXN-7KGM1S9P] [order-service] INFO Order created: orderId=334, product=Iron Man Figure, amount=29.99
2026-05-24T13:38:33.813Z [TXN-7KGM1S9P] [order-service] INFO Calling notification-service for orderId=334
2026-05-24T13:38:33.826Z [TXN-7KGM1S9P] [order-service] ERROR Order failed: 
2026-05-24T13:38:33.993Z [TXN-7KGM1S9P] [order-service] INFO Calling catalog-service for productId=5
2026-05-24T13:38:34.010Z [TXN-7KGM1S9P] [catalog-service] INFO Product fetched: Iron Man Figure
2026-05-24T13:38:34.024Z [TXN-7KGM1S9P] [order-service] INFO Order created: orderId=335, product=Iron Man Figure, amount=29.99
2026-05-24T13:38:34.026Z [TXN-7KGM1S9P] [order-service] INFO Calling notification-service for orderId=335
2026-05-24T13:38:34.039Z [TXN-7KGM1S9P] [order-service] ERROR Order failed: 
2026-05-24T13:38:34.193Z [TXN-7KGM1S9P] [order-service] INFO Calling catalog-service for productId=5
2026-05-24T13:38:34.209Z [TXN-7KGM1S9P] [catalog-service] INFO Product fetched: Iron Man Figure
2026-05-24T13:38:34.223Z [TXN-7KGM1S9P] [order-service] INFO Order created: orderId=336, product=Iron Man Figure, amount=29.99
2026-05-24T13:38:34.225Z [TXN-7KGM1S9P] [order-service] INFO Calling notification-service for orderId=336
2026-05-24T13:38:34.240Z [TXN-7KGM1S9P] [order-service] ERROR Order failed: 
2026-05-24T13:38:34.358Z [TXN-7KGM1S9P] [order-service] INFO Calling catalog-service for productId=5
2026-05-24T13:38:34.371Z [TXN-7KGM1S9P] [catalog-service] INFO Product fetched: Iron Man Figure
2026-05-24T13:38:34.382Z [TXN-7KGM1S9P] [order-service] INFO Order created: orderId=337, product=Iron Man Figure, amount=29.99
2026-05-24T13:38:34.388Z [TXN-7KGM1S9P] [order-service] INFO Calling notification-service for orderId=337
2026-05-24T13:38:34.395Z [TXN-7KGM1S9P] [order-service] ERROR Order failed: 
2026-05-24T13:38:34.532Z [TXN-7KGM1S9P] [order-service] INFO Calling catalog-service for productId=5
2026-05-24T13:38:34.540Z [TXN-7KGM1S9P] [catalog-service] INFO Product fetched: Iron Man Figure
2026-05-24T13:38:34.552Z [TXN-7KGM1S9P] [order-service] INFO Order created: orderId=338, product=Iron Man Figure, amount=29.99
2026-05-24T13:38:34.553Z [TXN-7KGM1S9P] [order-service] INFO Calling notification-service for orderId=338
2026-05-24T13:38:34.564Z [TXN-7KGM1S9P] [order-service] ERROR Order failed: 
2026-05-24T13:38:34.723Z [TXN-7KGM1S9P] [order-service] INFO Calling catalog-service for productId=5
2026-05-24T13:38:34.737Z [TXN-7KGM1S9P] [catalog-service] INFO Product fetched: Iron Man Figure
2026-05-24T13:38:34.748Z [TXN-7KGM1S9P] [order-service] INFO Order created: orderId=339, product=Iron Man Figure, amount=29.99
2026-05-24T13:38:34.750Z [TXN-7KGM1S9P] [order-service] INFO Calling notification-service for orderId=339
2026-05-24T13:38:34.759Z [TXN-7KGM1S9P] [order-service] ERROR Order failed: 
2026-05-24T13:38:34.907Z [TXN-7KGM1S9P] [order-service] INFO Calling catalog-service for productId=5
2026-05-24T13:38:34.920Z [TXN-7KGM1S9P] [catalog-service] INFO Product fetched: Iron Man Figure
2026-05-24T13:38:34.929Z [TXN-7KGM1S9P] [order-service] INFO Order created: orderId=340, product=Iron Man Figure, amount=29.99
2026-05-24T13:38:34.932Z [TXN-7KGM1S9P] [order-service] INFO Calling notification-service for orderId=340
2026-05-24T13:38:34.942Z [TXN-7KGM1S9P] [order-service] ERROR Order failed: 
2026-05-24T13:38:35.152Z [TXN-7KGM1S9P] [order-service] INFO Calling catalog-service for productId=5
2026-05-24T13:38:35.159Z [TXN-7KGM1S9P] [catalog-service] INFO Product fetched: Iron Man Figure
2026-05-24T13:38:35.174Z [TXN-7KGM1S9P] [order-service] INFO Order created: orderId=341, product=Iron Man Figure, amount=29.99
2026-05-24T13:38:35.175Z [TXN-7KGM1S9P] [order-service] INFO Calling notification-service for orderId=341
2026-05-24T13:38:35.190Z [TXN-7KGM1S9P] [order-service] ERROR Order failed: 
2026-05-24T13:38:35.822Z [TXN-7KGM1S9P] [order-service] INFO Calling catalog-service for productId=6
2026-05-24T13:38:35.835Z [TXN-7KGM1S9P] [catalog-service] INFO Product fetched: Spider-Man Toy
2026-05-24T13:38:35.868Z [TXN-7KGM1S9P] [order-service] INFO Order created: orderId=342, product=Spider-Man Toy, amount=17.99
2026-05-24T13:38:35.869Z [TXN-7KGM1S9P] [order-service] INFO Calling notification-service for orderId=342
2026-05-24T13:38:35.881Z [TXN-7KGM1S9P] [order-service] ERROR Order failed: 
2026-05-24T13:38:36.041Z [TXN-7KGM1S9P] [order-service] INFO Calling catalog-service for productId=6
2026-05-24T13:38:36.057Z [TXN-7KGM1S9P] [catalog-service] INFO Product fetched: Spider-Man Toy
2026-05-24T13:38:36.071Z [TXN-7KGM1S9P] [order-service] INFO Order created: orderId=343, product=Spider-Man Toy, amount=17.99
2026-05-24T13:38:36.072Z [TXN-7KGM1S9P] [order-service] INFO Calling notification-service for orderId=343
2026-05-24T13:38:36.087Z [TXN-7KGM1S9P] [order-service] ERROR Order failed: 
2026-05-24T13:38:36.237Z [TXN-7KGM1S9P] [order-service] INFO Calling catalog-service for productId=6
2026-05-24T13:38:36.251Z [TXN-7KGM1S9P] [catalog-service] INFO Product fetched: Spider-Man Toy
2026-05-24T13:38:36.264Z [TXN-7KGM1S9P] [order-service] INFO Order created: orderId=344, product=Spider-Man Toy, amount=17.99
2026-05-24T13:38:36.267Z [TXN-7KGM1S9P] [order-service] INFO Calling notification-service for orderId=344
2026-05-24T13:38:36.276Z [TXN-7KGM1S9P] [order-service] ERROR Order failed: 
2026-05-24T13:38:36.426Z [TXN-7KGM1S9P] [order-service] INFO Calling catalog-service for productId=6
2026-05-24T13:38:36.441Z [TXN-7KGM1S9P] [catalog-service] INFO Product fetched: Spider-Man Toy
2026-05-24T13:38:36.460Z [TXN-7KGM1S9P] [order-service] INFO Order created: orderId=345, product=Spider-Man Toy, amount=17.99
2026-05-24T13:38:36.461Z [TXN-7KGM1S9P] [order-service] INFO Calling notification-service for orderId=345
2026-05-24T13:38:36.474Z [TXN-7KGM1S9P] [order-service] ERROR Order failed: 
2026-05-24T13:38:36.591Z [TXN-7KGM1S9P] [order-service] INFO Calling catalog-service for productId=6
2026-05-24T13:38:36.606Z [TXN-7KGM1S9P] [catalog-service] INFO Product fetched: Spider-Man Toy
2026-05-24T13:38:36.621Z [TXN-7KGM1S9P] [order-service] INFO Order created: orderId=346, product=Spider-Man Toy, amount=17.99
2026-05-24T13:38:36.622Z [TXN-7KGM1S9P] [order-service] INFO Calling notification-service for orderId=346
2026-05-24T13:38:36.636Z [TXN-7KGM1S9P] [order-service] ERROR Order failed: 
2026-05-24T13:38:36.756Z [TXN-7KGM1S9P] [order-service] INFO Calling catalog-service for productId=6
2026-05-24T13:38:36.772Z [TXN-7KGM1S9P] [catalog-service] INFO Product fetched: Spider-Man Toy
2026-05-24T13:38:36.786Z [TXN-7KGM1S9P] [order-service] INFO Order created: orderId=347, product=Spider-Man Toy, amount=17.99
2026-05-24T13:38:36.787Z [TXN-7KGM1S9P] [order-service] INFO Calling notification-service for orderId=347
2026-05-24T13:38:36.795Z [TXN-7KGM1S9P] [order-service] ERROR Order failed: 
2026-05-24T13:38:36.923Z [TXN-7KGM1S9P] [order-service] INFO Calling catalog-service for productId=6
2026-05-24T13:38:36.937Z [TXN-7KGM1S9P] [catalog-service] INFO Product fetched: Spider-Man Toy
2026-05-24T13:38:36.951Z [TXN-7KGM1S9P] [order-service] INFO Order created: orderId=348, product=Spider-Man Toy, amount=17.99
2026-05-24T13:38:36.952Z [TXN-7KGM1S9P] [order-service] INFO Calling notification-service for orderId=348
2026-05-24T13:38:36.959Z [TXN-7KGM1S9P] [order-service] ERROR Order failed: 
2026-05-24T13:38:37.788Z [TXN-7KGM1S9P] [order-service] INFO Calling catalog-service for productId=7
2026-05-24T13:38:37.801Z [TXN-7KGM1S9P] [catalog-service] INFO Product fetched: Hulk Poster
2026-05-24T13:38:37.832Z [TXN-7KGM1S9P] [order-service] INFO Order created: orderId=349, product=Hulk Poster, amount=9.99
2026-05-24T13:38:37.835Z [TXN-7KGM1S9P] [order-service] INFO Calling notification-service for orderId=349
2026-05-24T13:38:37.849Z [TXN-7KGM1S9P] [order-service] ERROR Order failed: 
2026-05-24T13:38:37.977Z [TXN-7KGM1S9P] [order-service] INFO Calling catalog-service for productId=7
2026-05-24T13:38:37.991Z [TXN-7KGM1S9P] [catalog-service] INFO Product fetched: Hulk Poster
2026-05-24T13:38:38.005Z [TXN-7KGM1S9P] [order-service] INFO Order created: orderId=350, product=Hulk Poster, amount=9.99
2026-05-24T13:38:38.006Z [TXN-7KGM1S9P] [order-service] INFO Calling notification-service for orderId=350
2026-05-24T13:38:38.022Z [TXN-7KGM1S9P] [order-service] ERROR Order failed: 
2026-05-24T13:38:38.158Z [TXN-7KGM1S9P] [order-service] INFO Calling catalog-service for productId=7
2026-05-24T13:38:38.173Z [TXN-7KGM1S9P] [catalog-service] INFO Product fetched: Hulk Poster
2026-05-24T13:38:38.188Z [TXN-7KGM1S9P] [order-service] INFO Order created: orderId=351, product=Hulk Poster, amount=9.99
2026-05-24T13:38:38.189Z [TXN-7KGM1S9P] [order-service] INFO Calling notification-service for orderId=351
2026-05-24T13:38:38.196Z [TXN-7KGM1S9P] [order-service] ERROR Order failed: 
2026-05-24T13:38:38.338Z [TXN-7KGM1S9P] [order-service] INFO Calling catalog-service for productId=7
2026-05-24T13:38:38.352Z [TXN-7KGM1S9P] [catalog-service] INFO Product fetched: Hulk Poster
2026-05-24T13:38:38.360Z [TXN-7KGM1S9P] [order-service] INFO Order created: orderId=352, product=Hulk Poster, amount=9.99
2026-05-24T13:38:38.363Z [TXN-7KGM1S9P] [order-service] INFO Calling notification-service for orderId=352
2026-05-24T13:38:38.373Z [TXN-7KGM1S9P] [order-service] ERROR Order failed: 
2026-05-24T13:38:38.523Z [TXN-7KGM1S9P] [order-service] INFO Calling catalog-service for productId=7
2026-05-24T13:38:38.535Z [TXN-7KGM1S9P] [catalog-service] INFO Product fetched: Hulk Poster
2026-05-24T13:38:38.548Z [TXN-7KGM1S9P] [order-service] INFO Order created: orderId=353, product=Hulk Poster, amount=9.99
2026-05-24T13:38:38.550Z [TXN-7KGM1S9P] [order-service] INFO Calling notification-service for orderId=353
2026-05-24T13:38:38.558Z [TXN-7KGM1S9P] [order-service] ERROR Order failed: 
2026-05-24T13:38:39.140Z [TXN-7KGM1S9P] [order-service] INFO Calling catalog-service for productId=8
2026-05-24T13:38:39.154Z [TXN-7KGM1S9P] [catalog-service] INFO Product fetched: Thor Hammer Replica
2026-05-24T13:38:39.170Z [TXN-7KGM1S9P] [order-service] INFO Order created: orderId=354, product=Thor Hammer Replica, amount=39.99
2026-05-24T13:38:39.172Z [TXN-7KGM1S9P] [order-service] INFO Calling notification-service for orderId=354
2026-05-24T13:38:39.184Z [TXN-7KGM1S9P] [order-service] ERROR Order failed: 
2026-05-24T13:38:39.337Z [TXN-7KGM1S9P] [order-service] INFO Calling catalog-service for productId=8
2026-05-24T13:38:39.345Z [TXN-7KGM1S9P] [catalog-service] INFO Product fetched: Thor Hammer Replica
2026-05-24T13:38:39.356Z [TXN-7KGM1S9P] [order-service] INFO Order created: orderId=355, product=Thor Hammer Replica, amount=39.99
2026-05-24T13:38:39.357Z [TXN-7KGM1S9P] [order-service] INFO Calling notification-service for orderId=355
2026-05-24T13:38:39.371Z [TXN-7KGM1S9P] [order-service] ERROR Order failed: 
2026-05-24T13:38:39.507Z [TXN-7KGM1S9P] [order-service] INFO Calling catalog-service for productId=8
2026-05-24T13:38:39.522Z [TXN-7KGM1S9P] [catalog-service] INFO Product fetched: Thor Hammer Replica
2026-05-24T13:38:39.533Z [TXN-7KGM1S9P] [order-service] INFO Order created: orderId=356, product=Thor Hammer Replica, amount=39.99
2026-05-24T13:38:39.534Z [TXN-7KGM1S9P] [order-service] INFO Calling notification-service for orderId=356
2026-05-24T13:38:39.544Z [TXN-7KGM1S9P] [order-service] ERROR Order failed: 
2026-05-24T13:38:39.706Z [TXN-7KGM1S9P] [order-service] INFO Calling catalog-service for productId=8
2026-05-24T13:38:39.721Z [TXN-7KGM1S9P] [catalog-service] INFO Product fetched: Thor Hammer Replica
2026-05-24T13:38:39.735Z [TXN-7KGM1S9P] [order-service] INFO Order created: orderId=357, product=Thor Hammer Replica, amount=39.99
2026-05-24T13:38:39.736Z [TXN-7KGM1S9P] [order-service] INFO Calling notification-service for orderId=357
2026-05-24T13:38:39.751Z [TXN-7KGM1S9P] [order-service] ERROR Order failed: 
2026-05-24T13:38:39.890Z [TXN-7KGM1S9P] [order-service] INFO Calling catalog-service for productId=8
2026-05-24T13:38:39.905Z [TXN-7KGM1S9P] [catalog-service] INFO Product fetched: Thor Hammer Replica
2026-05-24T13:38:39.919Z [TXN-7KGM1S9P] [order-service] INFO Order created: orderId=358, product=Thor Hammer Replica, amount=39.99
2026-05-24T13:38:39.920Z [TXN-7KGM1S9P] [order-service] INFO Calling notification-service for orderId=358
2026-05-24T13:38:39.927Z [TXN-7KGM1S9P] [order-service] ERROR Order failed: 
2026-05-24T13:38:40.074Z [TXN-7KGM1S9P] [order-service] INFO Calling catalog-service for productId=8
2026-05-24T13:38:40.087Z [TXN-7KGM1S9P] [catalog-service] INFO Product fetched: Thor Hammer Replica
2026-05-24T13:38:40.095Z [TXN-7KGM1S9P] [order-service] INFO Order created: orderId=359, product=Thor Hammer Replica, amount=39.99
2026-05-24T13:38:40.101Z [TXN-7KGM1S9P] [order-service] INFO Calling notification-service for orderId=359
2026-05-24T13:38:40.107Z [TXN-7KGM1S9P] [order-service] ERROR Order failed: 
2026-05-24T13:39:00.273Z [TXN-7KGM1S9P] [order-service] INFO Calling catalog-service for productId=5
2026-05-24T13:39:00.287Z [TXN-7KGM1S9P] [catalog-service] INFO Product fetched: Iron Man Figure
2026-05-24T13:39:00.304Z [TXN-7KGM1S9P] [order-service] INFO Order created: orderId=360, product=Iron Man Figure, amount=29.99
2026-05-24T13:39:00.306Z [TXN-7KGM1S9P] [order-service] INFO Calling notification-service for orderId=360
2026-05-24T13:39:00.319Z [TXN-7KGM1S9P] [order-service] ERROR Order failed: 
2026-05-24T13:39:00.855Z [TXN-7KGM1S9P] [order-service] INFO Calling catalog-service for productId=6
2026-05-24T13:39:00.867Z [TXN-7KGM1S9P] [catalog-service] INFO Product fetched: Spider-Man Toy
2026-05-24T13:39:00.880Z [TXN-7KGM1S9P] [order-service] INFO Order created: orderId=361, product=Spider-Man Toy, amount=17.99
2026-05-24T13:39:00.889Z [TXN-7KGM1S9P] [order-service] INFO Calling notification-service for orderId=361
2026-05-24T13:39:00.909Z [TXN-7KGM1S9P] [order-service] ERROR Order failed: 
2026-05-24T13:39:01.793Z [TXN-7KGM1S9P] [order-service] INFO Calling catalog-service for productId=7
2026-05-24T13:39:01.802Z [TXN-7KGM1S9P] [catalog-service] INFO Product fetched: Hulk Poster
2026-05-24T13:39:01.837Z [TXN-7KGM1S9P] [order-service] INFO Order created: orderId=362, product=Hulk Poster, amount=9.99
2026-05-24T13:39:01.839Z [TXN-7KGM1S9P] [order-service] INFO Calling notification-service for orderId=362
2026-05-24T13:39:01.855Z [TXN-7KGM1S9P] [order-service] ERROR Order failed: 
2026-05-24T13:39:02.437Z [TXN-7KGM1S9P] [order-service] INFO Calling catalog-service for productId=8
2026-05-24T13:39:02.447Z [TXN-7KGM1S9P] [catalog-service] INFO Product fetched: Thor Hammer Replica
2026-05-24T13:39:02.483Z [TXN-7KGM1S9P] [order-service] INFO Order created: orderId=363, product=Thor Hammer Replica, amount=39.99
2026-05-24T13:39:02.485Z [TXN-7KGM1S9P] [order-service] INFO Calling notification-service for orderId=363
2026-05-24T13:39:02.492Z [TXN-7KGM1S9P] [order-service] ERROR Order failed: 
2026-05-24T13:39:04.146Z [TXN-7KGM1S9P] [catalog-service] INFO Category=DC: 4 products
2026-05-24T13:39:05.085Z [TXN-7KGM1S9P] [order-service] INFO Calling catalog-service for productId=1
2026-05-24T13:39:05.099Z [TXN-7KGM1S9P] [catalog-service] INFO Product fetched: Batman Figure
2026-05-24T13:39:05.116Z [TXN-7KGM1S9P] [order-service] INFO Order created: orderId=364, product=Batman Figure, amount=24.99
2026-05-24T13:39:05.119Z [TXN-7KGM1S9P] [order-service] INFO Calling notification-service for orderId=364
2026-05-24T13:39:05.133Z [TXN-7KGM1S9P] [order-service] ERROR Order failed: 
2026-05-24T13:39:05.807Z [TXN-7KGM1S9P] [order-service] INFO Calling catalog-service for productId=2
2026-05-24T13:39:05.817Z [TXN-7KGM1S9P] [catalog-service] INFO Product fetched: Superman T-Shirt
2026-05-24T13:39:05.849Z [TXN-7KGM1S9P] [order-service] INFO Order created: orderId=365, product=Superman T-Shirt, amount=19.99
2026-05-24T13:39:05.850Z [TXN-7KGM1S9P] [order-service] INFO Calling notification-service for orderId=365
2026-05-24T13:39:05.863Z [TXN-7KGM1S9P] [order-service] ERROR Order failed: 
2026-05-24T13:39:06.686Z [TXN-7KGM1S9P] [order-service] INFO Calling catalog-service for productId=3
2026-05-24T13:39:06.700Z [TXN-7KGM1S9P] [catalog-service] INFO Product fetched: Flash Toy
2026-05-24T13:39:06.716Z [TXN-7KGM1S9P] [order-service] INFO Order created: orderId=366, product=Flash Toy, amount=14.99
2026-05-24T13:39:06.718Z [TXN-7KGM1S9P] [order-service] INFO Calling notification-service for orderId=366
2026-05-24T13:39:06.729Z [TXN-7KGM1S9P] [order-service] ERROR Order failed: 
2026-05-24T13:39:07.668Z [TXN-7KGM1S9P] [order-service] INFO Calling catalog-service for productId=4
2026-05-24T13:39:07.678Z [TXN-7KGM1S9P] [catalog-service] INFO Product fetched: Wonder Woman Poster
2026-05-24T13:39:07.715Z [TXN-7KGM1S9P] [order-service] INFO Order created: orderId=367, product=Wonder Woman Poster, amount=9.99
2026-05-24T13:39:07.718Z [TXN-7KGM1S9P] [order-service] INFO Calling notification-service for orderId=367
2026-05-24T13:39:07.731Z [TXN-7KGM1S9P] [order-service] ERROR Order failed: 
2026-05-24T13:39:08.104Z [TXN-7KGM1S9P] [order-service] INFO Calling catalog-service for productId=4
2026-05-24T13:39:08.120Z [TXN-7KGM1S9P] [catalog-service] INFO Product fetched: Wonder Woman Poster
2026-05-24T13:39:08.134Z [TXN-7KGM1S9P] [order-service] INFO Order created: orderId=368, product=Wonder Woman Poster, amount=9.99
2026-05-24T13:39:08.135Z [TXN-7KGM1S9P] [order-service] INFO Calling notification-service for orderId=368
2026-05-24T13:39:08.146Z [TXN-7KGM1S9P] [order-service] ERROR Order failed: 
2026-05-24T13:39:08.284Z [TXN-7KGM1S9P] [order-service] INFO Calling catalog-service for productId=4
2026-05-24T13:39:08.292Z [TXN-7KGM1S9P] [catalog-service] INFO Product fetched: Wonder Woman Poster
2026-05-24T13:39:08.307Z [TXN-7KGM1S9P] [order-service] INFO Order created: orderId=369, product=Wonder Woman Poster, amount=9.99
2026-05-24T13:39:08.310Z [TXN-7KGM1S9P] [order-service] INFO Calling notification-service for orderId=369
2026-05-24T13:39:08.324Z [TXN-7KGM1S9P] [order-service] ERROR Order failed: 
2026-05-24T13:39:08.456Z [TXN-7KGM1S9P] [order-service] INFO Calling catalog-service for productId=4
2026-05-24T13:39:08.467Z [TXN-7KGM1S9P] [catalog-service] INFO Product fetched: Wonder Woman Poster
2026-05-24T13:39:08.484Z [TXN-7KGM1S9P] [order-service] INFO Order created: orderId=370, product=Wonder Woman Poster, amount=9.99
2026-05-24T13:39:08.485Z [TXN-7KGM1S9P] [order-service] INFO Calling notification-service for orderId=370
2026-05-24T13:39:08.493Z [TXN-7KGM1S9P] [order-service] ERROR Order failed: 
2026-05-24T13:39:08.623Z [TXN-7KGM1S9P] [order-service] INFO Calling catalog-service for productId=4
2026-05-24T13:39:08.635Z [TXN-7KGM1S9P] [catalog-service] INFO Product fetched: Wonder Woman Poster
2026-05-24T13:39:08.650Z [TXN-7KGM1S9P] [order-service] INFO Order created: orderId=371, product=Wonder Woman Poster, amount=9.99
2026-05-24T13:39:08.652Z [TXN-7KGM1S9P] [order-service] INFO Calling notification-service for orderId=371
2026-05-24T13:39:08.662Z [TXN-7KGM1S9P] [order-service] ERROR Order failed: 
2026-05-24T13:39:09.370Z [TXN-7KGM1S9P] [order-service] INFO Calling catalog-service for productId=3
2026-05-24T13:39:09.379Z [TXN-7KGM1S9P] [catalog-service] INFO Product fetched: Flash Toy
2026-05-24T13:39:09.405Z [TXN-7KGM1S9P] [order-service] INFO Order created: orderId=372, product=Flash Toy, amount=14.99
2026-05-24T13:39:09.411Z [TXN-7KGM1S9P] [order-service] INFO Calling notification-service for orderId=372
2026-05-24T13:39:09.425Z [TXN-7KGM1S9P] [order-service] ERROR Order failed: 
2026-05-24T13:39:09.571Z [TXN-7KGM1S9P] [order-service] INFO Calling catalog-service for productId=3
2026-05-24T13:39:09.586Z [TXN-7KGM1S9P] [catalog-service] INFO Product fetched: Flash Toy
2026-05-24T13:39:09.600Z [TXN-7KGM1S9P] [order-service] INFO Order created: orderId=373, product=Flash Toy, amount=14.99
2026-05-24T13:39:09.601Z [TXN-7KGM1S9P] [order-service] INFO Calling notification-service for orderId=373
2026-05-24T13:39:09.609Z [TXN-7KGM1S9P] [order-service] ERROR Order failed: 
2026-05-24T13:39:09.754Z [TXN-7KGM1S9P] [order-service] INFO Calling catalog-service for productId=3
2026-05-24T13:39:09.762Z [TXN-7KGM1S9P] [catalog-service] INFO Product fetched: Flash Toy
2026-05-24T13:39:09.773Z [TXN-7KGM1S9P] [order-service] INFO Order created: orderId=374, product=Flash Toy, amount=14.99
2026-05-24T13:39:09.775Z [TXN-7KGM1S9P] [order-service] INFO Calling notification-service for orderId=374
2026-05-24T13:39:09.786Z [TXN-7KGM1S9P] [order-service] ERROR Order failed: 
2026-05-24T13:39:09.915Z [TXN-7KGM1S9P] [order-service] INFO Calling catalog-service for productId=3
2026-05-24T13:39:09.921Z [TXN-7KGM1S9P] [catalog-service] INFO Product fetched: Flash Toy
2026-05-24T13:39:09.936Z [TXN-7KGM1S9P] [order-service] INFO Order created: orderId=375, product=Flash Toy, amount=14.99
2026-05-24T13:39:09.937Z [TXN-7KGM1S9P] [order-service] INFO Calling notification-service for orderId=375
2026-05-24T13:39:09.953Z [TXN-7KGM1S9P] [order-service] ERROR Order failed: 
2026-05-24T13:39:10.591Z [TXN-7KGM1S9P] [order-service] INFO Calling catalog-service for productId=2
2026-05-24T13:39:10.602Z [TXN-7KGM1S9P] [catalog-service] INFO Product fetched: Superman T-Shirt
2026-05-24T13:39:10.619Z [TXN-7KGM1S9P] [order-service] INFO Order created: orderId=376, product=Superman T-Shirt, amount=19.99
2026-05-24T13:39:10.621Z [TXN-7KGM1S9P] [order-service] INFO Calling notification-service for orderId=376
2026-05-24T13:39:10.631Z [TXN-7KGM1S9P] [order-service] ERROR Order failed: 
2026-05-24T13:39:10.770Z [TXN-7KGM1S9P] [order-service] INFO Calling catalog-service for productId=2
2026-05-24T13:39:10.779Z [TXN-7KGM1S9P] [catalog-service] INFO Product fetched: Superman T-Shirt
2026-05-24T13:39:10.791Z [TXN-7KGM1S9P] [order-service] INFO Order created: orderId=377, product=Superman T-Shirt, amount=19.99
2026-05-24T13:39:10.792Z [TXN-7KGM1S9P] [order-service] INFO Calling notification-service for orderId=377
2026-05-24T13:39:10.807Z [TXN-7KGM1S9P] [order-service] ERROR Order failed: 
2026-05-24T13:39:10.969Z [TXN-7KGM1S9P] [order-service] INFO Calling catalog-service for productId=2
2026-05-24T13:39:10.977Z [TXN-7KGM1S9P] [catalog-service] INFO Product fetched: Superman T-Shirt
2026-05-24T13:39:10.991Z [TXN-7KGM1S9P] [order-service] INFO Order created: orderId=378, product=Superman T-Shirt, amount=19.99
2026-05-24T13:39:10.992Z [TXN-7KGM1S9P] [order-service] INFO Calling notification-service for orderId=378
2026-05-24T13:39:11.005Z [TXN-7KGM1S9P] [order-service] ERROR Order failed: 
2026-05-24T13:39:11.146Z [TXN-7KGM1S9P] [order-service] INFO Calling catalog-service for productId=2
2026-05-24T13:39:11.154Z [TXN-7KGM1S9P] [catalog-service] INFO Product fetched: Superman T-Shirt
2026-05-24T13:39:11.170Z [TXN-7KGM1S9P] [order-service] INFO Order created: orderId=379, product=Superman T-Shirt, amount=19.99
2026-05-24T13:39:11.171Z [TXN-7KGM1S9P] [order-service] INFO Calling notification-service for orderId=379
2026-05-24T13:39:11.186Z [TXN-7KGM1S9P] [order-service] ERROR Order failed: 
2026-05-24T13:39:11.323Z [TXN-7KGM1S9P] [order-service] INFO Calling catalog-service for productId=2
2026-05-24T13:39:11.334Z [TXN-7KGM1S9P] [catalog-service] INFO Product fetched: Superman T-Shirt
2026-05-24T13:39:11.350Z [TXN-7KGM1S9P] [order-service] INFO Order created: orderId=380, product=Superman T-Shirt, amount=19.99
2026-05-24T13:39:11.351Z [TXN-7KGM1S9P] [order-service] INFO Calling notification-service for orderId=380
2026-05-24T13:39:11.359Z [TXN-7KGM1S9P] [order-service] ERROR Order failed: 
2026-05-24T13:39:12.073Z [TXN-7KGM1S9P] [order-service] INFO Calling catalog-service for productId=1
2026-05-24T13:39:12.083Z [TXN-7KGM1S9P] [catalog-service] INFO Product fetched: Batman Figure
2026-05-24T13:39:12.116Z [TXN-7KGM1S9P] [order-service] INFO Order created: orderId=381, product=Batman Figure, amount=24.99
2026-05-24T13:39:12.118Z [TXN-7KGM1S9P] [order-service] INFO Calling notification-service for orderId=381
2026-05-24T13:39:12.129Z [TXN-7KGM1S9P] [order-service] ERROR Order failed: 
2026-05-24T13:39:12.270Z [TXN-7KGM1S9P] [order-service] INFO Calling catalog-service for productId=1
2026-05-24T13:39:12.285Z [TXN-7KGM1S9P] [catalog-service] INFO Product fetched: Batman Figure
2026-05-24T13:39:12.301Z [TXN-7KGM1S9P] [order-service] INFO Order created: orderId=382, product=Batman Figure, amount=24.99
2026-05-24T13:39:12.302Z [TXN-7KGM1S9P] [order-service] INFO Calling notification-service for orderId=382
2026-05-24T13:39:12.312Z [TXN-7KGM1S9P] [order-service] ERROR Order failed: 
2026-05-24T13:39:12.453Z [TXN-7KGM1S9P] [order-service] INFO Calling catalog-service for productId=1
2026-05-24T13:39:12.466Z [TXN-7KGM1S9P] [catalog-service] INFO Product fetched: Batman Figure
2026-05-24T13:39:12.481Z [TXN-7KGM1S9P] [order-service] INFO Order created: orderId=383, product=Batman Figure, amount=24.99
2026-05-24T13:39:12.482Z [TXN-7KGM1S9P] [order-service] INFO Calling notification-service for orderId=383
2026-05-24T13:39:12.491Z [TXN-7KGM1S9P] [order-service] ERROR Order failed: 
2026-05-24T13:39:12.652Z [TXN-7KGM1S9P] [order-service] INFO Calling catalog-service for productId=1
2026-05-24T13:39:12.657Z [TXN-7KGM1S9P] [catalog-service] INFO Product fetched: Batman Figure
2026-05-24T13:39:12.692Z [TXN-7KGM1S9P] [order-service] INFO Order created: orderId=384, product=Batman Figure, amount=24.99
2026-05-24T13:39:12.694Z [TXN-7KGM1S9P] [order-service] INFO Calling notification-service for orderId=384
2026-05-24T13:39:12.707Z [TXN-7KGM1S9P] [order-service] ERROR Order failed: 
2026-05-24T13:39:12.824Z [TXN-7KGM1S9P] [order-service] INFO Calling catalog-service for productId=1
2026-05-24T13:39:12.836Z [TXN-7KGM1S9P] [catalog-service] INFO Product fetched: Batman Figure
2026-05-24T13:39:12.849Z [TXN-7KGM1S9P] [order-service] INFO Order created: orderId=385, product=Batman Figure, amount=24.99
2026-05-24T13:39:12.851Z [TXN-7KGM1S9P] [order-service] INFO Calling notification-service for orderId=385
2026-05-24T13:39:12.859Z [TXN-7KGM1S9P] [order-service] ERROR Order failed: 
2026-05-24T13:39:14.577Z [TXN-7KGM1S9P] [catalog-service] INFO Category=Marvel: 4 products
2026-05-24T13:39:15.809Z [TXN-7KGM1S9P] [order-service] INFO Calling catalog-service for productId=5
2026-05-24T13:39:15.819Z [TXN-7KGM1S9P] [catalog-service] INFO Product fetched: Iron Man Figure
2026-05-24T13:39:15.835Z [TXN-7KGM1S9P] [order-service] INFO Order created: orderId=386, product=Iron Man Figure, amount=29.99
2026-05-24T13:39:15.837Z [TXN-7KGM1S9P] [order-service] INFO Calling notification-service for orderId=386
2026-05-24T13:39:15.848Z [TXN-7KGM1S9P] [order-service] ERROR Order failed: 
2026-05-24T13:39:16.013Z [TXN-7KGM1S9P] [order-service] INFO Calling catalog-service for productId=5
2026-05-24T13:39:16.024Z [TXN-7KGM1S9P] [catalog-service] INFO Product fetched: Iron Man Figure
2026-05-24T13:39:16.042Z [TXN-7KGM1S9P] [order-service] INFO Order created: orderId=387, product=Iron Man Figure, amount=29.99
2026-05-24T13:39:16.043Z [TXN-7KGM1S9P] [order-service] INFO Calling notification-service for orderId=387
2026-05-24T13:39:16.054Z [TXN-7KGM1S9P] [order-service] ERROR Order failed: 
2026-05-24T13:39:16.204Z [TXN-7KGM1S9P] [order-service] INFO Calling catalog-service for productId=5
2026-05-24T13:39:16.214Z [TXN-7KGM1S9P] [catalog-service] INFO Product fetched: Iron Man Figure
2026-05-24T13:39:16.224Z [TXN-7KGM1S9P] [order-service] INFO Order created: orderId=388, product=Iron Man Figure, amount=29.99
2026-05-24T13:39:16.225Z [TXN-7KGM1S9P] [order-service] INFO Calling notification-service for orderId=388
2026-05-24T13:39:16.236Z [TXN-7KGM1S9P] [order-service] ERROR Order failed: 
2026-05-24T13:39:16.791Z [TXN-7KGM1S9P] [order-service] INFO Calling catalog-service for productId=6
2026-05-24T13:39:16.803Z [TXN-7KGM1S9P] [catalog-service] INFO Product fetched: Spider-Man Toy
2026-05-24T13:39:16.820Z [TXN-7KGM1S9P] [order-service] INFO Order created: orderId=389, product=Spider-Man Toy, amount=17.99
2026-05-24T13:39:16.821Z [TXN-7KGM1S9P] [order-service] INFO Calling notification-service for orderId=389
2026-05-24T13:39:16.833Z [TXN-7KGM1S9P] [order-service] ERROR Order failed: 
2026-05-24T13:39:16.991Z [TXN-7KGM1S9P] [order-service] INFO Calling catalog-service for productId=6
2026-05-24T13:39:17.001Z [TXN-7KGM1S9P] [catalog-service] INFO Product fetched: Spider-Man Toy
2026-05-24T13:39:17.014Z [TXN-7KGM1S9P] [order-service] INFO Order created: orderId=390, product=Spider-Man Toy, amount=17.99
2026-05-24T13:39:17.015Z [TXN-7KGM1S9P] [order-service] INFO Calling notification-service for orderId=390
2026-05-24T13:39:17.023Z [TXN-7KGM1S9P] [order-service] ERROR Order failed: 
2026-05-24T13:39:17.186Z [TXN-7KGM1S9P] [order-service] INFO Calling catalog-service for productId=6
2026-05-24T13:39:17.198Z [TXN-7KGM1S9P] [catalog-service] INFO Product fetched: Spider-Man Toy
2026-05-24T13:39:17.208Z [TXN-7KGM1S9P] [order-service] INFO Order created: orderId=391, product=Spider-Man Toy, amount=17.99
2026-05-24T13:39:17.209Z [TXN-7KGM1S9P] [order-service] INFO Calling notification-service for orderId=391
2026-05-24T13:39:17.220Z [TXN-7KGM1S9P] [order-service] ERROR Order failed: 
2026-05-24T13:39:17.371Z [TXN-7KGM1S9P] [order-service] INFO Calling catalog-service for productId=6
2026-05-24T13:39:17.380Z [TXN-7KGM1S9P] [catalog-service] INFO Product fetched: Spider-Man Toy
2026-05-24T13:39:17.391Z [TXN-7KGM1S9P] [order-service] INFO Order created: orderId=392, product=Spider-Man Toy, amount=17.99
2026-05-24T13:39:17.392Z [TXN-7KGM1S9P] [order-service] INFO Calling notification-service for orderId=392
2026-05-24T13:39:17.404Z [TXN-7KGM1S9P] [order-service] ERROR Order failed: 
2026-05-24T13:39:18.238Z [TXN-7KGM1S9P] [order-service] INFO Calling catalog-service for productId=7
2026-05-24T13:39:18.251Z [TXN-7KGM1S9P] [catalog-service] INFO Product fetched: Hulk Poster
2026-05-24T13:39:18.276Z [TXN-7KGM1S9P] [order-service] INFO Order created: orderId=393, product=Hulk Poster, amount=9.99
2026-05-24T13:39:18.280Z [TXN-7KGM1S9P] [order-service] INFO Calling notification-service for orderId=393
2026-05-24T13:39:18.292Z [TXN-7KGM1S9P] [order-service] ERROR Order failed: 
2026-05-24T13:39:18.437Z [TXN-7KGM1S9P] [order-service] INFO Calling catalog-service for productId=7
2026-05-24T13:39:18.447Z [TXN-7KGM1S9P] [catalog-service] INFO Product fetched: Hulk Poster
2026-05-24T13:39:18.459Z [TXN-7KGM1S9P] [order-service] INFO Order created: orderId=394, product=Hulk Poster, amount=9.99
2026-05-24T13:39:18.465Z [TXN-7KGM1S9P] [order-service] INFO Calling notification-service for orderId=394
2026-05-24T13:39:18.474Z [TXN-7KGM1S9P] [order-service] ERROR Order failed: 
2026-05-24T13:39:18.607Z [TXN-7KGM1S9P] [order-service] INFO Calling catalog-service for productId=7
2026-05-24T13:39:18.619Z [TXN-7KGM1S9P] [catalog-service] INFO Product fetched: Hulk Poster
2026-05-24T13:39:18.633Z [TXN-7KGM1S9P] [order-service] INFO Order created: orderId=395, product=Hulk Poster, amount=9.99
2026-05-24T13:39:18.634Z [TXN-7KGM1S9P] [order-service] INFO Calling notification-service for orderId=395
2026-05-24T13:39:18.643Z [TXN-7KGM1S9P] [order-service] ERROR Order failed: 
2026-05-24T13:39:18.791Z [TXN-7KGM1S9P] [order-service] INFO Calling catalog-service for productId=7
2026-05-24T13:39:18.805Z [TXN-7KGM1S9P] [catalog-service] INFO Product fetched: Hulk Poster
2026-05-24T13:39:18.821Z [TXN-7KGM1S9P] [order-service] INFO Order created: orderId=396, product=Hulk Poster, amount=9.99
2026-05-24T13:39:18.822Z [TXN-7KGM1S9P] [order-service] INFO Calling notification-service for orderId=396
2026-05-24T13:39:18.836Z [TXN-7KGM1S9P] [order-service] ERROR Order failed: 
2026-05-24T13:39:19.733Z [TXN-7KGM1S9P] [order-service] INFO Calling catalog-service for productId=8
2026-05-24T13:39:19.739Z [TXN-7KGM1S9P] [catalog-service] INFO Product fetched: Thor Hammer Replica
2026-05-24T13:39:19.756Z [TXN-7KGM1S9P] [order-service] INFO Order created: orderId=397, product=Thor Hammer Replica, amount=39.99
2026-05-24T13:39:19.757Z [TXN-7KGM1S9P] [order-service] INFO Calling notification-service for orderId=397
2026-05-24T13:39:19.768Z [TXN-7KGM1S9P] [order-service] ERROR Order failed: 
2026-05-24T13:39:19.948Z [TXN-7KGM1S9P] [order-service] INFO Calling catalog-service for productId=8
2026-05-24T13:39:19.987Z [TXN-7KGM1S9P] [catalog-service] INFO Product fetched: Thor Hammer Replica
2026-05-24T13:39:20.006Z [TXN-7KGM1S9P] [order-service] INFO Order created: orderId=398, product=Thor Hammer Replica, amount=39.99
2026-05-24T13:39:20.007Z [TXN-7KGM1S9P] [order-service] INFO Calling notification-service for orderId=398
2026-05-24T13:39:20.020Z [TXN-7KGM1S9P] [order-service] ERROR Order failed: 
2026-05-24T13:39:20.123Z [TXN-7KGM1S9P] [order-service] INFO Calling catalog-service for productId=8
2026-05-24T13:39:20.134Z [TXN-7KGM1S9P] [catalog-service] INFO Product fetched: Thor Hammer Replica
2026-05-24T13:39:20.146Z [TXN-7KGM1S9P] [order-service] INFO Order created: orderId=399, product=Thor Hammer Replica, amount=39.99
2026-05-24T13:39:20.151Z [TXN-7KGM1S9P] [order-service] INFO Calling notification-service for orderId=399
2026-05-24T13:39:20.157Z [TXN-7KGM1S9P] [order-service] ERROR Order failed: 
2026-05-24T13:39:20.322Z [TXN-7KGM1S9P] [order-service] INFO Calling catalog-service for productId=8
2026-05-24T13:39:20.332Z [TXN-7KGM1S9P] [catalog-service] INFO Product fetched: Thor Hammer Replica
2026-05-24T13:39:20.342Z [TXN-7KGM1S9P] [order-service] INFO Order created: orderId=400, product=Thor Hammer Replica, amount=39.99
2026-05-24T13:39:20.344Z [TXN-7KGM1S9P] [order-service] INFO Calling notification-service for orderId=400
2026-05-24T13:39:20.356Z [TXN-7KGM1S9P] [order-service] ERROR Order failed: 
2026-05-24T13:39:20.457Z [TXN-7KGM1S9P] [order-service] INFO Calling catalog-service for productId=8
2026-05-24T13:39:20.469Z [TXN-7KGM1S9P] [catalog-service] INFO Product fetched: Thor Hammer Replica
2026-05-24T13:39:20.486Z [TXN-7KGM1S9P] [order-service] INFO Order created: orderId=401, product=Thor Hammer Replica, amount=39.99
2026-05-24T13:39:20.488Z [TXN-7KGM1S9P] [order-service] INFO Calling notification-service for orderId=401
2026-05-24T13:39:20.502Z [TXN-7KGM1S9P] [order-service] ERROR Order failed: 
2026-05-24T13:39:21.531Z [TXN-7KGM1S9P] [catalog-service] INFO Category=DC: 4 products
2026-05-24T13:39:22.783Z [TXN-7KGM1S9P] [order-service] INFO Calling catalog-service for productId=1
2026-05-24T13:39:22.789Z [TXN-7KGM1S9P] [catalog-service] INFO Product fetched: Batman Figure
2026-05-24T13:39:22.828Z [TXN-7KGM1S9P] [order-service] INFO Order created: orderId=402, product=Batman Figure, amount=24.99
2026-05-24T13:39:22.834Z [TXN-7KGM1S9P] [order-service] INFO Calling notification-service for orderId=402
2026-05-24T13:39:22.843Z [TXN-7KGM1S9P] [order-service] ERROR Order failed: 
2026-05-24T13:39:22.972Z [TXN-7KGM1S9P] [order-service] INFO Calling catalog-service for productId=1
2026-05-24T13:39:22.984Z [TXN-7KGM1S9P] [catalog-service] INFO Product fetched: Batman Figure
2026-05-24T13:39:23.016Z [TXN-7KGM1S9P] [order-service] INFO Order created: orderId=403, product=Batman Figure, amount=24.99
2026-05-24T13:39:23.017Z [TXN-7KGM1S9P] [order-service] INFO Calling notification-service for orderId=403
2026-05-24T13:39:23.037Z [TXN-7KGM1S9P] [order-service] ERROR Order failed: 
2026-05-24T13:39:23.148Z [TXN-7KGM1S9P] [order-service] INFO Calling catalog-service for productId=1
2026-05-24T13:39:23.156Z [TXN-7KGM1S9P] [catalog-service] INFO Product fetched: Batman Figure
2026-05-24T13:39:23.175Z [TXN-7KGM1S9P] [order-service] INFO Order created: orderId=404, product=Batman Figure, amount=24.99
2026-05-24T13:39:23.179Z [TXN-7KGM1S9P] [order-service] INFO Calling notification-service for orderId=404
2026-05-24T13:39:23.190Z [TXN-7KGM1S9P] [order-service] ERROR Order failed: 
2026-05-24T13:39:23.316Z [TXN-7KGM1S9P] [order-service] INFO Calling catalog-service for productId=1
2026-05-24T13:39:23.323Z [TXN-7KGM1S9P] [catalog-service] INFO Product fetched: Batman Figure
2026-05-24T13:39:23.341Z [TXN-7KGM1S9P] [order-service] INFO Order created: orderId=405, product=Batman Figure, amount=24.99
2026-05-24T13:39:23.342Z [TXN-7KGM1S9P] [order-service] INFO Calling notification-service for orderId=405
2026-05-24T13:39:23.356Z [TXN-7KGM1S9P] [order-service] ERROR Order failed: 
2026-05-24T13:39:23.506Z [TXN-7KGM1S9P] [order-service] INFO Calling catalog-service for productId=1
2026-05-24T13:39:23.518Z [TXN-7KGM1S9P] [catalog-service] INFO Product fetched: Batman Figure
2026-05-24T13:39:23.539Z [TXN-7KGM1S9P] [order-service] INFO Order created: orderId=406, product=Batman Figure, amount=24.99
2026-05-24T13:39:23.540Z [TXN-7KGM1S9P] [order-service] INFO Calling notification-service for orderId=406
2026-05-24T13:39:23.555Z [TXN-7KGM1S9P] [order-service] ERROR Order failed: 
2026-05-24T13:39:24.154Z [TXN-7KGM1S9P] [order-service] INFO Calling catalog-service for productId=2
2026-05-24T13:39:24.167Z [TXN-7KGM1S9P] [catalog-service] INFO Product fetched: Superman T-Shirt
2026-05-24T13:39:24.179Z [TXN-7KGM1S9P] [order-service] INFO Order created: orderId=407, product=Superman T-Shirt, amount=19.99
2026-05-24T13:39:24.183Z [TXN-7KGM1S9P] [order-service] INFO Calling notification-service for orderId=407
2026-05-24T13:39:24.192Z [TXN-7KGM1S9P] [order-service] ERROR Order failed: 
2026-05-24T13:39:24.354Z [TXN-7KGM1S9P] [order-service] INFO Calling catalog-service for productId=2
2026-05-24T13:39:24.365Z [TXN-7KGM1S9P] [catalog-service] INFO Product fetched: Superman T-Shirt
2026-05-24T13:39:24.381Z [TXN-7KGM1S9P] [order-service] INFO Order created: orderId=408, product=Superman T-Shirt, amount=19.99
2026-05-24T13:39:24.383Z [TXN-7KGM1S9P] [order-service] INFO Calling notification-service for orderId=408
2026-05-24T13:39:24.390Z [TXN-7KGM1S9P] [order-service] ERROR Order failed: 
2026-05-24T13:39:24.538Z [TXN-7KGM1S9P] [order-service] INFO Calling catalog-service for productId=2
2026-05-24T13:39:24.551Z [TXN-7KGM1S9P] [catalog-service] INFO Product fetched: Superman T-Shirt
2026-05-24T13:39:24.564Z [TXN-7KGM1S9P] [order-service] INFO Order created: orderId=409, product=Superman T-Shirt, amount=19.99
2026-05-24T13:39:24.566Z [TXN-7KGM1S9P] [order-service] INFO Calling notification-service for orderId=409
2026-05-24T13:39:24.574Z [TXN-7KGM1S9P] [order-service] ERROR Order failed: 
2026-05-24T13:39:24.700Z [TXN-7KGM1S9P] [order-service] INFO Calling catalog-service for productId=2
2026-05-24T13:39:24.706Z [TXN-7KGM1S9P] [catalog-service] INFO Product fetched: Superman T-Shirt
2026-05-24T13:39:24.723Z [TXN-7KGM1S9P] [order-service] INFO Order created: orderId=410, product=Superman T-Shirt, amount=19.99
2026-05-24T13:39:24.724Z [TXN-7KGM1S9P] [order-service] INFO Calling notification-service for orderId=410
2026-05-24T13:39:24.738Z [TXN-7KGM1S9P] [order-service] ERROR Order failed: 
2026-05-24T13:39:25.472Z [TXN-7KGM1S9P] [order-service] INFO Calling catalog-service for productId=3
2026-05-24T13:39:25.482Z [TXN-7KGM1S9P] [catalog-service] INFO Product fetched: Flash Toy
2026-05-24T13:39:25.504Z [TXN-7KGM1S9P] [order-service] INFO Order created: orderId=411, product=Flash Toy, amount=14.99
2026-05-24T13:39:25.506Z [TXN-7KGM1S9P] [order-service] INFO Calling notification-service for orderId=411
2026-05-24T13:39:25.520Z [TXN-7KGM1S9P] [order-service] ERROR Order failed: 
2026-05-24T13:39:25.669Z [TXN-7KGM1S9P] [order-service] INFO Calling catalog-service for productId=3
2026-05-24T13:39:25.681Z [TXN-7KGM1S9P] [catalog-service] INFO Product fetched: Flash Toy
2026-05-24T13:39:25.692Z [TXN-7KGM1S9P] [order-service] INFO Order created: orderId=412, product=Flash Toy, amount=14.99
2026-05-24T13:39:25.696Z [TXN-7KGM1S9P] [order-service] INFO Calling notification-service for orderId=412
2026-05-24T13:39:25.707Z [TXN-7KGM1S9P] [order-service] ERROR Order failed: 
2026-05-24T13:39:25.853Z [TXN-7KGM1S9P] [order-service] INFO Calling catalog-service for productId=3
2026-05-24T13:39:25.866Z [TXN-7KGM1S9P] [catalog-service] INFO Product fetched: Flash Toy
2026-05-24T13:39:25.880Z [TXN-7KGM1S9P] [order-service] INFO Order created: orderId=413, product=Flash Toy, amount=14.99
2026-05-24T13:39:25.885Z [TXN-7KGM1S9P] [order-service] INFO Calling notification-service for orderId=413
2026-05-24T13:39:25.892Z [TXN-7KGM1S9P] [order-service] ERROR Order failed: 
2026-05-24T13:39:26.024Z [TXN-7KGM1S9P] [order-service] INFO Calling catalog-service for productId=3
2026-05-24T13:39:26.035Z [TXN-7KGM1S9P] [catalog-service] INFO Product fetched: Flash Toy
2026-05-24T13:39:26.051Z [TXN-7KGM1S9P] [order-service] INFO Order created: orderId=414, product=Flash Toy, amount=14.99
2026-05-24T13:39:26.053Z [TXN-7KGM1S9P] [order-service] INFO Calling notification-service for orderId=414
2026-05-24T13:39:26.063Z [TXN-7KGM1S9P] [order-service] ERROR Order failed: 
2026-05-24T13:39:27.024Z [TXN-7KGM1S9P] [order-service] INFO Calling catalog-service for productId=4
2026-05-24T13:39:27.032Z [TXN-7KGM1S9P] [catalog-service] INFO Product fetched: Wonder Woman Poster
2026-05-24T13:39:27.046Z [TXN-7KGM1S9P] [order-service] INFO Order created: orderId=415, product=Wonder Woman Poster, amount=9.99
2026-05-24T13:39:27.048Z [TXN-7KGM1S9P] [order-service] INFO Calling notification-service for orderId=415
2026-05-24T13:39:27.055Z [TXN-7KGM1S9P] [order-service] ERROR Order failed: 
2026-05-24T13:39:27.206Z [TXN-7KGM1S9P] [order-service] INFO Calling catalog-service for productId=4
2026-05-24T13:39:27.217Z [TXN-7KGM1S9P] [catalog-service] INFO Product fetched: Wonder Woman Poster
2026-05-24T13:39:27.233Z [TXN-7KGM1S9P] [order-service] INFO Order created: orderId=416, product=Wonder Woman Poster, amount=9.99
2026-05-24T13:39:27.236Z [TXN-7KGM1S9P] [order-service] INFO Calling notification-service for orderId=416
2026-05-24T13:39:27.244Z [TXN-7KGM1S9P] [order-service] ERROR Order failed: 
2026-05-24T13:39:27.393Z [TXN-7KGM1S9P] [order-service] INFO Calling catalog-service for productId=4
2026-05-24T13:39:27.404Z [TXN-7KGM1S9P] [catalog-service] INFO Product fetched: Wonder Woman Poster
2026-05-24T13:39:27.424Z [TXN-7KGM1S9P] [order-service] INFO Order created: orderId=417, product=Wonder Woman Poster, amount=9.99
2026-05-24T13:39:27.425Z [TXN-7KGM1S9P] [order-service] INFO Calling notification-service for orderId=417
2026-05-24T13:39:27.438Z [TXN-7KGM1S9P] [order-service] ERROR Order failed: 
2026-05-24T13:39:27.573Z [TXN-7KGM1S9P] [order-service] INFO Calling catalog-service for productId=4
2026-05-24T13:39:27.584Z [TXN-7KGM1S9P] [catalog-service] INFO Product fetched: Wonder Woman Poster
2026-05-24T13:39:27.599Z [TXN-7KGM1S9P] [order-service] INFO Order created: orderId=418, product=Wonder Woman Poster, amount=9.99
2026-05-24T13:39:27.601Z [TXN-7KGM1S9P] [order-service] INFO Calling notification-service for orderId=418
2026-05-24T13:39:27.609Z [TXN-7KGM1S9P] [order-service] ERROR Order failed: 
2026-05-24T13:39:27.752Z [TXN-7KGM1S9P] [order-service] INFO Calling catalog-service for productId=4
2026-05-24T13:39:27.770Z [TXN-7KGM1S9P] [catalog-service] INFO Product fetched: Wonder Woman Poster
2026-05-24T13:39:27.787Z [TXN-7KGM1S9P] [order-service] INFO Order created: orderId=419, product=Wonder Woman Poster, amount=9.99
2026-05-24T13:39:27.788Z [TXN-7KGM1S9P] [order-service] INFO Calling notification-service for orderId=419
2026-05-24T13:39:27.806Z [TXN-7KGM1S9P] [order-service] ERROR Order failed: 
2026-05-24T13:39:27.936Z [TXN-7KGM1S9P] [order-service] INFO Calling catalog-service for productId=4
2026-05-24T13:39:27.944Z [TXN-7KGM1S9P] [catalog-service] INFO Product fetched: Wonder Woman Poster
2026-05-24T13:39:27.959Z [TXN-7KGM1S9P] [order-service] INFO Order created: orderId=420, product=Wonder Woman Poster, amount=9.99
2026-05-24T13:39:27.961Z [TXN-7KGM1S9P] [order-service] INFO Calling notification-service for orderId=420
2026-05-24T13:39:27.974Z [TXN-7KGM1S9P] [order-service] ERROR Order failed: 
2026-05-24T13:39:28.122Z [TXN-7KGM1S9P] [order-service] INFO Calling catalog-service for productId=4
2026-05-24T13:39:28.134Z [TXN-7KGM1S9P] [catalog-service] INFO Product fetched: Wonder Woman Poster
2026-05-24T13:39:28.147Z [TXN-7KGM1S9P] [order-service] INFO Order created: orderId=421, product=Wonder Woman Poster, amount=9.99
2026-05-24T13:39:28.151Z [TXN-7KGM1S9P] [order-service] INFO Calling notification-service for orderId=421
2026-05-24T13:39:28.158Z [TXN-7KGM1S9P] [order-service] ERROR Order failed: 
2026-05-24T13:39:28.316Z [TXN-7KGM1S9P] [order-service] INFO Calling catalog-service for productId=4
2026-05-24T13:39:28.322Z [TXN-7KGM1S9P] [catalog-service] INFO Product fetched: Wonder Woman Poster
2026-05-24T13:39:28.339Z [TXN-7KGM1S9P] [order-service] INFO Order created: orderId=422, product=Wonder Woman Poster, amount=9.99
2026-05-24T13:39:28.340Z [TXN-7KGM1S9P] [order-service] INFO Calling notification-service for orderId=422
2026-05-24T13:39:28.353Z [TXN-7KGM1S9P] [order-service] ERROR Order failed: 
2026-05-24T13:39:28.519Z [TXN-7KGM1S9P] [order-service] INFO Calling catalog-service for productId=4
2026-05-24T13:39:28.524Z [TXN-7KGM1S9P] [catalog-service] INFO Product fetched: Wonder Woman Poster
2026-05-24T13:39:28.541Z [TXN-7KGM1S9P] [order-service] INFO Order created: orderId=423, product=Wonder Woman Poster, amount=9.99
2026-05-24T13:39:28.543Z [TXN-7KGM1S9P] [order-service] INFO Calling notification-service for orderId=423
2026-05-24T13:39:28.556Z [TXN-7KGM1S9P] [order-service] ERROR Order failed: 
2026-05-24T13:39:28.700Z [TXN-7KGM1S9P] [order-service] INFO Calling catalog-service for productId=4
2026-05-24T13:39:28.706Z [TXN-7KGM1S9P] [catalog-service] INFO Product fetched: Wonder Woman Poster
2026-05-24T13:39:28.723Z [TXN-7KGM1S9P] [order-service] INFO Order created: orderId=424, product=Wonder Woman Poster, amount=9.99
2026-05-24T13:39:28.724Z [TXN-7KGM1S9P] [order-service] INFO Calling notification-service for orderId=424
2026-05-24T13:39:28.737Z [TXN-7KGM1S9P] [order-service] ERROR Order failed: 
2026-05-24T13:39:28.870Z [TXN-7KGM1S9P] [order-service] INFO Calling catalog-service for productId=4
2026-05-24T13:39:28.881Z [TXN-7KGM1S9P] [catalog-service] INFO Product fetched: Wonder Woman Poster
2026-05-24T13:39:28.898Z [TXN-7KGM1S9P] [order-service] INFO Order created: orderId=425, product=Wonder Woman Poster, amount=9.99
2026-05-24T13:39:28.900Z [TXN-7KGM1S9P] [order-service] INFO Calling notification-service for orderId=425
2026-05-24T13:39:28.908Z [TXN-7KGM1S9P] [order-service] ERROR Order failed: 
2026-05-24T13:39:29.547Z [TXN-7KGM1S9P] [order-service] INFO Calling catalog-service for productId=3
2026-05-24T13:39:29.556Z [TXN-7KGM1S9P] [catalog-service] INFO Product fetched: Flash Toy
2026-05-24T13:39:29.599Z [TXN-7KGM1S9P] [order-service] INFO Order created: orderId=426, product=Flash Toy, amount=14.99
2026-05-24T13:39:29.601Z [TXN-7KGM1S9P] [order-service] INFO Calling notification-service for orderId=426
2026-05-24T13:39:29.614Z [TXN-7KGM1S9P] [order-service] ERROR Order failed: 
2026-05-24T13:39:29.755Z [TXN-7KGM1S9P] [order-service] INFO Calling catalog-service for productId=3
2026-05-24T13:39:29.766Z [TXN-7KGM1S9P] [catalog-service] INFO Product fetched: Flash Toy
2026-05-24T13:39:29.780Z [TXN-7KGM1S9P] [order-service] INFO Order created: orderId=427, product=Flash Toy, amount=14.99
2026-05-24T13:39:29.784Z [TXN-7KGM1S9P] [order-service] INFO Calling notification-service for orderId=427
2026-05-24T13:39:29.794Z [TXN-7KGM1S9P] [order-service] ERROR Order failed: 
2026-05-24T13:39:30.117Z [TXN-7KGM1S9P] [order-service] INFO Calling catalog-service for productId=3
2026-05-24T13:39:30.123Z [TXN-7KGM1S9P] [catalog-service] INFO Product fetched: Flash Toy
2026-05-24T13:39:30.140Z [TXN-7KGM1S9P] [order-service] INFO Order created: orderId=428, product=Flash Toy, amount=14.99
2026-05-24T13:39:30.141Z [TXN-7KGM1S9P] [order-service] INFO Calling notification-service for orderId=428
2026-05-24T13:39:30.154Z [TXN-7KGM1S9P] [order-service] ERROR Order failed: 
2026-05-24T13:39:30.307Z [TXN-7KGM1S9P] [order-service] INFO Calling catalog-service for productId=3
2026-05-24T13:39:30.318Z [TXN-7KGM1S9P] [catalog-service] INFO Product fetched: Flash Toy
2026-05-24T13:39:30.333Z [TXN-7KGM1S9P] [order-service] INFO Order created: orderId=429, product=Flash Toy, amount=14.99
2026-05-24T13:39:30.334Z [TXN-7KGM1S9P] [order-service] INFO Calling notification-service for orderId=429
2026-05-24T13:39:30.340Z [TXN-7KGM1S9P] [order-service] ERROR Order failed: 
2026-05-24T13:39:30.500Z [TXN-7KGM1S9P] [order-service] INFO Calling catalog-service for productId=3
2026-05-24T13:39:30.505Z [TXN-7KGM1S9P] [catalog-service] INFO Product fetched: Flash Toy
2026-05-24T13:39:30.520Z [TXN-7KGM1S9P] [order-service] INFO Order created: orderId=430, product=Flash Toy, amount=14.99
2026-05-24T13:39:30.521Z [TXN-7KGM1S9P] [order-service] INFO Calling notification-service for orderId=430
2026-05-24T13:39:30.536Z [TXN-7KGM1S9P] [order-service] ERROR Order failed: 
2026-05-24T13:39:31.121Z [TXN-7KGM1S9P] [order-service] INFO Calling catalog-service for productId=2
2026-05-24T13:39:31.130Z [TXN-7KGM1S9P] [catalog-service] INFO Product fetched: Superman T-Shirt
2026-05-24T13:39:31.167Z [TXN-7KGM1S9P] [order-service] INFO Order created: orderId=431, product=Superman T-Shirt, amount=19.99
2026-05-24T13:39:31.169Z [TXN-7KGM1S9P] [order-service] INFO Calling notification-service for orderId=431
2026-05-24T13:39:31.182Z [TXN-7KGM1S9P] [order-service] ERROR Order failed: 
2026-05-24T13:39:31.321Z [TXN-7KGM1S9P] [order-service] INFO Calling catalog-service for productId=2
2026-05-24T13:39:31.332Z [TXN-7KGM1S9P] [catalog-service] INFO Product fetched: Superman T-Shirt
2026-05-24T13:39:31.342Z [TXN-7KGM1S9P] [order-service] INFO Order created: orderId=432, product=Superman T-Shirt, amount=19.99
2026-05-24T13:39:31.343Z [TXN-7KGM1S9P] [order-service] INFO Calling notification-service for orderId=432
2026-05-24T13:39:31.356Z [TXN-7KGM1S9P] [order-service] ERROR Order failed: 
2026-05-24T13:39:31.533Z [TXN-7KGM1S9P] [order-service] INFO Calling catalog-service for productId=2
2026-05-24T13:39:31.539Z [TXN-7KGM1S9P] [catalog-service] INFO Product fetched: Superman T-Shirt
2026-05-24T13:39:31.557Z [TXN-7KGM1S9P] [order-service] INFO Order created: orderId=433, product=Superman T-Shirt, amount=19.99
2026-05-24T13:39:31.558Z [TXN-7KGM1S9P] [order-service] INFO Calling notification-service for orderId=433
2026-05-24T13:39:31.572Z [TXN-7KGM1S9P] [order-service] ERROR Order failed: 
2026-05-24T13:39:31.722Z [TXN-7KGM1S9P] [order-service] INFO Calling catalog-service for productId=2
2026-05-24T13:39:31.734Z [TXN-7KGM1S9P] [catalog-service] INFO Product fetched: Superman T-Shirt
2026-05-24T13:39:31.748Z [TXN-7KGM1S9P] [order-service] INFO Order created: orderId=434, product=Superman T-Shirt, amount=19.99
2026-05-24T13:39:31.750Z [TXN-7KGM1S9P] [order-service] INFO Calling notification-service for orderId=434
2026-05-24T13:39:31.758Z [TXN-7KGM1S9P] [order-service] ERROR Order failed: 
2026-05-24T13:39:31.905Z [TXN-7KGM1S9P] [order-service] INFO Calling catalog-service for productId=2
2026-05-24T13:39:31.918Z [TXN-7KGM1S9P] [catalog-service] INFO Product fetched: Superman T-Shirt
2026-05-24T13:39:31.931Z [TXN-7KGM1S9P] [order-service] INFO Order created: orderId=435, product=Superman T-Shirt, amount=19.99
2026-05-24T13:39:31.933Z [TXN-7KGM1S9P] [order-service] INFO Calling notification-service for orderId=435
2026-05-24T13:39:31.941Z [TXN-7KGM1S9P] [order-service] ERROR Order failed: 
2026-05-24T13:39:32.576Z [TXN-7KGM1S9P] [order-service] INFO Calling catalog-service for productId=1
2026-05-24T13:39:32.587Z [TXN-7KGM1S9P] [catalog-service] INFO Product fetched: Batman Figure
2026-05-24T13:39:32.606Z [TXN-7KGM1S9P] [order-service] INFO Order created: orderId=436, product=Batman Figure, amount=24.99
2026-05-24T13:39:32.607Z [TXN-7KGM1S9P] [order-service] INFO Calling notification-service for orderId=436
2026-05-24T13:39:32.621Z [TXN-7KGM1S9P] [order-service] ERROR Order failed: 
2026-05-24T13:39:32.792Z [TXN-7KGM1S9P] [order-service] INFO Calling catalog-service for productId=1
2026-05-24T13:39:32.802Z [TXN-7KGM1S9P] [catalog-service] INFO Product fetched: Batman Figure
2026-05-24T13:39:32.815Z [TXN-7KGM1S9P] [order-service] INFO Order created: orderId=437, product=Batman Figure, amount=24.99
2026-05-24T13:39:32.816Z [TXN-7KGM1S9P] [order-service] INFO Calling notification-service for orderId=437
2026-05-24T13:39:32.823Z [TXN-7KGM1S9P] [order-service] ERROR Order failed: 
2026-05-24T13:39:32.973Z [TXN-7KGM1S9P] [order-service] INFO Calling catalog-service for productId=1
2026-05-24T13:39:32.983Z [TXN-7KGM1S9P] [catalog-service] INFO Product fetched: Batman Figure
2026-05-24T13:39:32.999Z [TXN-7KGM1S9P] [order-service] INFO Order created: orderId=438, product=Batman Figure, amount=24.99
2026-05-24T13:39:33.001Z [TXN-7KGM1S9P] [order-service] INFO Calling notification-service for orderId=438
2026-05-24T13:39:33.007Z [TXN-7KGM1S9P] [order-service] ERROR Order failed: 
2026-05-24T13:39:33.171Z [TXN-7KGM1S9P] [order-service] INFO Calling catalog-service for productId=1
2026-05-24T13:39:33.180Z [TXN-7KGM1S9P] [catalog-service] INFO Product fetched: Batman Figure
2026-05-24T13:39:33.191Z [TXN-7KGM1S9P] [order-service] INFO Order created: orderId=439, product=Batman Figure, amount=24.99
2026-05-24T13:39:33.192Z [TXN-7KGM1S9P] [order-service] INFO Calling notification-service for orderId=439
2026-05-24T13:39:33.204Z [TXN-7KGM1S9P] [order-service] ERROR Order failed: 
2026-05-24T13:39:33.354Z [TXN-7KGM1S9P] [order-service] INFO Calling catalog-service for productId=1
2026-05-24T13:39:33.368Z [TXN-7KGM1S9P] [catalog-service] INFO Product fetched: Batman Figure
2026-05-24T13:39:33.385Z [TXN-7KGM1S9P] [order-service] INFO Order created: orderId=440, product=Batman Figure, amount=24.99
2026-05-24T13:39:33.386Z [TXN-7KGM1S9P] [order-service] INFO Calling notification-service for orderId=440
2026-05-24T13:39:33.402Z [TXN-7KGM1S9P] [order-service] ERROR Order failed: 
2026-05-24T13:39:34.465Z [TXN-7KGM1S9P] [catalog-service] INFO Category=Marvel: 4 products
2026-05-24T13:39:35.608Z [TXN-7KGM1S9P] [order-service] INFO Calling catalog-service for productId=5
2026-05-24T13:39:35.618Z [TXN-7KGM1S9P] [catalog-service] INFO Product fetched: Iron Man Figure
2026-05-24T13:39:35.631Z [TXN-7KGM1S9P] [order-service] INFO Order created: orderId=441, product=Iron Man Figure, amount=29.99
2026-05-24T13:39:35.633Z [TXN-7KGM1S9P] [order-service] INFO Calling notification-service for orderId=441
2026-05-24T13:39:35.641Z [TXN-7KGM1S9P] [order-service] ERROR Order failed: 
2026-05-24T13:39:35.820Z [TXN-7KGM1S9P] [order-service] INFO Calling catalog-service for productId=5
2026-05-24T13:39:35.830Z [TXN-7KGM1S9P] [catalog-service] INFO Product fetched: Iron Man Figure
2026-05-24T13:39:35.854Z [TXN-7KGM1S9P] [order-service] INFO Order created: orderId=442, product=Iron Man Figure, amount=29.99
2026-05-24T13:39:35.856Z [TXN-7KGM1S9P] [order-service] INFO Calling notification-service for orderId=442
2026-05-24T13:39:35.870Z [TXN-7KGM1S9P] [order-service] ERROR Order failed: 
2026-05-24T13:39:36.021Z [TXN-7KGM1S9P] [order-service] INFO Calling catalog-service for productId=5
2026-05-24T13:39:36.034Z [TXN-7KGM1S9P] [catalog-service] INFO Product fetched: Iron Man Figure
2026-05-24T13:39:36.049Z [TXN-7KGM1S9P] [order-service] INFO Order created: orderId=443, product=Iron Man Figure, amount=29.99
2026-05-24T13:39:36.051Z [TXN-7KGM1S9P] [order-service] INFO Calling notification-service for orderId=443
2026-05-24T13:39:36.058Z [TXN-7KGM1S9P] [order-service] ERROR Order failed: 
2026-05-24T13:39:36.182Z [TXN-7KGM1S9P] [order-service] INFO Calling catalog-service for productId=5
2026-05-24T13:39:36.188Z [TXN-7KGM1S9P] [catalog-service] INFO Product fetched: Iron Man Figure
2026-05-24T13:39:36.208Z [TXN-7KGM1S9P] [order-service] INFO Order created: orderId=444, product=Iron Man Figure, amount=29.99
2026-05-24T13:39:36.209Z [TXN-7KGM1S9P] [order-service] INFO Calling notification-service for orderId=444
2026-05-24T13:39:36.221Z [TXN-7KGM1S9P] [order-service] ERROR Order failed: 
2026-05-24T13:39:36.366Z [TXN-7KGM1S9P] [order-service] INFO Calling catalog-service for productId=5
2026-05-24T13:39:36.381Z [TXN-7KGM1S9P] [catalog-service] INFO Product fetched: Iron Man Figure
2026-05-24T13:39:36.396Z [TXN-7KGM1S9P] [order-service] INFO Order created: orderId=445, product=Iron Man Figure, amount=29.99
2026-05-24T13:39:36.402Z [TXN-7KGM1S9P] [order-service] INFO Calling notification-service for orderId=445
2026-05-24T13:39:36.415Z [TXN-7KGM1S9P] [order-service] ERROR Order failed: 
2026-05-24T13:39:36.955Z [TXN-7KGM1S9P] [order-service] INFO Calling catalog-service for productId=6
2026-05-24T13:39:36.967Z [TXN-7KGM1S9P] [catalog-service] INFO Product fetched: Spider-Man Toy
2026-05-24T13:39:37.005Z [TXN-7KGM1S9P] [order-service] INFO Order created: orderId=446, product=Spider-Man Toy, amount=17.99
2026-05-24T13:39:37.006Z [TXN-7KGM1S9P] [order-service] INFO Calling notification-service for orderId=446
2026-05-24T13:39:37.021Z [TXN-7KGM1S9P] [order-service] ERROR Order failed: 
2026-05-24T13:39:37.147Z [TXN-7KGM1S9P] [order-service] INFO Calling catalog-service for productId=6
2026-05-24T13:39:37.169Z [TXN-7KGM1S9P] [catalog-service] INFO Product fetched: Spider-Man Toy
2026-05-24T13:39:37.187Z [TXN-7KGM1S9P] [order-service] INFO Order created: orderId=447, product=Spider-Man Toy, amount=17.99
2026-05-24T13:39:37.188Z [TXN-7KGM1S9P] [order-service] INFO Calling notification-service for orderId=447
2026-05-24T13:39:37.205Z [TXN-7KGM1S9P] [order-service] ERROR Order failed: 
2026-05-24T13:39:37.332Z [TXN-7KGM1S9P] [order-service] INFO Calling catalog-service for productId=6
2026-05-24T13:39:37.340Z [TXN-7KGM1S9P] [catalog-service] INFO Product fetched: Spider-Man Toy
2026-05-24T13:39:37.366Z [TXN-7KGM1S9P] [order-service] INFO Order created: orderId=448, product=Spider-Man Toy, amount=17.99
2026-05-24T13:39:37.367Z [TXN-7KGM1S9P] [order-service] INFO Calling notification-service for orderId=448
2026-05-24T13:39:37.376Z [TXN-7KGM1S9P] [order-service] ERROR Order failed: 
2026-05-24T13:39:37.517Z [TXN-7KGM1S9P] [order-service] INFO Calling catalog-service for productId=6
2026-05-24T13:39:37.523Z [TXN-7KGM1S9P] [catalog-service] INFO Product fetched: Spider-Man Toy
2026-05-24T13:39:37.540Z [TXN-7KGM1S9P] [order-service] INFO Order created: orderId=449, product=Spider-Man Toy, amount=17.99
2026-05-24T13:39:37.541Z [TXN-7KGM1S9P] [order-service] INFO Calling notification-service for orderId=449
2026-05-24T13:39:37.554Z [TXN-7KGM1S9P] [order-service] ERROR Order failed: 
2026-05-24T13:39:37.701Z [TXN-7KGM1S9P] [order-service] INFO Calling catalog-service for productId=6
2026-05-24T13:39:37.706Z [TXN-7KGM1S9P] [catalog-service] INFO Product fetched: Spider-Man Toy
2026-05-24T13:39:37.725Z [TXN-7KGM1S9P] [order-service] INFO Order created: orderId=450, product=Spider-Man Toy, amount=17.99
2026-05-24T13:39:37.726Z [TXN-7KGM1S9P] [order-service] INFO Calling notification-service for orderId=450
2026-05-24T13:39:37.739Z [TXN-7KGM1S9P] [order-service] ERROR Order failed: 
2026-05-24T13:39:37.854Z [TXN-7KGM1S9P] [order-service] INFO Calling catalog-service for productId=6
2026-05-24T13:39:37.867Z [TXN-7KGM1S9P] [catalog-service] INFO Product fetched: Spider-Man Toy
2026-05-24T13:39:37.880Z [TXN-7KGM1S9P] [order-service] INFO Order created: orderId=451, product=Spider-Man Toy, amount=17.99
2026-05-24T13:39:37.883Z [TXN-7KGM1S9P] [order-service] INFO Calling notification-service for orderId=451
2026-05-24T13:39:37.890Z [TXN-7KGM1S9P] [order-service] ERROR Order failed: 
2026-05-24T13:39:38.721Z [TXN-7KGM1S9P] [order-service] INFO Calling catalog-service for productId=7
2026-05-24T13:39:38.736Z [TXN-7KGM1S9P] [catalog-service] INFO Product fetched: Hulk Poster
2026-05-24T13:39:38.754Z [TXN-7KGM1S9P] [order-service] INFO Order created: orderId=452, product=Hulk Poster, amount=9.99
2026-05-24T13:39:38.756Z [TXN-7KGM1S9P] [order-service] INFO Calling notification-service for orderId=452
2026-05-24T13:39:38.772Z [TXN-7KGM1S9P] [order-service] ERROR Order failed: 
2026-05-24T13:39:38.891Z [TXN-7KGM1S9P] [order-service] INFO Calling catalog-service for productId=7
2026-05-24T13:39:38.904Z [TXN-7KGM1S9P] [catalog-service] INFO Product fetched: Hulk Poster
2026-05-24T13:39:38.921Z [TXN-7KGM1S9P] [order-service] INFO Order created: orderId=453, product=Hulk Poster, amount=9.99
2026-05-24T13:39:38.922Z [TXN-7KGM1S9P] [order-service] INFO Calling notification-service for orderId=453
2026-05-24T13:39:38.937Z [TXN-7KGM1S9P] [order-service] ERROR Order failed: 
2026-05-24T13:39:39.072Z [TXN-7KGM1S9P] [order-service] INFO Calling catalog-service for productId=7
2026-05-24T13:39:39.082Z [TXN-7KGM1S9P] [catalog-service] INFO Product fetched: Hulk Poster
2026-05-24T13:39:39.092Z [TXN-7KGM1S9P] [order-service] INFO Order created: orderId=454, product=Hulk Poster, amount=9.99
2026-05-24T13:39:39.097Z [TXN-7KGM1S9P] [order-service] INFO Calling notification-service for orderId=454
2026-05-24T13:39:39.108Z [TXN-7KGM1S9P] [order-service] ERROR Order failed: 
2026-05-24T13:39:39.403Z [TXN-7KGM1S9P] [order-service] INFO Calling catalog-service for productId=7
2026-05-24T13:39:39.413Z [TXN-7KGM1S9P] [catalog-service] INFO Product fetched: Hulk Poster
2026-05-24T13:39:39.430Z [TXN-7KGM1S9P] [order-service] INFO Order created: orderId=455, product=Hulk Poster, amount=9.99
2026-05-24T13:39:39.432Z [TXN-7KGM1S9P] [order-service] INFO Calling notification-service for orderId=455
2026-05-24T13:39:39.441Z [TXN-7KGM1S9P] [order-service] ERROR Order failed: 
2026-05-24T13:39:39.592Z [TXN-7KGM1S9P] [order-service] INFO Calling catalog-service for productId=7
2026-05-24T13:39:39.604Z [TXN-7KGM1S9P] [catalog-service] INFO Product fetched: Hulk Poster
2026-05-24T13:39:39.641Z [TXN-7KGM1S9P] [order-service] INFO Order created: orderId=456, product=Hulk Poster, amount=9.99
2026-05-24T13:39:39.643Z [TXN-7KGM1S9P] [order-service] INFO Calling notification-service for orderId=456
2026-05-24T13:39:39.671Z [TXN-7KGM1S9P] [order-service] ERROR Order failed: 
2026-05-24T13:39:39.789Z [TXN-7KGM1S9P] [order-service] INFO Calling catalog-service for productId=7
2026-05-24T13:39:39.802Z [TXN-7KGM1S9P] [catalog-service] INFO Product fetched: Hulk Poster
2026-05-24T13:39:39.816Z [TXN-7KGM1S9P] [order-service] INFO Order created: orderId=457, product=Hulk Poster, amount=9.99
2026-05-24T13:39:39.818Z [TXN-7KGM1S9P] [order-service] INFO Calling notification-service for orderId=457
2026-05-24T13:39:39.828Z [TXN-7KGM1S9P] [order-service] ERROR Order failed: 
2026-05-24T13:39:40.403Z [TXN-7KGM1S9P] [order-service] INFO Calling catalog-service for productId=8
2026-05-24T13:39:40.417Z [TXN-7KGM1S9P] [catalog-service] INFO Product fetched: Thor Hammer Replica
2026-05-24T13:39:40.431Z [TXN-7KGM1S9P] [order-service] INFO Order created: orderId=458, product=Thor Hammer Replica, amount=39.99
2026-05-24T13:39:40.434Z [TXN-7KGM1S9P] [order-service] INFO Calling notification-service for orderId=458
2026-05-24T13:39:40.450Z [TXN-7KGM1S9P] [order-service] ERROR Order failed: 
2026-05-24T13:39:40.591Z [TXN-7KGM1S9P] [order-service] INFO Calling catalog-service for productId=8
2026-05-24T13:39:40.602Z [TXN-7KGM1S9P] [catalog-service] INFO Product fetched: Thor Hammer Replica
2026-05-24T13:39:40.618Z [TXN-7KGM1S9P] [order-service] INFO Order created: orderId=459, product=Thor Hammer Replica, amount=39.99
2026-05-24T13:39:40.619Z [TXN-7KGM1S9P] [order-service] INFO Calling notification-service for orderId=459
2026-05-24T13:39:40.625Z [TXN-7KGM1S9P] [order-service] ERROR Order failed: 
2026-05-24T13:39:40.807Z [TXN-7KGM1S9P] [order-service] INFO Calling catalog-service for productId=8
2026-05-24T13:39:40.817Z [TXN-7KGM1S9P] [catalog-service] INFO Product fetched: Thor Hammer Replica
2026-05-24T13:39:40.833Z [TXN-7KGM1S9P] [order-service] INFO Order created: orderId=460, product=Thor Hammer Replica, amount=39.99
2026-05-24T13:39:40.835Z [TXN-7KGM1S9P] [order-service] INFO Calling notification-service for orderId=460
2026-05-24T13:39:40.841Z [TXN-7KGM1S9P] [order-service] ERROR Order failed: 
2026-05-24T13:39:41.004Z [TXN-7KGM1S9P] [order-service] INFO Calling catalog-service for productId=8
2026-05-24T13:39:41.016Z [TXN-7KGM1S9P] [catalog-service] INFO Product fetched: Thor Hammer Replica
2026-05-24T13:39:41.026Z [TXN-7KGM1S9P] [order-service] INFO Order created: orderId=461, product=Thor Hammer Replica, amount=39.99
2026-05-24T13:39:41.033Z [TXN-7KGM1S9P] [order-service] INFO Calling notification-service for orderId=461
2026-05-24T13:39:41.039Z [TXN-7KGM1S9P] [order-service] ERROR Order failed: 
2026-05-24T13:39:41.191Z [TXN-7KGM1S9P] [order-service] INFO Calling catalog-service for productId=8
2026-05-24T13:39:41.202Z [TXN-7KGM1S9P] [catalog-service] INFO Product fetched: Thor Hammer Replica
2026-05-24T13:39:41.233Z [TXN-7KGM1S9P] [order-service] INFO Order created: orderId=462, product=Thor Hammer Replica, amount=39.99
2026-05-24T13:39:41.234Z [TXN-7KGM1S9P] [order-service] INFO Calling notification-service for orderId=462
2026-05-24T13:39:41.241Z [TXN-7KGM1S9P] [order-service] ERROR Order failed: 
2026-05-24T13:39:41.382Z [TXN-7KGM1S9P] [order-service] INFO Calling catalog-service for productId=8
2026-05-24T13:39:41.388Z [TXN-7KGM1S9P] [catalog-service] INFO Product fetched: Thor Hammer Replica
2026-05-24T13:39:41.407Z [TXN-7KGM1S9P] [order-service] INFO Order created: orderId=463, product=Thor Hammer Replica, amount=39.99
2026-05-24T13:39:41.408Z [TXN-7KGM1S9P] [order-service] INFO Calling notification-service for orderId=463
2026-05-24T13:39:41.423Z [TXN-7KGM1S9P] [order-service] ERROR Order failed: 
2026-05-24T13:39:41.559Z [TXN-7KGM1S9P] [order-service] INFO Calling catalog-service for productId=8
2026-05-24T13:39:41.571Z [TXN-7KGM1S9P] [catalog-service] INFO Product fetched: Thor Hammer Replica
2026-05-24T13:39:41.592Z [TXN-7KGM1S9P] [order-service] INFO Order created: orderId=464, product=Thor Hammer Replica, amount=39.99
2026-05-24T13:39:41.601Z [TXN-7KGM1S9P] [order-service] INFO Calling notification-service for orderId=464
2026-05-24T13:39:41.614Z [TXN-7KGM1S9P] [order-service] ERROR Order failed: 
2026-05-24T13:39:42.161Z [TXN-7KGM1S9P] [order-service] INFO Calling catalog-service for productId=7
2026-05-24T13:39:42.170Z [TXN-7KGM1S9P] [catalog-service] INFO Product fetched: Hulk Poster
2026-05-24T13:39:42.206Z [TXN-7KGM1S9P] [order-service] INFO Order created: orderId=465, product=Hulk Poster, amount=9.99
2026-05-24T13:39:42.208Z [TXN-7KGM1S9P] [order-service] INFO Calling notification-service for orderId=465
2026-05-24T13:39:42.221Z [TXN-7KGM1S9P] [order-service] ERROR Order failed: 
2026-05-24T13:39:42.359Z [TXN-7KGM1S9P] [order-service] INFO Calling catalog-service for productId=7
2026-05-24T13:39:42.371Z [TXN-7KGM1S9P] [catalog-service] INFO Product fetched: Hulk Poster
2026-05-24T13:39:42.408Z [TXN-7KGM1S9P] [order-service] INFO Order created: orderId=466, product=Hulk Poster, amount=9.99
2026-05-24T13:39:42.410Z [TXN-7KGM1S9P] [order-service] INFO Calling notification-service for orderId=466
2026-05-24T13:39:42.423Z [TXN-7KGM1S9P] [order-service] ERROR Order failed: 
2026-05-24T13:39:42.538Z [TXN-7KGM1S9P] [order-service] INFO Calling catalog-service for productId=7
2026-05-24T13:39:42.551Z [TXN-7KGM1S9P] [catalog-service] INFO Product fetched: Hulk Poster
2026-05-24T13:39:42.566Z [TXN-7KGM1S9P] [order-service] INFO Order created: orderId=467, product=Hulk Poster, amount=9.99
2026-05-24T13:39:42.567Z [TXN-7KGM1S9P] [order-service] INFO Calling notification-service for orderId=467
2026-05-24T13:39:42.574Z [TXN-7KGM1S9P] [order-service] ERROR Order failed: 
2026-05-24T13:39:42.717Z [TXN-7KGM1S9P] [order-service] INFO Calling catalog-service for productId=7
2026-05-24T13:39:42.723Z [TXN-7KGM1S9P] [catalog-service] INFO Product fetched: Hulk Poster
2026-05-24T13:39:42.741Z [TXN-7KGM1S9P] [order-service] INFO Order created: orderId=468, product=Hulk Poster, amount=9.99
2026-05-24T13:39:42.742Z [TXN-7KGM1S9P] [order-service] INFO Calling notification-service for orderId=468
2026-05-24T13:39:42.756Z [TXN-7KGM1S9P] [order-service] ERROR Order failed: 
2026-05-24T13:39:43.331Z [TXN-7KGM1S9P] [order-service] INFO Calling catalog-service for productId=6
2026-05-24T13:39:43.337Z [TXN-7KGM1S9P] [catalog-service] INFO Product fetched: Spider-Man Toy
2026-05-24T13:39:43.354Z [TXN-7KGM1S9P] [order-service] INFO Order created: orderId=469, product=Spider-Man Toy, amount=17.99
2026-05-24T13:39:43.355Z [TXN-7KGM1S9P] [order-service] INFO Calling notification-service for orderId=469
2026-05-24T13:39:43.366Z [TXN-7KGM1S9P] [order-service] ERROR Order failed: 
2026-05-24T13:39:43.533Z [TXN-7KGM1S9P] [order-service] INFO Calling catalog-service for productId=6
2026-05-24T13:39:43.538Z [TXN-7KGM1S9P] [catalog-service] INFO Product fetched: Spider-Man Toy
2026-05-24T13:39:43.575Z [TXN-7KGM1S9P] [order-service] INFO Order created: orderId=470, product=Spider-Man Toy, amount=17.99
2026-05-24T13:39:43.577Z [TXN-7KGM1S9P] [order-service] INFO Calling notification-service for orderId=470
2026-05-24T13:39:43.590Z [TXN-7KGM1S9P] [order-service] ERROR Order failed: 
2026-05-24T13:39:43.870Z [TXN-7KGM1S9P] [order-service] INFO Calling catalog-service for productId=6
2026-05-24T13:39:43.879Z [TXN-7KGM1S9P] [catalog-service] INFO Product fetched: Spider-Man Toy
2026-05-24T13:39:43.912Z [TXN-7KGM1S9P] [order-service] INFO Order created: orderId=471, product=Spider-Man Toy, amount=17.99
2026-05-24T13:39:43.917Z [TXN-7KGM1S9P] [order-service] INFO Calling notification-service for orderId=471
2026-05-24T13:39:43.925Z [TXN-7KGM1S9P] [order-service] ERROR Order failed: 
2026-05-24T13:39:44.085Z [TXN-7KGM1S9P] [order-service] INFO Calling catalog-service for productId=6
2026-05-24T13:39:44.096Z [TXN-7KGM1S9P] [catalog-service] INFO Product fetched: Spider-Man Toy
2026-05-24T13:39:44.132Z [TXN-7KGM1S9P] [order-service] INFO Order created: orderId=472, product=Spider-Man Toy, amount=17.99
2026-05-24T13:39:44.135Z [TXN-7KGM1S9P] [order-service] INFO Calling notification-service for orderId=472
2026-05-24T13:39:44.143Z [TXN-7KGM1S9P] [order-service] ERROR Order failed: 
2026-05-24T13:39:44.253Z [TXN-7KGM1S9P] [order-service] INFO Calling catalog-service for productId=6
2026-05-24T13:39:44.265Z [TXN-7KGM1S9P] [catalog-service] INFO Product fetched: Spider-Man Toy
2026-05-24T13:39:44.277Z [TXN-7KGM1S9P] [order-service] INFO Order created: orderId=473, product=Spider-Man Toy, amount=17.99
2026-05-24T13:39:44.281Z [TXN-7KGM1S9P] [order-service] INFO Calling notification-service for orderId=473
2026-05-24T13:39:44.289Z [TXN-7KGM1S9P] [order-service] ERROR Order failed: 
2026-05-24T13:39:45.072Z [TXN-7KGM1S9P] [order-service] INFO Calling catalog-service for productId=5
2026-05-24T13:39:45.082Z [TXN-7KGM1S9P] [catalog-service] INFO Product fetched: Iron Man Figure
2026-05-24T13:39:45.114Z [TXN-7KGM1S9P] [order-service] INFO Order created: orderId=474, product=Iron Man Figure, amount=29.99
2026-05-24T13:39:45.117Z [TXN-7KGM1S9P] [order-service] INFO Calling notification-service for orderId=474
2026-05-24T13:39:45.124Z [TXN-7KGM1S9P] [order-service] ERROR Order failed: 
2026-05-24T13:39:45.285Z [TXN-7KGM1S9P] [order-service] INFO Calling catalog-service for productId=5
2026-05-24T13:39:45.290Z [TXN-7KGM1S9P] [catalog-service] INFO Product fetched: Iron Man Figure
2026-05-24T13:39:45.331Z [TXN-7KGM1S9P] [order-service] INFO Order created: orderId=475, product=Iron Man Figure, amount=29.99
2026-05-24T13:39:45.334Z [TXN-7KGM1S9P] [order-service] INFO Calling notification-service for orderId=475
2026-05-24T13:39:45.346Z [TXN-7KGM1S9P] [order-service] ERROR Order failed: 
2026-05-24T13:39:45.473Z [TXN-7KGM1S9P] [order-service] INFO Calling catalog-service for productId=5
2026-05-24T13:39:45.485Z [TXN-7KGM1S9P] [catalog-service] INFO Product fetched: Iron Man Figure
2026-05-24T13:39:45.500Z [TXN-7KGM1S9P] [order-service] INFO Order created: orderId=476, product=Iron Man Figure, amount=29.99
2026-05-24T13:39:45.501Z [TXN-7KGM1S9P] [order-service] INFO Calling notification-service for orderId=476
2026-05-24T13:39:45.521Z [TXN-7KGM1S9P] [order-service] ERROR Order failed: 
2026-05-24T13:39:45.669Z [TXN-7KGM1S9P] [order-service] INFO Calling catalog-service for productId=5
2026-05-24T13:39:45.680Z [TXN-7KGM1S9P] [catalog-service] INFO Product fetched: Iron Man Figure
2026-05-24T13:39:45.693Z [TXN-7KGM1S9P] [order-service] INFO Order created: orderId=477, product=Iron Man Figure, amount=29.99
2026-05-24T13:39:45.700Z [TXN-7KGM1S9P] [order-service] INFO Calling notification-service for orderId=477
2026-05-24T13:39:45.708Z [TXN-7KGM1S9P] [order-service] ERROR Order failed: 
2026-05-24T13:39:45.853Z [TXN-7KGM1S9P] [order-service] INFO Calling catalog-service for productId=5
2026-05-24T13:39:45.867Z [TXN-7KGM1S9P] [catalog-service] INFO Product fetched: Iron Man Figure
2026-05-24T13:39:45.880Z [TXN-7KGM1S9P] [order-service] INFO Order created: orderId=478, product=Iron Man Figure, amount=29.99
2026-05-24T13:39:45.883Z [TXN-7KGM1S9P] [order-service] INFO Calling notification-service for orderId=478
2026-05-24T13:39:45.891Z [TXN-7KGM1S9P] [order-service] ERROR Order failed: 
2026-05-24T13:39:46.037Z [TXN-7KGM1S9P] [order-service] INFO Calling catalog-service for productId=5
2026-05-24T13:39:46.051Z [TXN-7KGM1S9P] [catalog-service] INFO Product fetched: Iron Man Figure
2026-05-24T13:39:46.068Z [TXN-7KGM1S9P] [order-service] INFO Order created: orderId=479, product=Iron Man Figure, amount=29.99
2026-05-24T13:39:46.069Z [TXN-7KGM1S9P] [order-service] INFO Calling notification-service for orderId=479
2026-05-24T13:39:46.077Z [TXN-7KGM1S9P] [order-service] ERROR Order failed: 
2026-05-24T13:39:46.684Z [TXN-7KGM1S9P] [order-service] INFO Calling catalog-service for productId=6
2026-05-24T13:39:46.689Z [TXN-7KGM1S9P] [catalog-service] INFO Product fetched: Spider-Man Toy
2026-05-24T13:39:46.730Z [TXN-7KGM1S9P] [order-service] INFO Order created: orderId=480, product=Spider-Man Toy, amount=17.99
2026-05-24T13:39:46.736Z [TXN-7KGM1S9P] [order-service] INFO Calling notification-service for orderId=480
2026-05-24T13:39:46.750Z [TXN-7KGM1S9P] [order-service] ERROR Order failed: 
2026-05-24T13:39:46.889Z [TXN-7KGM1S9P] [order-service] INFO Calling catalog-service for productId=6
2026-05-24T13:39:46.917Z [TXN-7KGM1S9P] [catalog-service] INFO Product fetched: Spider-Man Toy
2026-05-24T13:39:46.930Z [TXN-7KGM1S9P] [order-service] INFO Order created: orderId=481, product=Spider-Man Toy, amount=17.99
2026-05-24T13:39:46.933Z [TXN-7KGM1S9P] [order-service] INFO Calling notification-service for orderId=481
2026-05-24T13:39:46.943Z [TXN-7KGM1S9P] [order-service] ERROR Order failed: 
2026-05-24T13:39:47.087Z [TXN-7KGM1S9P] [order-service] INFO Calling catalog-service for productId=6
2026-05-24T13:39:47.098Z [TXN-7KGM1S9P] [catalog-service] INFO Product fetched: Spider-Man Toy
2026-05-24T13:39:47.113Z [TXN-7KGM1S9P] [order-service] INFO Order created: orderId=482, product=Spider-Man Toy, amount=17.99
2026-05-24T13:39:47.117Z [TXN-7KGM1S9P] [order-service] INFO Calling notification-service for orderId=482
2026-05-24T13:39:47.125Z [TXN-7KGM1S9P] [order-service] ERROR Order failed: 
2026-05-24T13:39:47.285Z [TXN-7KGM1S9P] [order-service] INFO Calling catalog-service for productId=6
2026-05-24T13:39:47.294Z [TXN-7KGM1S9P] [catalog-service] INFO Product fetched: Spider-Man Toy
2026-05-24T13:39:47.306Z [TXN-7KGM1S9P] [order-service] INFO Order created: orderId=483, product=Spider-Man Toy, amount=17.99
2026-05-24T13:39:47.308Z [TXN-7KGM1S9P] [order-service] INFO Calling notification-service for orderId=483
2026-05-24T13:39:47.321Z [TXN-7KGM1S9P] [order-service] ERROR Order failed: 
2026-05-24T13:39:47.857Z [TXN-7KGM1S9P] [order-service] INFO Calling catalog-service for productId=7
2026-05-24T13:39:47.870Z [TXN-7KGM1S9P] [catalog-service] INFO Product fetched: Hulk Poster
2026-05-24T13:39:47.903Z [TXN-7KGM1S9P] [order-service] INFO Order created: orderId=484, product=Hulk Poster, amount=9.99
2026-05-24T13:39:47.905Z [TXN-7KGM1S9P] [order-service] INFO Calling notification-service for orderId=484
2026-05-24T13:39:47.919Z [TXN-7KGM1S9P] [order-service] ERROR Order failed: 
2026-05-24T13:39:48.057Z [TXN-7KGM1S9P] [order-service] INFO Calling catalog-service for productId=7
2026-05-24T13:39:48.068Z [TXN-7KGM1S9P] [catalog-service] INFO Product fetched: Hulk Poster
2026-05-24T13:39:48.101Z [TXN-7KGM1S9P] [order-service] INFO Order created: orderId=485, product=Hulk Poster, amount=9.99
2026-05-24T13:39:48.103Z [TXN-7KGM1S9P] [order-service] INFO Calling notification-service for orderId=485
2026-05-24T13:39:48.119Z [TXN-7KGM1S9P] [order-service] ERROR Order failed: 
2026-05-24T13:39:48.253Z [TXN-7KGM1S9P] [order-service] INFO Calling catalog-service for productId=7
2026-05-24T13:39:48.264Z [TXN-7KGM1S9P] [catalog-service] INFO Product fetched: Hulk Poster
2026-05-24T13:39:48.276Z [TXN-7KGM1S9P] [order-service] INFO Order created: orderId=486, product=Hulk Poster, amount=9.99
2026-05-24T13:39:48.280Z [TXN-7KGM1S9P] [order-service] INFO Calling notification-service for orderId=486
2026-05-24T13:39:48.291Z [TXN-7KGM1S9P] [order-service] ERROR Order failed: 
2026-05-24T13:39:48.453Z [TXN-7KGM1S9P] [order-service] INFO Calling catalog-service for productId=7
2026-05-24T13:39:48.468Z [TXN-7KGM1S9P] [catalog-service] INFO Product fetched: Hulk Poster
2026-05-24T13:39:48.483Z [TXN-7KGM1S9P] [order-service] INFO Order created: orderId=487, product=Hulk Poster, amount=9.99
2026-05-24T13:39:48.485Z [TXN-7KGM1S9P] [order-service] INFO Calling notification-service for orderId=487
2026-05-24T13:39:48.494Z [TXN-7KGM1S9P] [order-service] ERROR Order failed: 
2026-05-24T13:39:49.518Z [TXN-7KGM1S9P] [order-service] INFO Calling catalog-service for productId=8
2026-05-24T13:39:49.530Z [TXN-7KGM1S9P] [catalog-service] INFO Product fetched: Thor Hammer Replica
2026-05-24T13:39:49.562Z [TXN-7KGM1S9P] [order-service] INFO Order created: orderId=488, product=Thor Hammer Replica, amount=39.99
2026-05-24T13:39:49.567Z [TXN-7KGM1S9P] [order-service] INFO Calling notification-service for orderId=488
2026-05-24T13:39:49.580Z [TXN-7KGM1S9P] [order-service] ERROR Order failed: 
2026-05-24T13:39:49.722Z [TXN-7KGM1S9P] [order-service] INFO Calling catalog-service for productId=8
2026-05-24T13:39:49.733Z [TXN-7KGM1S9P] [catalog-service] INFO Product fetched: Thor Hammer Replica
2026-05-24T13:39:49.752Z [TXN-7KGM1S9P] [order-service] INFO Order created: orderId=489, product=Thor Hammer Replica, amount=39.99
2026-05-24T13:39:49.753Z [TXN-7KGM1S9P] [order-service] INFO Calling notification-service for orderId=489
2026-05-24T13:39:49.761Z [TXN-7KGM1S9P] [order-service] ERROR Order failed: 
2026-05-24T13:39:49.921Z [TXN-7KGM1S9P] [order-service] INFO Calling catalog-service for productId=8
2026-05-24T13:39:49.934Z [TXN-7KGM1S9P] [catalog-service] INFO Product fetched: Thor Hammer Replica
2026-05-24T13:39:49.946Z [TXN-7KGM1S9P] [order-service] INFO Order created: orderId=490, product=Thor Hammer Replica, amount=39.99
2026-05-24T13:39:49.949Z [TXN-7KGM1S9P] [order-service] INFO Calling notification-service for orderId=490
2026-05-24T13:39:49.956Z [TXN-7KGM1S9P] [order-service] ERROR Order failed: 
2026-05-24T13:39:50.128Z [TXN-7KGM1S9P] [order-service] INFO Calling catalog-service for productId=8
2026-05-24T13:39:50.135Z [TXN-7KGM1S9P] [catalog-service] INFO Product fetched: Thor Hammer Replica
2026-05-24T13:39:50.151Z [TXN-7KGM1S9P] [order-service] INFO Order created: orderId=491, product=Thor Hammer Replica, amount=39.99
2026-05-24T13:39:50.152Z [TXN-7KGM1S9P] [order-service] INFO Calling notification-service for orderId=491
2026-05-24T13:39:50.158Z [TXN-7KGM1S9P] [order-service] ERROR Order failed: 
2026-05-24T13:39:50.337Z [TXN-7KGM1S9P] [order-service] INFO Calling catalog-service for productId=8
2026-05-24T13:39:50.347Z [TXN-7KGM1S9P] [catalog-service] INFO Product fetched: Thor Hammer Replica
2026-05-24T13:39:50.380Z [TXN-7KGM1S9P] [order-service] INFO Order created: orderId=492, product=Thor Hammer Replica, amount=39.99
2026-05-24T13:39:50.382Z [TXN-7KGM1S9P] [order-service] INFO Calling notification-service for orderId=492
2026-05-24T13:39:50.389Z [TXN-7KGM1S9P] [order-service] ERROR Order failed: 
2026-05-24T13:39:50.551Z [TXN-7KGM1S9P] [order-service] INFO Calling catalog-service for productId=8
2026-05-24T13:39:50.557Z [TXN-7KGM1S9P] [catalog-service] INFO Product fetched: Thor Hammer Replica
2026-05-24T13:39:50.590Z [TXN-7KGM1S9P] [order-service] INFO Order created: orderId=493, product=Thor Hammer Replica, amount=39.99
2026-05-24T13:39:50.591Z [TXN-7KGM1S9P] [order-service] INFO Calling notification-service for orderId=493
2026-05-24T13:39:50.608Z [TXN-7KGM1S9P] [order-service] ERROR Order failed: 
2026-05-24T13:39:50.738Z [TXN-7KGM1S9P] [order-service] INFO Calling catalog-service for productId=8
2026-05-24T13:39:50.751Z [TXN-7KGM1S9P] [catalog-service] INFO Product fetched: Thor Hammer Replica
2026-05-24T13:39:50.765Z [TXN-7KGM1S9P] [order-service] INFO Order created: orderId=494, product=Thor Hammer Replica, amount=39.99
2026-05-24T13:39:50.766Z [TXN-7KGM1S9P] [order-service] INFO Calling notification-service for orderId=494
2026-05-24T13:39:50.775Z [TXN-7KGM1S9P] [order-service] ERROR Order failed: 
2026-05-24T13:39:54.131Z [TXN-7KGM1S9P] [catalog-service] INFO Category=DC: 4 products
2026-05-24T13:39:56.430Z [TXN-7KGM1S9P] [catalog-service] INFO Category=Marvel: 4 products
2026-05-24T13:39:57.143Z [TXN-7KGM1S9P] [catalog-service] INFO Category=DC: 4 products
2026-05-24T13:39:57.801Z [TXN-7KGM1S9P] [catalog-service] INFO Category=Marvel: 4 products
2026-05-24T13:39:58.772Z [TXN-7KGM1S9P] [catalog-service] INFO Category=DC: 4 products
2026-05-24T13:39:59.998Z [TXN-7KGM1S9P] [catalog-service] INFO Category=Marvel: 4 products
2026-05-24T13:40:00.831Z [TXN-7KGM1S9P] [catalog-service] INFO Category=DC: 4 products
2026-05-24T13:40:01.221Z [TXN-7KGM1S9P] [catalog-service] INFO Category=Marvel: 4 products
2026-05-24T13:40:02.218Z [TXN-7KGM1S9P] [order-service] INFO Calling catalog-service for productId=5
2026-05-24T13:40:02.232Z [TXN-7KGM1S9P] [catalog-service] INFO Product fetched: Iron Man Figure
2026-05-24T13:40:02.243Z [TXN-7KGM1S9P] [order-service] INFO Order created: orderId=495, product=Iron Man Figure, amount=29.99
2026-05-24T13:40:02.246Z [TXN-7KGM1S9P] [order-service] INFO Calling notification-service for orderId=495
2026-05-24T13:40:02.259Z [TXN-7KGM1S9P] [order-service] ERROR Order failed: 
2026-05-24T13:40:03.289Z [TXN-7KGM1S9P] [order-service] INFO Calling catalog-service for productId=6
2026-05-24T13:40:03.302Z [TXN-7KGM1S9P] [catalog-service] INFO Product fetched: Spider-Man Toy
2026-05-24T13:40:03.313Z [TXN-7KGM1S9P] [order-service] INFO Order created: orderId=496, product=Spider-Man Toy, amount=17.99
2026-05-24T13:40:03.316Z [TXN-7KGM1S9P] [order-service] INFO Calling notification-service for orderId=496
2026-05-24T13:40:03.326Z [TXN-7KGM1S9P] [order-service] ERROR Order failed: 
2026-05-24T13:40:03.963Z [TXN-7KGM1S9P] [order-service] INFO Calling catalog-service for productId=7
2026-05-24T13:40:03.973Z [TXN-7KGM1S9P] [catalog-service] INFO Product fetched: Hulk Poster
2026-05-24T13:40:03.987Z [TXN-7KGM1S9P] [order-service] INFO Order created: orderId=497, product=Hulk Poster, amount=9.99
2026-05-24T13:40:03.989Z [TXN-7KGM1S9P] [order-service] INFO Calling notification-service for orderId=497
2026-05-24T13:40:03.999Z [TXN-7KGM1S9P] [order-service] ERROR Order failed: 
2026-05-24T13:40:05.565Z [TXN-7KGM1S9P] [order-service] INFO Calling catalog-service for productId=8
2026-05-24T13:40:05.573Z [TXN-7KGM1S9P] [catalog-service] INFO Product fetched: Thor Hammer Replica
2026-05-24T13:40:05.588Z [TXN-7KGM1S9P] [order-service] INFO Order created: orderId=498, product=Thor Hammer Replica, amount=39.99
2026-05-24T13:40:05.589Z [TXN-7KGM1S9P] [order-service] INFO Calling notification-service for orderId=498
2026-05-24T13:40:05.603Z [TXN-7KGM1S9P] [order-service] ERROR Order failed: 
2026-05-24T13:40:05.772Z [TXN-7KGM1S9P] [order-service] INFO Calling catalog-service for productId=8
2026-05-24T13:40:05.783Z [TXN-7KGM1S9P] [catalog-service] INFO Product fetched: Thor Hammer Replica
2026-05-24T13:40:05.795Z [TXN-7KGM1S9P] [order-service] INFO Order created: orderId=499, product=Thor Hammer Replica, amount=39.99
2026-05-24T13:40:05.799Z [TXN-7KGM1S9P] [order-service] INFO Calling notification-service for orderId=499
2026-05-24T13:40:05.808Z [TXN-7KGM1S9P] [order-service] ERROR Order failed: 
2026-05-24T13:40:05.982Z [TXN-7KGM1S9P] [order-service] INFO Calling catalog-service for productId=8
2026-05-24T13:40:05.991Z [TXN-7KGM1S9P] [catalog-service] INFO Product fetched: Thor Hammer Replica
2026-05-24T13:40:06.003Z [TXN-7KGM1S9P] [order-service] INFO Order created: orderId=500, product=Thor Hammer Replica, amount=39.99
2026-05-24T13:40:06.005Z [TXN-7KGM1S9P] [order-service] INFO Calling notification-service for orderId=500
2026-05-24T13:40:06.018Z [TXN-7KGM1S9P] [order-service] ERROR Order failed: 
2026-05-24T13:40:06.155Z [TXN-7KGM1S9P] [order-service] INFO Calling catalog-service for productId=8
2026-05-24T13:40:06.169Z [TXN-7KGM1S9P] [catalog-service] INFO Product fetched: Thor Hammer Replica
2026-05-24T13:40:06.180Z [TXN-7KGM1S9P] [order-service] INFO Order created: orderId=501, product=Thor Hammer Replica, amount=39.99
2026-05-24T13:40:06.182Z [TXN-7KGM1S9P] [order-service] INFO Calling notification-service for orderId=501
2026-05-24T13:40:06.190Z [TXN-7KGM1S9P] [order-service] ERROR Order failed: 
2026-05-24T13:40:06.355Z [TXN-7KGM1S9P] [order-service] INFO Calling catalog-service for productId=8
2026-05-24T13:40:06.367Z [TXN-7KGM1S9P] [catalog-service] INFO Product fetched: Thor Hammer Replica
2026-05-24T13:40:06.375Z [TXN-7KGM1S9P] [order-service] INFO Order created: orderId=502, product=Thor Hammer Replica, amount=39.99
2026-05-24T13:40:06.375Z [TXN-7KGM1S9P] [order-service] INFO Calling notification-service for orderId=502
2026-05-24T13:40:06.386Z [TXN-7KGM1S9P] [order-service] ERROR Order failed: 
2026-05-24T13:40:54.482Z [TXN-7KGM1S9P] [order-service] INFO Calling catalog-service for productId=5
2026-05-24T13:40:54.501Z [TXN-7KGM1S9P] [catalog-service] INFO Product fetched: Iron Man Figure
2026-05-24T13:40:54.514Z [TXN-7KGM1S9P] [order-service] INFO Order created: orderId=503, product=Iron Man Figure, amount=29.99
2026-05-24T13:40:54.516Z [TXN-7KGM1S9P] [order-service] INFO Calling notification-service for orderId=503
2026-05-24T13:40:54.525Z [TXN-7KGM1S9P] [order-service] ERROR Order failed: 
2026-05-24T13:40:55.303Z [TXN-7KGM1S9P] [order-service] INFO Calling catalog-service for productId=6
2026-05-24T13:40:55.315Z [TXN-7KGM1S9P] [catalog-service] INFO Product fetched: Spider-Man Toy
2026-05-24T13:40:55.344Z [TXN-7KGM1S9P] [order-service] INFO Order created: orderId=504, product=Spider-Man Toy, amount=17.99
2026-05-24T13:40:55.351Z [TXN-7KGM1S9P] [order-service] INFO Calling notification-service for orderId=504
2026-05-24T13:40:55.369Z [TXN-7KGM1S9P] [order-service] ERROR Order failed: 
2026-05-24T13:40:56.289Z [TXN-7KGM1S9P] [order-service] INFO Calling catalog-service for productId=7
2026-05-24T13:40:56.302Z [TXN-7KGM1S9P] [catalog-service] INFO Product fetched: Hulk Poster
2026-05-24T13:40:56.334Z [TXN-7KGM1S9P] [order-service] INFO Order created: orderId=505, product=Hulk Poster, amount=9.99
2026-05-24T13:40:56.335Z [TXN-7KGM1S9P] [order-service] INFO Calling notification-service for orderId=505
2026-05-24T13:40:56.351Z [TXN-7KGM1S9P] [order-service] ERROR Order failed: 
2026-05-24T13:40:58.305Z [TXN-7KGM1S9P] [order-service] INFO Calling catalog-service for productId=8
2026-05-24T13:40:58.319Z [TXN-7KGM1S9P] [catalog-service] INFO Product fetched: Thor Hammer Replica
2026-05-24T13:40:58.330Z [TXN-7KGM1S9P] [order-service] INFO Order created: orderId=506, product=Thor Hammer Replica, amount=39.99
2026-05-24T13:40:58.332Z [TXN-7KGM1S9P] [order-service] INFO Calling notification-service for orderId=506
2026-05-24T13:40:58.338Z [TXN-7KGM1S9P] [order-service] ERROR Order failed: 
2026-05-24T13:40:59.559Z [TXN-7KGM1S9P] [catalog-service] INFO Category=DC: 4 products
2026-05-24T13:41:00.737Z [TXN-7KGM1S9P] [order-service] INFO Calling catalog-service for productId=1
2026-05-24T13:41:00.748Z [TXN-7KGM1S9P] [catalog-service] INFO Product fetched: Batman Figure
2026-05-24T13:41:00.783Z [TXN-7KGM1S9P] [order-service] INFO Order created: orderId=507, product=Batman Figure, amount=24.99
2026-05-24T13:41:00.785Z [TXN-7KGM1S9P] [order-service] INFO Calling notification-service for orderId=507
2026-05-24T13:41:00.795Z [TXN-7KGM1S9P] [order-service] ERROR Order failed: 
2026-05-24T13:41:01.389Z [TXN-7KGM1S9P] [order-service] INFO Calling catalog-service for productId=2
2026-05-24T13:41:01.403Z [TXN-7KGM1S9P] [catalog-service] INFO Product fetched: Superman T-Shirt
2026-05-24T13:41:01.416Z [TXN-7KGM1S9P] [order-service] INFO Order created: orderId=508, product=Superman T-Shirt, amount=19.99
2026-05-24T13:41:01.418Z [TXN-7KGM1S9P] [order-service] INFO Calling notification-service for orderId=508
2026-05-24T13:41:01.429Z [TXN-7KGM1S9P] [order-service] ERROR Order failed: 
2026-05-24T13:41:02.072Z [TXN-7KGM1S9P] [order-service] INFO Calling catalog-service for productId=3
2026-05-24T13:41:02.084Z [TXN-7KGM1S9P] [catalog-service] INFO Product fetched: Flash Toy
2026-05-24T13:41:02.096Z [TXN-7KGM1S9P] [order-service] INFO Order created: orderId=509, product=Flash Toy, amount=14.99
2026-05-24T13:41:02.100Z [TXN-7KGM1S9P] [order-service] INFO Calling notification-service for orderId=509
2026-05-24T13:41:02.108Z [TXN-7KGM1S9P] [order-service] ERROR Order failed: 
2026-05-24T13:41:02.866Z [TXN-7KGM1S9P] [order-service] INFO Calling catalog-service for productId=4
2026-05-24T13:41:02.875Z [TXN-7KGM1S9P] [catalog-service] INFO Product fetched: Wonder Woman Poster
2026-05-24T13:41:02.893Z [TXN-7KGM1S9P] [order-service] INFO Order created: orderId=510, product=Wonder Woman Poster, amount=9.99
2026-05-24T13:41:02.900Z [TXN-7KGM1S9P] [order-service] INFO Calling notification-service for orderId=510
2026-05-24T13:41:02.909Z [TXN-7KGM1S9P] [order-service] ERROR Order failed: 
2026-05-24T13:41:03.305Z [TXN-7KGM1S9P] [order-service] INFO Calling catalog-service for productId=4
2026-05-24T13:41:03.317Z [TXN-7KGM1S9P] [catalog-service] INFO Product fetched: Wonder Woman Poster
2026-05-24T13:41:03.332Z [TXN-7KGM1S9P] [order-service] INFO Order created: orderId=511, product=Wonder Woman Poster, amount=9.99
2026-05-24T13:41:03.333Z [TXN-7KGM1S9P] [order-service] INFO Calling notification-service for orderId=511
2026-05-24T13:41:03.340Z [TXN-7KGM1S9P] [order-service] ERROR Order failed: 
2026-05-24T13:41:03.538Z [TXN-7KGM1S9P] [order-service] INFO Calling catalog-service for productId=4
2026-05-24T13:41:03.550Z [TXN-7KGM1S9P] [catalog-service] INFO Product fetched: Wonder Woman Poster
2026-05-24T13:41:03.567Z [TXN-7KGM1S9P] [order-service] INFO Order created: orderId=512, product=Wonder Woman Poster, amount=9.99
2026-05-24T13:41:03.568Z [TXN-7KGM1S9P] [order-service] INFO Calling notification-service for orderId=512
2026-05-24T13:41:03.577Z [TXN-7KGM1S9P] [order-service] ERROR Order failed: 
2026-05-24T13:41:03.719Z [TXN-7KGM1S9P] [order-service] INFO Calling catalog-service for productId=4
2026-05-24T13:41:03.734Z [TXN-7KGM1S9P] [catalog-service] INFO Product fetched: Wonder Woman Poster
2026-05-24T13:41:03.743Z [TXN-7KGM1S9P] [order-service] INFO Order created: orderId=513, product=Wonder Woman Poster, amount=9.99
2026-05-24T13:41:03.747Z [TXN-7KGM1S9P] [order-service] INFO Calling notification-service for orderId=513
2026-05-24T13:41:03.757Z [TXN-7KGM1S9P] [order-service] ERROR Order failed: 
2026-05-24T13:41:04.553Z [TXN-7KGM1S9P] [order-service] INFO Calling catalog-service for productId=3
2026-05-24T13:41:04.564Z [TXN-7KGM1S9P] [catalog-service] INFO Product fetched: Flash Toy
2026-05-24T13:41:04.574Z [TXN-7KGM1S9P] [order-service] INFO Order created: orderId=514, product=Flash Toy, amount=14.99
2026-05-24T13:41:04.575Z [TXN-7KGM1S9P] [order-service] INFO Calling notification-service for orderId=514
2026-05-24T13:41:04.588Z [TXN-7KGM1S9P] [order-service] ERROR Order failed: 
2026-05-24T13:41:04.749Z [TXN-7KGM1S9P] [order-service] INFO Calling catalog-service for productId=3
2026-05-24T13:41:04.756Z [TXN-7KGM1S9P] [catalog-service] INFO Product fetched: Flash Toy
2026-05-24T13:41:04.771Z [TXN-7KGM1S9P] [order-service] INFO Order created: orderId=515, product=Flash Toy, amount=14.99
2026-05-24T13:41:04.772Z [TXN-7KGM1S9P] [order-service] INFO Calling notification-service for orderId=515
2026-05-24T13:41:04.785Z [TXN-7KGM1S9P] [order-service] ERROR Order failed: 
2026-05-24T13:41:04.933Z [TXN-7KGM1S9P] [order-service] INFO Calling catalog-service for productId=3
2026-05-24T13:41:04.940Z [TXN-7KGM1S9P] [catalog-service] INFO Product fetched: Flash Toy
2026-05-24T13:41:04.967Z [TXN-7KGM1S9P] [order-service] INFO Order created: orderId=516, product=Flash Toy, amount=14.99
2026-05-24T13:41:04.969Z [TXN-7KGM1S9P] [order-service] INFO Calling notification-service for orderId=516
2026-05-24T13:41:04.980Z [TXN-7KGM1S9P] [order-service] ERROR Order failed: 
2026-05-24T13:41:05.289Z [TXN-7KGM1S9P] [order-service] INFO Calling catalog-service for productId=3
2026-05-24T13:41:05.299Z [TXN-7KGM1S9P] [catalog-service] INFO Product fetched: Flash Toy
2026-05-24T13:41:05.334Z [TXN-7KGM1S9P] [order-service] INFO Order created: orderId=517, product=Flash Toy, amount=14.99
2026-05-24T13:41:05.335Z [TXN-7KGM1S9P] [order-service] INFO Calling notification-service for orderId=517
2026-05-24T13:41:05.343Z [TXN-7KGM1S9P] [order-service] ERROR Order failed: 
2026-05-24T13:41:05.486Z [TXN-7KGM1S9P] [order-service] INFO Calling catalog-service for productId=3
2026-05-24T13:41:05.499Z [TXN-7KGM1S9P] [catalog-service] INFO Product fetched: Flash Toy
2026-05-24T13:41:05.514Z [TXN-7KGM1S9P] [order-service] INFO Order created: orderId=518, product=Flash Toy, amount=14.99
2026-05-24T13:41:05.517Z [TXN-7KGM1S9P] [order-service] INFO Calling notification-service for orderId=518
2026-05-24T13:41:05.525Z [TXN-7KGM1S9P] [order-service] ERROR Order failed: 
2026-05-24T13:41:06.557Z [TXN-7KGM1S9P] [order-service] INFO Calling catalog-service for productId=2
2026-05-24T13:41:06.589Z [TXN-7KGM1S9P] [catalog-service] INFO Product fetched: Superman T-Shirt
2026-05-24T13:41:06.604Z [TXN-7KGM1S9P] [order-service] INFO Order created: orderId=519, product=Superman T-Shirt, amount=19.99
2026-05-24T13:41:06.606Z [TXN-7KGM1S9P] [order-service] INFO Calling notification-service for orderId=519
2026-05-24T13:41:06.620Z [TXN-7KGM1S9P] [order-service] ERROR Order failed: 
2026-05-24T13:41:06.751Z [TXN-7KGM1S9P] [order-service] INFO Calling catalog-service for productId=2
2026-05-24T13:41:06.758Z [TXN-7KGM1S9P] [catalog-service] INFO Product fetched: Superman T-Shirt
2026-05-24T13:41:06.775Z [TXN-7KGM1S9P] [order-service] INFO Order created: orderId=520, product=Superman T-Shirt, amount=19.99
2026-05-24T13:41:06.778Z [TXN-7KGM1S9P] [order-service] INFO Calling notification-service for orderId=520
2026-05-24T13:41:06.791Z [TXN-7KGM1S9P] [order-service] ERROR Order failed: 
2026-05-24T13:41:06.934Z [TXN-7KGM1S9P] [order-service] INFO Calling catalog-service for productId=2
2026-05-24T13:41:06.941Z [TXN-7KGM1S9P] [catalog-service] INFO Product fetched: Superman T-Shirt
2026-05-24T13:41:06.959Z [TXN-7KGM1S9P] [order-service] INFO Order created: orderId=521, product=Superman T-Shirt, amount=19.99
2026-05-24T13:41:06.963Z [TXN-7KGM1S9P] [order-service] INFO Calling notification-service for orderId=521
2026-05-24T13:41:06.973Z [TXN-7KGM1S9P] [order-service] ERROR Order failed: 
2026-05-24T13:41:07.118Z [TXN-7KGM1S9P] [order-service] INFO Calling catalog-service for productId=2
2026-05-24T13:41:07.125Z [TXN-7KGM1S9P] [catalog-service] INFO Product fetched: Superman T-Shirt
2026-05-24T13:41:07.140Z [TXN-7KGM1S9P] [order-service] INFO Order created: orderId=522, product=Superman T-Shirt, amount=19.99
2026-05-24T13:41:07.142Z [TXN-7KGM1S9P] [order-service] INFO Calling notification-service for orderId=522
2026-05-24T13:41:07.156Z [TXN-7KGM1S9P] [order-service] ERROR Order failed: 
2026-05-24T13:41:07.640Z [TXN-7KGM1S9P] [order-service] INFO Calling catalog-service for productId=1
2026-05-24T13:41:07.654Z [TXN-7KGM1S9P] [catalog-service] INFO Product fetched: Batman Figure
2026-05-24T13:41:07.667Z [TXN-7KGM1S9P] [order-service] INFO Order created: orderId=523, product=Batman Figure, amount=24.99
2026-05-24T13:41:07.668Z [TXN-7KGM1S9P] [order-service] INFO Calling notification-service for orderId=523
2026-05-24T13:41:07.674Z [TXN-7KGM1S9P] [order-service] ERROR Order failed: 
2026-05-24T13:41:07.824Z [TXN-7KGM1S9P] [order-service] INFO Calling catalog-service for productId=1
2026-05-24T13:41:07.835Z [TXN-7KGM1S9P] [catalog-service] INFO Product fetched: Batman Figure
2026-05-24T13:41:07.847Z [TXN-7KGM1S9P] [order-service] INFO Order created: orderId=524, product=Batman Figure, amount=24.99
2026-05-24T13:41:07.848Z [TXN-7KGM1S9P] [order-service] INFO Calling notification-service for orderId=524
2026-05-24T13:41:07.854Z [TXN-7KGM1S9P] [order-service] ERROR Order failed: 
2026-05-24T13:41:08.011Z [TXN-7KGM1S9P] [order-service] INFO Calling catalog-service for productId=1
2026-05-24T13:41:08.021Z [TXN-7KGM1S9P] [catalog-service] INFO Product fetched: Batman Figure
2026-05-24T13:41:08.034Z [TXN-7KGM1S9P] [order-service] INFO Order created: orderId=525, product=Batman Figure, amount=24.99
2026-05-24T13:41:08.036Z [TXN-7KGM1S9P] [order-service] INFO Calling notification-service for orderId=525
2026-05-24T13:41:08.042Z [TXN-7KGM1S9P] [order-service] ERROR Order failed: 
2026-05-24T13:41:08.180Z [TXN-7KGM1S9P] [order-service] INFO Calling catalog-service for productId=1
2026-05-24T13:41:08.190Z [TXN-7KGM1S9P] [catalog-service] INFO Product fetched: Batman Figure
2026-05-24T13:41:08.205Z [TXN-7KGM1S9P] [order-service] INFO Order created: orderId=526, product=Batman Figure, amount=24.99
2026-05-24T13:41:08.206Z [TXN-7KGM1S9P] [order-service] INFO Calling notification-service for orderId=526
2026-05-24T13:41:08.219Z [TXN-7KGM1S9P] [order-service] ERROR Order failed: 
2026-05-24T13:41:09.100Z [TXN-7KGM1S9P] [catalog-service] INFO Category=Marvel: 4 products
2026-05-24T13:41:10.802Z [TXN-7KGM1S9P] [order-service] INFO Calling catalog-service for productId=5
2026-05-24T13:41:10.813Z [TXN-7KGM1S9P] [catalog-service] INFO Product fetched: Iron Man Figure
2026-05-24T13:41:10.834Z [TXN-7KGM1S9P] [order-service] INFO Order created: orderId=527, product=Iron Man Figure, amount=29.99
2026-05-24T13:41:10.836Z [TXN-7KGM1S9P] [order-service] INFO Calling notification-service for orderId=527
2026-05-24T13:41:10.854Z [TXN-7KGM1S9P] [order-service] ERROR Order failed: 
2026-05-24T13:41:10.967Z [TXN-7KGM1S9P] [order-service] INFO Calling catalog-service for productId=5
2026-05-24T13:41:10.974Z [TXN-7KGM1S9P] [catalog-service] INFO Product fetched: Iron Man Figure
2026-05-24T13:41:10.992Z [TXN-7KGM1S9P] [order-service] INFO Order created: orderId=528, product=Iron Man Figure, amount=29.99
2026-05-24T13:41:10.994Z [TXN-7KGM1S9P] [order-service] INFO Calling notification-service for orderId=528
2026-05-24T13:41:11.008Z [TXN-7KGM1S9P] [order-service] ERROR Order failed: 
2026-05-24T13:41:11.139Z [TXN-7KGM1S9P] [order-service] INFO Calling catalog-service for productId=5
2026-05-24T13:41:11.152Z [TXN-7KGM1S9P] [catalog-service] INFO Product fetched: Iron Man Figure
2026-05-24T13:41:11.167Z [TXN-7KGM1S9P] [order-service] INFO Order created: orderId=529, product=Iron Man Figure, amount=29.99
2026-05-24T13:41:11.169Z [TXN-7KGM1S9P] [order-service] INFO Calling notification-service for orderId=529
2026-05-24T13:41:11.181Z [TXN-7KGM1S9P] [order-service] ERROR Order failed: 
2026-05-24T13:41:11.322Z [TXN-7KGM1S9P] [order-service] INFO Calling catalog-service for productId=5
2026-05-24T13:41:11.337Z [TXN-7KGM1S9P] [catalog-service] INFO Product fetched: Iron Man Figure
2026-05-24T13:41:11.351Z [TXN-7KGM1S9P] [order-service] INFO Order created: orderId=530, product=Iron Man Figure, amount=29.99
2026-05-24T13:41:11.352Z [TXN-7KGM1S9P] [order-service] INFO Calling notification-service for orderId=530
2026-05-24T13:41:11.359Z [TXN-7KGM1S9P] [order-service] ERROR Order failed: 
2026-05-24T13:41:12.056Z [TXN-7KGM1S9P] [order-service] INFO Calling catalog-service for productId=6
2026-05-24T13:41:12.067Z [TXN-7KGM1S9P] [catalog-service] INFO Product fetched: Spider-Man Toy
2026-05-24T13:41:12.098Z [TXN-7KGM1S9P] [order-service] INFO Order created: orderId=531, product=Spider-Man Toy, amount=17.99
2026-05-24T13:41:12.099Z [TXN-7KGM1S9P] [order-service] INFO Calling notification-service for orderId=531
2026-05-24T13:41:12.107Z [TXN-7KGM1S9P] [order-service] ERROR Order failed: 
2026-05-24T13:41:12.239Z [TXN-7KGM1S9P] [order-service] INFO Calling catalog-service for productId=6
2026-05-24T13:41:12.252Z [TXN-7KGM1S9P] [catalog-service] INFO Product fetched: Spider-Man Toy
2026-05-24T13:41:12.266Z [TXN-7KGM1S9P] [order-service] INFO Order created: orderId=532, product=Spider-Man Toy, amount=17.99
2026-05-24T13:41:12.269Z [TXN-7KGM1S9P] [order-service] INFO Calling notification-service for orderId=532
2026-05-24T13:41:12.285Z [TXN-7KGM1S9P] [order-service] ERROR Order failed: 
2026-05-24T13:41:12.409Z [TXN-7KGM1S9P] [order-service] INFO Calling catalog-service for productId=6
2026-05-24T13:41:12.422Z [TXN-7KGM1S9P] [catalog-service] INFO Product fetched: Spider-Man Toy
2026-05-24T13:41:12.439Z [TXN-7KGM1S9P] [order-service] INFO Order created: orderId=533, product=Spider-Man Toy, amount=17.99
2026-05-24T13:41:12.440Z [TXN-7KGM1S9P] [order-service] INFO Calling notification-service for orderId=533
2026-05-24T13:41:12.452Z [TXN-7KGM1S9P] [order-service] ERROR Order failed: 
2026-05-24T13:41:12.578Z [TXN-7KGM1S9P] [order-service] INFO Calling catalog-service for productId=6
2026-05-24T13:41:12.588Z [TXN-7KGM1S9P] [catalog-service] INFO Product fetched: Spider-Man Toy
2026-05-24T13:41:12.606Z [TXN-7KGM1S9P] [order-service] INFO Order created: orderId=534, product=Spider-Man Toy, amount=17.99
2026-05-24T13:41:12.607Z [TXN-7KGM1S9P] [order-service] INFO Calling notification-service for orderId=534
2026-05-24T13:41:12.624Z [TXN-7KGM1S9P] [order-service] ERROR Order failed: 
2026-05-24T13:41:13.289Z [TXN-7KGM1S9P] [order-service] INFO Calling catalog-service for productId=7
2026-05-24T13:41:13.302Z [TXN-7KGM1S9P] [catalog-service] INFO Product fetched: Hulk Poster
2026-05-24T13:41:13.317Z [TXN-7KGM1S9P] [order-service] INFO Order created: orderId=535, product=Hulk Poster, amount=9.99
2026-05-24T13:41:13.319Z [TXN-7KGM1S9P] [order-service] INFO Calling notification-service for orderId=535
2026-05-24T13:41:13.326Z [TXN-7KGM1S9P] [order-service] ERROR Order failed: 
2026-05-24T13:41:13.473Z [TXN-7KGM1S9P] [order-service] INFO Calling catalog-service for productId=7
2026-05-24T13:41:13.485Z [TXN-7KGM1S9P] [catalog-service] INFO Product fetched: Hulk Poster
2026-05-24T13:41:13.502Z [TXN-7KGM1S9P] [order-service] INFO Order created: orderId=536, product=Hulk Poster, amount=9.99
2026-05-24T13:41:13.503Z [TXN-7KGM1S9P] [order-service] INFO Calling notification-service for orderId=536
2026-05-24T13:41:13.510Z [TXN-7KGM1S9P] [order-service] ERROR Order failed: 
2026-05-24T13:41:13.640Z [TXN-7KGM1S9P] [order-service] INFO Calling catalog-service for productId=7
2026-05-24T13:41:13.655Z [TXN-7KGM1S9P] [catalog-service] INFO Product fetched: Hulk Poster
2026-05-24T13:41:13.670Z [TXN-7KGM1S9P] [order-service] INFO Order created: orderId=537, product=Hulk Poster, amount=9.99
2026-05-24T13:41:13.671Z [TXN-7KGM1S9P] [order-service] INFO Calling notification-service for orderId=537
2026-05-24T13:41:13.683Z [TXN-7KGM1S9P] [order-service] ERROR Order failed: 
2026-05-24T13:41:13.805Z [TXN-7KGM1S9P] [order-service] INFO Calling catalog-service for productId=7
2026-05-24T13:41:13.823Z [TXN-7KGM1S9P] [catalog-service] INFO Product fetched: Hulk Poster
2026-05-24T13:41:13.837Z [TXN-7KGM1S9P] [order-service] INFO Order created: orderId=538, product=Hulk Poster, amount=9.99
2026-05-24T13:41:13.838Z [TXN-7KGM1S9P] [order-service] INFO Calling notification-service for orderId=538
2026-05-24T13:41:13.853Z [TXN-7KGM1S9P] [order-service] ERROR Order failed: 
2026-05-24T13:41:13.977Z [TXN-7KGM1S9P] [order-service] INFO Calling catalog-service for productId=7
2026-05-24T13:41:13.989Z [TXN-7KGM1S9P] [catalog-service] INFO Product fetched: Hulk Poster
2026-05-24T13:41:14.001Z [TXN-7KGM1S9P] [order-service] INFO Order created: orderId=539, product=Hulk Poster, amount=9.99
2026-05-24T13:41:14.003Z [TXN-7KGM1S9P] [order-service] INFO Calling notification-service for orderId=539
2026-05-24T13:41:14.017Z [TXN-7KGM1S9P] [order-service] ERROR Order failed: 
2026-05-24T13:41:14.507Z [TXN-7KGM1S9P] [order-service] INFO Calling catalog-service for productId=8
2026-05-24T13:41:14.521Z [TXN-7KGM1S9P] [catalog-service] INFO Product fetched: Thor Hammer Replica
2026-05-24T13:41:14.554Z [TXN-7KGM1S9P] [order-service] INFO Order created: orderId=540, product=Thor Hammer Replica, amount=39.99
2026-05-24T13:41:14.555Z [TXN-7KGM1S9P] [order-service] INFO Calling notification-service for orderId=540
2026-05-24T13:41:14.571Z [TXN-7KGM1S9P] [order-service] ERROR Order failed: 
2026-05-24T13:41:14.705Z [TXN-7KGM1S9P] [order-service] INFO Calling catalog-service for productId=8
2026-05-24T13:41:14.719Z [TXN-7KGM1S9P] [catalog-service] INFO Product fetched: Thor Hammer Replica
2026-05-24T13:41:14.733Z [TXN-7KGM1S9P] [order-service] INFO Order created: orderId=541, product=Thor Hammer Replica, amount=39.99
2026-05-24T13:41:14.735Z [TXN-7KGM1S9P] [order-service] INFO Calling notification-service for orderId=541
2026-05-24T13:41:14.742Z [TXN-7KGM1S9P] [order-service] ERROR Order failed: 
2026-05-24T13:41:14.889Z [TXN-7KGM1S9P] [order-service] INFO Calling catalog-service for productId=8
2026-05-24T13:41:14.901Z [TXN-7KGM1S9P] [catalog-service] INFO Product fetched: Thor Hammer Replica
2026-05-24T13:41:14.911Z [TXN-7KGM1S9P] [order-service] INFO Order created: orderId=542, product=Thor Hammer Replica, amount=39.99
2026-05-24T13:41:14.915Z [TXN-7KGM1S9P] [order-service] INFO Calling notification-service for orderId=542
2026-05-24T13:41:14.936Z [TXN-7KGM1S9P] [order-service] ERROR Order failed: 
2026-05-24T13:41:15.070Z [TXN-7KGM1S9P] [order-service] INFO Calling catalog-service for productId=8
2026-05-24T13:41:15.083Z [TXN-7KGM1S9P] [catalog-service] INFO Product fetched: Thor Hammer Replica
2026-05-24T13:41:15.095Z [TXN-7KGM1S9P] [order-service] INFO Order created: orderId=543, product=Thor Hammer Replica, amount=39.99
2026-05-24T13:41:15.098Z [TXN-7KGM1S9P] [order-service] INFO Calling notification-service for orderId=543
2026-05-24T13:41:15.105Z [TXN-7KGM1S9P] [order-service] ERROR Order failed: 
2026-05-24T13:41:15.241Z [TXN-7KGM1S9P] [order-service] INFO Calling catalog-service for productId=8
2026-05-24T13:41:15.254Z [TXN-7KGM1S9P] [catalog-service] INFO Product fetched: Thor Hammer Replica
2026-05-24T13:41:15.266Z [TXN-7KGM1S9P] [order-service] INFO Order created: orderId=544, product=Thor Hammer Replica, amount=39.99
2026-05-24T13:41:15.268Z [TXN-7KGM1S9P] [order-service] INFO Calling notification-service for orderId=544
2026-05-24T13:41:15.275Z [TXN-7KGM1S9P] [order-service] ERROR Order failed: 
2026-05-24T13:41:15.388Z [TXN-7KGM1S9P] [order-service] INFO Calling catalog-service for productId=8
2026-05-24T13:41:15.404Z [TXN-7KGM1S9P] [catalog-service] INFO Product fetched: Thor Hammer Replica
2026-05-24T13:41:15.416Z [TXN-7KGM1S9P] [order-service] INFO Order created: orderId=545, product=Thor Hammer Replica, amount=39.99
2026-05-24T13:41:15.417Z [TXN-7KGM1S9P] [order-service] INFO Calling notification-service for orderId=545
2026-05-24T13:41:15.424Z [TXN-7KGM1S9P] [order-service] ERROR Order failed: 
2026-05-24T13:41:16.290Z [TXN-7KGM1S9P] [catalog-service] INFO Category=DC: 4 products
2026-05-24T13:41:17.290Z [TXN-7KGM1S9P] [order-service] INFO Calling catalog-service for productId=1
2026-05-24T13:41:17.303Z [TXN-7KGM1S9P] [catalog-service] INFO Product fetched: Batman Figure
2026-05-24T13:41:17.316Z [TXN-7KGM1S9P] [order-service] INFO Order created: orderId=546, product=Batman Figure, amount=24.99
2026-05-24T13:41:17.317Z [TXN-7KGM1S9P] [order-service] INFO Calling notification-service for orderId=546
2026-05-24T13:41:17.325Z [TXN-7KGM1S9P] [order-service] ERROR Order failed: 
2026-05-24T13:41:17.472Z [TXN-7KGM1S9P] [order-service] INFO Calling catalog-service for productId=1
2026-05-24T13:41:17.487Z [TXN-7KGM1S9P] [catalog-service] INFO Product fetched: Batman Figure
2026-05-24T13:41:17.505Z [TXN-7KGM1S9P] [order-service] INFO Order created: orderId=547, product=Batman Figure, amount=24.99
2026-05-24T13:41:17.507Z [TXN-7KGM1S9P] [order-service] INFO Calling notification-service for orderId=547
2026-05-24T13:41:17.520Z [TXN-7KGM1S9P] [order-service] ERROR Order failed: 
2026-05-24T13:41:17.653Z [TXN-7KGM1S9P] [order-service] INFO Calling catalog-service for productId=1
2026-05-24T13:41:17.665Z [TXN-7KGM1S9P] [catalog-service] INFO Product fetched: Batman Figure
2026-05-24T13:41:17.674Z [TXN-7KGM1S9P] [order-service] INFO Order created: orderId=548, product=Batman Figure, amount=24.99
2026-05-24T13:41:17.675Z [TXN-7KGM1S9P] [order-service] INFO Calling notification-service for orderId=548
2026-05-24T13:41:17.688Z [TXN-7KGM1S9P] [order-service] ERROR Order failed: 
2026-05-24T13:41:17.825Z [TXN-7KGM1S9P] [order-service] INFO Calling catalog-service for productId=1
2026-05-24T13:41:17.837Z [TXN-7KGM1S9P] [catalog-service] INFO Product fetched: Batman Figure
2026-05-24T13:41:17.849Z [TXN-7KGM1S9P] [order-service] INFO Order created: orderId=549, product=Batman Figure, amount=24.99
2026-05-24T13:41:17.850Z [TXN-7KGM1S9P] [order-service] INFO Calling notification-service for orderId=549
2026-05-24T13:41:17.860Z [TXN-7KGM1S9P] [order-service] ERROR Order failed: 
2026-05-24T13:41:18.041Z [TXN-7KGM1S9P] [order-service] INFO Calling catalog-service for productId=1
2026-05-24T13:41:18.051Z [TXN-7KGM1S9P] [catalog-service] INFO Product fetched: Batman Figure
2026-05-24T13:41:18.063Z [TXN-7KGM1S9P] [order-service] INFO Order created: orderId=550, product=Batman Figure, amount=24.99
2026-05-24T13:41:18.066Z [TXN-7KGM1S9P] [order-service] INFO Calling notification-service for orderId=550
2026-05-24T13:41:18.072Z [TXN-7KGM1S9P] [order-service] ERROR Order failed: 
2026-05-24T13:41:18.204Z [TXN-7KGM1S9P] [order-service] INFO Calling catalog-service for productId=1
2026-05-24T13:41:18.216Z [TXN-7KGM1S9P] [catalog-service] INFO Product fetched: Batman Figure
2026-05-24T13:41:18.224Z [TXN-7KGM1S9P] [order-service] INFO Order created: orderId=551, product=Batman Figure, amount=24.99
2026-05-24T13:41:18.226Z [TXN-7KGM1S9P] [order-service] INFO Calling notification-service for orderId=551
2026-05-24T13:41:18.238Z [TXN-7KGM1S9P] [order-service] ERROR Order failed: 
2026-05-24T13:41:18.841Z [TXN-7KGM1S9P] [order-service] INFO Calling catalog-service for productId=2
2026-05-24T13:41:18.881Z [TXN-7KGM1S9P] [catalog-service] INFO Product fetched: Superman T-Shirt
2026-05-24T13:41:18.892Z [TXN-7KGM1S9P] [order-service] INFO Order created: orderId=552, product=Superman T-Shirt, amount=19.99
2026-05-24T13:41:18.899Z [TXN-7KGM1S9P] [order-service] INFO Calling notification-service for orderId=552
2026-05-24T13:41:18.908Z [TXN-7KGM1S9P] [order-service] ERROR Order failed: 
2026-05-24T13:41:19.025Z [TXN-7KGM1S9P] [order-service] INFO Calling catalog-service for productId=2
2026-05-24T13:41:19.038Z [TXN-7KGM1S9P] [catalog-service] INFO Product fetched: Superman T-Shirt
2026-05-24T13:41:19.053Z [TXN-7KGM1S9P] [order-service] INFO Order created: orderId=553, product=Superman T-Shirt, amount=19.99
2026-05-24T13:41:19.054Z [TXN-7KGM1S9P] [order-service] INFO Calling notification-service for orderId=553
2026-05-24T13:41:19.060Z [TXN-7KGM1S9P] [order-service] ERROR Order failed: 
2026-05-24T13:41:19.204Z [TXN-7KGM1S9P] [order-service] INFO Calling catalog-service for productId=2
2026-05-24T13:41:19.216Z [TXN-7KGM1S9P] [catalog-service] INFO Product fetched: Superman T-Shirt
2026-05-24T13:41:19.232Z [TXN-7KGM1S9P] [order-service] INFO Order created: orderId=554, product=Superman T-Shirt, amount=19.99
2026-05-24T13:41:19.233Z [TXN-7KGM1S9P] [order-service] INFO Calling notification-service for orderId=554
2026-05-24T13:41:19.240Z [TXN-7KGM1S9P] [order-service] ERROR Order failed: 
2026-05-24T13:41:19.388Z [TXN-7KGM1S9P] [order-service] INFO Calling catalog-service for productId=2
2026-05-24T13:41:19.403Z [TXN-7KGM1S9P] [catalog-service] INFO Product fetched: Superman T-Shirt
2026-05-24T13:41:19.417Z [TXN-7KGM1S9P] [order-service] INFO Order created: orderId=555, product=Superman T-Shirt, amount=19.99
2026-05-24T13:41:19.418Z [TXN-7KGM1S9P] [order-service] INFO Calling notification-service for orderId=555
2026-05-24T13:41:19.428Z [TXN-7KGM1S9P] [order-service] ERROR Order failed: 
2026-05-24T13:41:19.566Z [TXN-7KGM1S9P] [order-service] INFO Calling catalog-service for productId=2
2026-05-24T13:41:19.574Z [TXN-7KGM1S9P] [catalog-service] INFO Product fetched: Superman T-Shirt
2026-05-24T13:41:19.588Z [TXN-7KGM1S9P] [order-service] INFO Order created: orderId=556, product=Superman T-Shirt, amount=19.99
2026-05-24T13:41:19.589Z [TXN-7KGM1S9P] [order-service] INFO Calling notification-service for orderId=556
2026-05-24T13:41:19.606Z [TXN-7KGM1S9P] [order-service] ERROR Order failed: 
2026-05-24T13:41:19.868Z [TXN-7KGM1S9P] [order-service] INFO Calling catalog-service for productId=2
2026-05-24T13:41:19.875Z [TXN-7KGM1S9P] [catalog-service] INFO Product fetched: Superman T-Shirt
2026-05-24T13:41:19.906Z [TXN-7KGM1S9P] [order-service] INFO Order created: orderId=557, product=Superman T-Shirt, amount=19.99
2026-05-24T13:41:19.908Z [TXN-7KGM1S9P] [order-service] INFO Calling notification-service for orderId=557
2026-05-24T13:41:19.919Z [TXN-7KGM1S9P] [order-service] ERROR Order failed: 
2026-05-24T13:41:20.057Z [TXN-7KGM1S9P] [order-service] INFO Calling catalog-service for productId=2
2026-05-24T13:41:20.070Z [TXN-7KGM1S9P] [catalog-service] INFO Product fetched: Superman T-Shirt
2026-05-24T13:41:20.085Z [TXN-7KGM1S9P] [order-service] INFO Order created: orderId=558, product=Superman T-Shirt, amount=19.99
2026-05-24T13:41:20.086Z [TXN-7KGM1S9P] [order-service] INFO Calling notification-service for orderId=558
2026-05-24T13:41:20.094Z [TXN-7KGM1S9P] [order-service] ERROR Order failed: 
2026-05-24T13:41:20.225Z [TXN-7KGM1S9P] [order-service] INFO Calling catalog-service for productId=2
2026-05-24T13:41:20.240Z [TXN-7KGM1S9P] [catalog-service] INFO Product fetched: Superman T-Shirt
2026-05-24T13:41:20.256Z [TXN-7KGM1S9P] [order-service] INFO Order created: orderId=559, product=Superman T-Shirt, amount=19.99
2026-05-24T13:41:20.257Z [TXN-7KGM1S9P] [order-service] INFO Calling notification-service for orderId=559
2026-05-24T13:41:20.271Z [TXN-7KGM1S9P] [order-service] ERROR Order failed: 
2026-05-24T13:41:20.409Z [TXN-7KGM1S9P] [order-service] INFO Calling catalog-service for productId=2
2026-05-24T13:41:20.423Z [TXN-7KGM1S9P] [catalog-service] INFO Product fetched: Superman T-Shirt
2026-05-24T13:41:20.440Z [TXN-7KGM1S9P] [order-service] INFO Order created: orderId=560, product=Superman T-Shirt, amount=19.99
2026-05-24T13:41:20.441Z [TXN-7KGM1S9P] [order-service] INFO Calling notification-service for orderId=560
2026-05-24T13:41:20.454Z [TXN-7KGM1S9P] [order-service] ERROR Order failed: 
2026-05-24T13:41:20.906Z [TXN-7KGM1S9P] [order-service] INFO Calling catalog-service for productId=3
2026-05-24T13:41:20.918Z [TXN-7KGM1S9P] [catalog-service] INFO Product fetched: Flash Toy
2026-05-24T13:41:20.951Z [TXN-7KGM1S9P] [order-service] INFO Order created: orderId=561, product=Flash Toy, amount=14.99
2026-05-24T13:41:20.953Z [TXN-7KGM1S9P] [order-service] INFO Calling notification-service for orderId=561
2026-05-24T13:41:20.969Z [TXN-7KGM1S9P] [order-service] ERROR Order failed: 
2026-05-24T13:41:21.102Z [TXN-7KGM1S9P] [order-service] INFO Calling catalog-service for productId=3
2026-05-24T13:41:21.109Z [TXN-7KGM1S9P] [catalog-service] INFO Product fetched: Flash Toy
2026-05-24T13:41:21.133Z [TXN-7KGM1S9P] [order-service] INFO Order created: orderId=562, product=Flash Toy, amount=14.99
2026-05-24T13:41:21.134Z [TXN-7KGM1S9P] [order-service] INFO Calling notification-service for orderId=562
2026-05-24T13:41:21.141Z [TXN-7KGM1S9P] [order-service] ERROR Order failed: 
2026-05-24T13:41:21.254Z [TXN-7KGM1S9P] [order-service] INFO Calling catalog-service for productId=3
2026-05-24T13:41:21.266Z [TXN-7KGM1S9P] [catalog-service] INFO Product fetched: Flash Toy
2026-05-24T13:41:21.274Z [TXN-7KGM1S9P] [order-service] INFO Order created: orderId=563, product=Flash Toy, amount=14.99
2026-05-24T13:41:21.276Z [TXN-7KGM1S9P] [order-service] INFO Calling notification-service for orderId=563
2026-05-24T13:41:21.292Z [TXN-7KGM1S9P] [order-service] ERROR Order failed: 
2026-05-24T13:41:21.424Z [TXN-7KGM1S9P] [order-service] INFO Calling catalog-service for productId=3
2026-05-24T13:41:21.437Z [TXN-7KGM1S9P] [catalog-service] INFO Product fetched: Flash Toy
2026-05-24T13:41:21.453Z [TXN-7KGM1S9P] [order-service] INFO Order created: orderId=564, product=Flash Toy, amount=14.99
2026-05-24T13:41:21.454Z [TXN-7KGM1S9P] [order-service] INFO Calling notification-service for orderId=564
2026-05-24T13:41:21.468Z [TXN-7KGM1S9P] [order-service] ERROR Order failed: 
2026-05-24T13:41:21.738Z [TXN-7KGM1S9P] [order-service] INFO Calling catalog-service for productId=3
2026-05-24T13:41:21.751Z [TXN-7KGM1S9P] [catalog-service] INFO Product fetched: Flash Toy
2026-05-24T13:41:21.764Z [TXN-7KGM1S9P] [order-service] INFO Order created: orderId=565, product=Flash Toy, amount=14.99
2026-05-24T13:41:21.766Z [TXN-7KGM1S9P] [order-service] INFO Calling notification-service for orderId=565
2026-05-24T13:41:21.775Z [TXN-7KGM1S9P] [order-service] ERROR Order failed: 
2026-05-24T13:41:21.921Z [TXN-7KGM1S9P] [order-service] INFO Calling catalog-service for productId=3
2026-05-24T13:41:21.936Z [TXN-7KGM1S9P] [catalog-service] INFO Product fetched: Flash Toy
2026-05-24T13:41:21.965Z [TXN-7KGM1S9P] [order-service] INFO Order created: orderId=566, product=Flash Toy, amount=14.99
2026-05-24T13:41:21.967Z [TXN-7KGM1S9P] [order-service] INFO Calling notification-service for orderId=566
2026-05-24T13:41:21.974Z [TXN-7KGM1S9P] [order-service] ERROR Order failed: 
2026-05-24T13:41:22.824Z [TXN-7KGM1S9P] [order-service] INFO Calling catalog-service for productId=4
2026-05-24T13:41:22.836Z [TXN-7KGM1S9P] [catalog-service] INFO Product fetched: Wonder Woman Poster
2026-05-24T13:41:22.849Z [TXN-7KGM1S9P] [order-service] INFO Order created: orderId=567, product=Wonder Woman Poster, amount=9.99
2026-05-24T13:41:22.850Z [TXN-7KGM1S9P] [order-service] INFO Calling notification-service for orderId=567
2026-05-24T13:41:22.857Z [TXN-7KGM1S9P] [order-service] ERROR Order failed: 
2026-05-24T13:41:23.005Z [TXN-7KGM1S9P] [order-service] INFO Calling catalog-service for productId=4
2026-05-24T13:41:23.017Z [TXN-7KGM1S9P] [catalog-service] INFO Product fetched: Wonder Woman Poster
2026-05-24T13:41:23.031Z [TXN-7KGM1S9P] [order-service] INFO Order created: orderId=568, product=Wonder Woman Poster, amount=9.99
2026-05-24T13:41:23.032Z [TXN-7KGM1S9P] [order-service] INFO Calling notification-service for orderId=568
2026-05-24T13:41:23.040Z [TXN-7KGM1S9P] [order-service] ERROR Order failed: 
2026-05-24T13:41:23.187Z [TXN-7KGM1S9P] [order-service] INFO Calling catalog-service for productId=4
2026-05-24T13:41:23.200Z [TXN-7KGM1S9P] [catalog-service] INFO Product fetched: Wonder Woman Poster
2026-05-24T13:41:23.214Z [TXN-7KGM1S9P] [order-service] INFO Order created: orderId=569, product=Wonder Woman Poster, amount=9.99
2026-05-24T13:41:23.216Z [TXN-7KGM1S9P] [order-service] INFO Calling notification-service for orderId=569
2026-05-24T13:41:23.224Z [TXN-7KGM1S9P] [order-service] ERROR Order failed: 
2026-05-24T13:41:23.379Z [TXN-7KGM1S9P] [order-service] INFO Calling catalog-service for productId=4
2026-05-24T13:41:23.390Z [TXN-7KGM1S9P] [catalog-service] INFO Product fetched: Wonder Woman Poster
2026-05-24T13:41:23.407Z [TXN-7KGM1S9P] [order-service] INFO Order created: orderId=570, product=Wonder Woman Poster, amount=9.99
2026-05-24T13:41:23.409Z [TXN-7KGM1S9P] [order-service] INFO Calling notification-service for orderId=570
2026-05-24T13:41:23.429Z [TXN-7KGM1S9P] [order-service] ERROR Order failed: 
2026-05-24T13:41:23.555Z [TXN-7KGM1S9P] [order-service] INFO Calling catalog-service for productId=4
2026-05-24T13:41:23.567Z [TXN-7KGM1S9P] [catalog-service] INFO Product fetched: Wonder Woman Poster
2026-05-24T13:41:23.581Z [TXN-7KGM1S9P] [order-service] INFO Order created: orderId=571, product=Wonder Woman Poster, amount=9.99
2026-05-24T13:41:23.583Z [TXN-7KGM1S9P] [order-service] INFO Calling notification-service for orderId=571
2026-05-24T13:41:23.592Z [TXN-7KGM1S9P] [order-service] ERROR Order failed: 
2026-05-24T13:41:23.734Z [TXN-7KGM1S9P] [order-service] INFO Calling catalog-service for productId=4
2026-05-24T13:41:23.741Z [TXN-7KGM1S9P] [catalog-service] INFO Product fetched: Wonder Woman Poster
2026-05-24T13:41:23.758Z [TXN-7KGM1S9P] [order-service] INFO Order created: orderId=572, product=Wonder Woman Poster, amount=9.99
2026-05-24T13:41:23.759Z [TXN-7KGM1S9P] [order-service] INFO Calling notification-service for orderId=572
2026-05-24T13:41:23.773Z [TXN-7KGM1S9P] [order-service] ERROR Order failed: 
2026-05-24T13:41:23.906Z [TXN-7KGM1S9P] [order-service] INFO Calling catalog-service for productId=4
2026-05-24T13:41:23.919Z [TXN-7KGM1S9P] [catalog-service] INFO Product fetched: Wonder Woman Poster
2026-05-24T13:41:23.934Z [TXN-7KGM1S9P] [order-service] INFO Order created: orderId=573, product=Wonder Woman Poster, amount=9.99
2026-05-24T13:41:23.936Z [TXN-7KGM1S9P] [order-service] INFO Calling notification-service for orderId=573
2026-05-24T13:41:23.949Z [TXN-7KGM1S9P] [order-service] ERROR Order failed: 
2026-05-24T13:41:24.073Z [TXN-7KGM1S9P] [order-service] INFO Calling catalog-service for productId=4
2026-05-24T13:41:24.086Z [TXN-7KGM1S9P] [catalog-service] INFO Product fetched: Wonder Woman Poster
2026-05-24T13:41:24.105Z [TXN-7KGM1S9P] [order-service] INFO Order created: orderId=574, product=Wonder Woman Poster, amount=9.99
2026-05-24T13:41:24.106Z [TXN-7KGM1S9P] [order-service] INFO Calling notification-service for orderId=574
2026-05-24T13:41:24.120Z [TXN-7KGM1S9P] [order-service] ERROR Order failed: 
2026-05-24T13:41:24.239Z [TXN-7KGM1S9P] [order-service] INFO Calling catalog-service for productId=4
2026-05-24T13:41:24.252Z [TXN-7KGM1S9P] [catalog-service] INFO Product fetched: Wonder Woman Poster
2026-05-24T13:41:24.266Z [TXN-7KGM1S9P] [order-service] INFO Order created: orderId=575, product=Wonder Woman Poster, amount=9.99
2026-05-24T13:41:24.269Z [TXN-7KGM1S9P] [order-service] INFO Calling notification-service for orderId=575
2026-05-24T13:41:24.274Z [TXN-7KGM1S9P] [order-service] ERROR Order failed: 
2026-05-24T13:41:24.873Z [TXN-7KGM1S9P] [order-service] INFO Calling catalog-service for productId=3
2026-05-24T13:41:24.904Z [TXN-7KGM1S9P] [catalog-service] INFO Product fetched: Flash Toy
2026-05-24T13:41:24.918Z [TXN-7KGM1S9P] [order-service] INFO Order created: orderId=576, product=Flash Toy, amount=14.99
2026-05-24T13:41:24.919Z [TXN-7KGM1S9P] [order-service] INFO Calling notification-service for orderId=576
2026-05-24T13:41:24.927Z [TXN-7KGM1S9P] [order-service] ERROR Order failed: 
2026-05-24T13:41:25.085Z [TXN-7KGM1S9P] [order-service] INFO Calling catalog-service for productId=3
2026-05-24T13:41:25.092Z [TXN-7KGM1S9P] [catalog-service] INFO Product fetched: Flash Toy
2026-05-24T13:41:25.108Z [TXN-7KGM1S9P] [order-service] INFO Order created: orderId=577, product=Flash Toy, amount=14.99
2026-05-24T13:41:25.111Z [TXN-7KGM1S9P] [order-service] INFO Calling notification-service for orderId=577
2026-05-24T13:41:25.124Z [TXN-7KGM1S9P] [order-service] ERROR Order failed: 
2026-05-24T13:41:25.285Z [TXN-7KGM1S9P] [order-service] INFO Calling catalog-service for productId=3
2026-05-24T13:41:25.295Z [TXN-7KGM1S9P] [catalog-service] INFO Product fetched: Flash Toy
2026-05-24T13:41:25.309Z [TXN-7KGM1S9P] [order-service] INFO Order created: orderId=578, product=Flash Toy, amount=14.99
2026-05-24T13:41:25.312Z [TXN-7KGM1S9P] [order-service] INFO Calling notification-service for orderId=578
2026-05-24T13:41:25.322Z [TXN-7KGM1S9P] [order-service] ERROR Order failed: 
2026-05-24T13:41:25.456Z [TXN-7KGM1S9P] [order-service] INFO Calling catalog-service for productId=3
2026-05-24T13:41:25.468Z [TXN-7KGM1S9P] [catalog-service] INFO Product fetched: Flash Toy
2026-05-24T13:41:25.485Z [TXN-7KGM1S9P] [order-service] INFO Order created: orderId=579, product=Flash Toy, amount=14.99
2026-05-24T13:41:25.486Z [TXN-7KGM1S9P] [order-service] INFO Calling notification-service for orderId=579
2026-05-24T13:41:25.494Z [TXN-7KGM1S9P] [order-service] ERROR Order failed: 
2026-05-24T13:41:25.653Z [TXN-7KGM1S9P] [order-service] INFO Calling catalog-service for productId=3
2026-05-24T13:41:25.665Z [TXN-7KGM1S9P] [catalog-service] INFO Product fetched: Flash Toy
2026-05-24T13:41:25.675Z [TXN-7KGM1S9P] [order-service] INFO Order created: orderId=580, product=Flash Toy, amount=14.99
2026-05-24T13:41:25.676Z [TXN-7KGM1S9P] [order-service] INFO Calling notification-service for orderId=580
2026-05-24T13:41:25.688Z [TXN-7KGM1S9P] [order-service] ERROR Order failed: 
2026-05-24T13:41:25.803Z [TXN-7KGM1S9P] [order-service] INFO Calling catalog-service for productId=3
2026-05-24T13:41:25.818Z [TXN-7KGM1S9P] [catalog-service] INFO Product fetched: Flash Toy
2026-05-24T13:41:25.829Z [TXN-7KGM1S9P] [order-service] INFO Order created: orderId=581, product=Flash Toy, amount=14.99
2026-05-24T13:41:25.833Z [TXN-7KGM1S9P] [order-service] INFO Calling notification-service for orderId=581
2026-05-24T13:41:25.840Z [TXN-7KGM1S9P] [order-service] ERROR Order failed: 
2026-05-24T13:41:26.537Z [TXN-7KGM1S9P] [order-service] INFO Calling catalog-service for productId=2
2026-05-24T13:41:26.547Z [TXN-7KGM1S9P] [catalog-service] INFO Product fetched: Superman T-Shirt
2026-05-24T13:41:26.569Z [TXN-7KGM1S9P] [order-service] INFO Order created: orderId=582, product=Superman T-Shirt, amount=19.99
2026-05-24T13:41:26.570Z [TXN-7KGM1S9P] [order-service] INFO Calling notification-service for orderId=582
2026-05-24T13:41:26.585Z [TXN-7KGM1S9P] [order-service] ERROR Order failed: 
2026-05-24T13:41:26.734Z [TXN-7KGM1S9P] [order-service] INFO Calling catalog-service for productId=2
2026-05-24T13:41:26.741Z [TXN-7KGM1S9P] [catalog-service] INFO Product fetched: Superman T-Shirt
2026-05-24T13:41:26.758Z [TXN-7KGM1S9P] [order-service] INFO Order created: orderId=583, product=Superman T-Shirt, amount=19.99
2026-05-24T13:41:26.764Z [TXN-7KGM1S9P] [order-service] INFO Calling notification-service for orderId=583
2026-05-24T13:41:26.773Z [TXN-7KGM1S9P] [order-service] ERROR Order failed: 
2026-05-24T13:41:26.924Z [TXN-7KGM1S9P] [order-service] INFO Calling catalog-service for productId=2
2026-05-24T13:41:26.938Z [TXN-7KGM1S9P] [catalog-service] INFO Product fetched: Superman T-Shirt
2026-05-24T13:41:26.952Z [TXN-7KGM1S9P] [order-service] INFO Order created: orderId=584, product=Superman T-Shirt, amount=19.99
2026-05-24T13:41:26.954Z [TXN-7KGM1S9P] [order-service] INFO Calling notification-service for orderId=584
2026-05-24T13:41:26.968Z [TXN-7KGM1S9P] [order-service] ERROR Order failed: 
2026-05-24T13:41:27.118Z [TXN-7KGM1S9P] [order-service] INFO Calling catalog-service for productId=2
2026-05-24T13:41:27.124Z [TXN-7KGM1S9P] [catalog-service] INFO Product fetched: Superman T-Shirt
2026-05-24T13:41:27.147Z [TXN-7KGM1S9P] [order-service] INFO Order created: orderId=585, product=Superman T-Shirt, amount=19.99
2026-05-24T13:41:27.149Z [TXN-7KGM1S9P] [order-service] INFO Calling notification-service for orderId=585
2026-05-24T13:41:27.156Z [TXN-7KGM1S9P] [order-service] ERROR Order failed: 
2026-05-24T13:41:27.289Z [TXN-7KGM1S9P] [order-service] INFO Calling catalog-service for productId=2
2026-05-24T13:41:27.302Z [TXN-7KGM1S9P] [catalog-service] INFO Product fetched: Superman T-Shirt
2026-05-24T13:41:27.315Z [TXN-7KGM1S9P] [order-service] INFO Order created: orderId=586, product=Superman T-Shirt, amount=19.99
2026-05-24T13:41:27.317Z [TXN-7KGM1S9P] [order-service] INFO Calling notification-service for orderId=586
2026-05-24T13:41:27.324Z [TXN-7KGM1S9P] [order-service] ERROR Order failed: 
2026-05-24T13:41:27.455Z [TXN-7KGM1S9P] [order-service] INFO Calling catalog-service for productId=2
2026-05-24T13:41:27.468Z [TXN-7KGM1S9P] [catalog-service] INFO Product fetched: Superman T-Shirt
2026-05-24T13:41:27.482Z [TXN-7KGM1S9P] [order-service] INFO Order created: orderId=587, product=Superman T-Shirt, amount=19.99
2026-05-24T13:41:27.484Z [TXN-7KGM1S9P] [order-service] INFO Calling notification-service for orderId=587
2026-05-24T13:41:27.491Z [TXN-7KGM1S9P] [order-service] ERROR Order failed: 
2026-05-24T13:41:28.154Z [TXN-7KGM1S9P] [order-service] INFO Calling catalog-service for productId=1
2026-05-24T13:41:28.168Z [TXN-7KGM1S9P] [catalog-service] INFO Product fetched: Batman Figure
2026-05-24T13:41:28.181Z [TXN-7KGM1S9P] [order-service] INFO Order created: orderId=588, product=Batman Figure, amount=24.99
2026-05-24T13:41:28.184Z [TXN-7KGM1S9P] [order-service] INFO Calling notification-service for orderId=588
2026-05-24T13:41:28.193Z [TXN-7KGM1S9P] [order-service] ERROR Order failed: 
2026-05-24T13:41:28.355Z [TXN-7KGM1S9P] [order-service] INFO Calling catalog-service for productId=1
2026-05-24T13:41:28.369Z [TXN-7KGM1S9P] [catalog-service] INFO Product fetched: Batman Figure
2026-05-24T13:41:28.383Z [TXN-7KGM1S9P] [order-service] INFO Order created: orderId=589, product=Batman Figure, amount=24.99
2026-05-24T13:41:28.384Z [TXN-7KGM1S9P] [order-service] INFO Calling notification-service for orderId=589
2026-05-24T13:41:28.391Z [TXN-7KGM1S9P] [order-service] ERROR Order failed: 
2026-05-24T13:41:28.549Z [TXN-7KGM1S9P] [order-service] INFO Calling catalog-service for productId=1
2026-05-24T13:41:28.556Z [TXN-7KGM1S9P] [catalog-service] INFO Product fetched: Batman Figure
2026-05-24T13:41:28.571Z [TXN-7KGM1S9P] [order-service] INFO Order created: orderId=590, product=Batman Figure, amount=24.99
2026-05-24T13:41:28.572Z [TXN-7KGM1S9P] [order-service] INFO Calling notification-service for orderId=590
2026-05-24T13:41:28.585Z [TXN-7KGM1S9P] [order-service] ERROR Order failed: 
2026-05-24T13:41:28.718Z [TXN-7KGM1S9P] [order-service] INFO Calling catalog-service for productId=1
2026-05-24T13:41:28.732Z [TXN-7KGM1S9P] [catalog-service] INFO Product fetched: Batman Figure
2026-05-24T13:41:28.744Z [TXN-7KGM1S9P] [order-service] INFO Order created: orderId=591, product=Batman Figure, amount=24.99
2026-05-24T13:41:28.748Z [TXN-7KGM1S9P] [order-service] INFO Calling notification-service for orderId=591
2026-05-24T13:41:28.756Z [TXN-7KGM1S9P] [order-service] ERROR Order failed: 
2026-05-24T13:41:29.059Z [TXN-7KGM1S9P] [order-service] INFO Calling catalog-service for productId=1
2026-05-24T13:41:29.070Z [TXN-7KGM1S9P] [catalog-service] INFO Product fetched: Batman Figure
2026-05-24T13:41:29.104Z [TXN-7KGM1S9P] [order-service] INFO Order created: orderId=592, product=Batman Figure, amount=24.99
2026-05-24T13:41:29.105Z [TXN-7KGM1S9P] [order-service] INFO Calling notification-service for orderId=592
2026-05-24T13:41:29.122Z [TXN-7KGM1S9P] [order-service] ERROR Order failed: 
2026-05-24T13:41:29.257Z [TXN-7KGM1S9P] [order-service] INFO Calling catalog-service for productId=1
2026-05-24T13:41:29.270Z [TXN-7KGM1S9P] [catalog-service] INFO Product fetched: Batman Figure
2026-05-24T13:41:29.282Z [TXN-7KGM1S9P] [order-service] INFO Order created: orderId=593, product=Batman Figure, amount=24.99
2026-05-24T13:41:29.285Z [TXN-7KGM1S9P] [order-service] INFO Calling notification-service for orderId=593
2026-05-24T13:41:29.291Z [TXN-7KGM1S9P] [order-service] ERROR Order failed: 
2026-05-24T13:41:30.290Z [TXN-7KGM1S9P] [catalog-service] INFO Category=Marvel: 4 products
2026-05-24T13:41:31.738Z [TXN-7KGM1S9P] [order-service] INFO Calling catalog-service for productId=5
2026-05-24T13:41:31.751Z [TXN-7KGM1S9P] [catalog-service] INFO Product fetched: Iron Man Figure
2026-05-24T13:41:31.763Z [TXN-7KGM1S9P] [order-service] INFO Order created: orderId=594, product=Iron Man Figure, amount=29.99
2026-05-24T13:41:31.765Z [TXN-7KGM1S9P] [order-service] INFO Calling notification-service for orderId=594
2026-05-24T13:41:31.776Z [TXN-7KGM1S9P] [order-service] ERROR Order failed: 
2026-05-24T13:41:31.917Z [TXN-7KGM1S9P] [order-service] INFO Calling catalog-service for productId=5
2026-05-24T13:41:31.924Z [TXN-7KGM1S9P] [catalog-service] INFO Product fetched: Iron Man Figure
2026-05-24T13:41:31.939Z [TXN-7KGM1S9P] [order-service] INFO Order created: orderId=595, product=Iron Man Figure, amount=29.99
2026-05-24T13:41:31.940Z [TXN-7KGM1S9P] [order-service] INFO Calling notification-service for orderId=595
2026-05-24T13:41:31.953Z [TXN-7KGM1S9P] [order-service] ERROR Order failed: 
2026-05-24T13:41:32.107Z [TXN-7KGM1S9P] [order-service] INFO Calling catalog-service for productId=5
2026-05-24T13:41:32.121Z [TXN-7KGM1S9P] [catalog-service] INFO Product fetched: Iron Man Figure
2026-05-24T13:41:32.154Z [TXN-7KGM1S9P] [order-service] INFO Order created: orderId=596, product=Iron Man Figure, amount=29.99
2026-05-24T13:41:32.156Z [TXN-7KGM1S9P] [order-service] INFO Calling notification-service for orderId=596
2026-05-24T13:41:32.174Z [TXN-7KGM1S9P] [order-service] ERROR Order failed: 
2026-05-24T13:41:32.237Z [TXN-7KGM1S9P] [order-service] INFO Calling catalog-service for productId=5
2026-05-24T13:41:32.251Z [TXN-7KGM1S9P] [catalog-service] INFO Product fetched: Iron Man Figure
2026-05-24T13:41:32.259Z [TXN-7KGM1S9P] [order-service] INFO Order created: orderId=597, product=Iron Man Figure, amount=29.99
2026-05-24T13:41:32.267Z [TXN-7KGM1S9P] [order-service] INFO Calling notification-service for orderId=597
2026-05-24T13:41:32.284Z [TXN-7KGM1S9P] [order-service] ERROR Order failed: 
2026-05-24T13:41:32.968Z [TXN-7KGM1S9P] [order-service] INFO Calling catalog-service for productId=6
2026-05-24T13:41:32.975Z [TXN-7KGM1S9P] [catalog-service] INFO Product fetched: Spider-Man Toy
2026-05-24T13:41:32.989Z [TXN-7KGM1S9P] [order-service] INFO Order created: orderId=598, product=Spider-Man Toy, amount=17.99
2026-05-24T13:41:32.990Z [TXN-7KGM1S9P] [order-service] INFO Calling notification-service for orderId=598
2026-05-24T13:41:33.002Z [TXN-7KGM1S9P] [order-service] ERROR Order failed: 
2026-05-24T13:41:33.173Z [TXN-7KGM1S9P] [order-service] INFO Calling catalog-service for productId=6
2026-05-24T13:41:33.184Z [TXN-7KGM1S9P] [catalog-service] INFO Product fetched: Spider-Man Toy
2026-05-24T13:41:33.199Z [TXN-7KGM1S9P] [order-service] INFO Order created: orderId=599, product=Spider-Man Toy, amount=17.99
2026-05-24T13:41:33.201Z [TXN-7KGM1S9P] [order-service] INFO Calling notification-service for orderId=599
2026-05-24T13:41:33.207Z [TXN-7KGM1S9P] [order-service] ERROR Order failed: 
2026-05-24T13:41:33.365Z [TXN-7KGM1S9P] [order-service] INFO Calling catalog-service for productId=6
2026-05-24T13:41:33.373Z [TXN-7KGM1S9P] [catalog-service] INFO Product fetched: Spider-Man Toy
2026-05-24T13:41:33.388Z [TXN-7KGM1S9P] [order-service] INFO Order created: orderId=600, product=Spider-Man Toy, amount=17.99
2026-05-24T13:41:33.389Z [TXN-7KGM1S9P] [order-service] INFO Calling notification-service for orderId=600
2026-05-24T13:41:33.403Z [TXN-7KGM1S9P] [order-service] ERROR Order failed: 
2026-05-24T13:41:33.549Z [TXN-7KGM1S9P] [order-service] INFO Calling catalog-service for productId=6
2026-05-24T13:41:33.557Z [TXN-7KGM1S9P] [catalog-service] INFO Product fetched: Spider-Man Toy
2026-05-24T13:41:33.570Z [TXN-7KGM1S9P] [order-service] INFO Order created: orderId=601, product=Spider-Man Toy, amount=17.99
2026-05-24T13:41:33.571Z [TXN-7KGM1S9P] [order-service] INFO Calling notification-service for orderId=601
2026-05-24T13:41:33.586Z [TXN-7KGM1S9P] [order-service] ERROR Order failed: 
2026-05-24T13:41:33.720Z [TXN-7KGM1S9P] [order-service] INFO Calling catalog-service for productId=6
2026-05-24T13:41:33.731Z [TXN-7KGM1S9P] [catalog-service] INFO Product fetched: Spider-Man Toy
2026-05-24T13:41:33.740Z [TXN-7KGM1S9P] [order-service] INFO Order created: orderId=602, product=Spider-Man Toy, amount=17.99
2026-05-24T13:41:33.741Z [TXN-7KGM1S9P] [order-service] INFO Calling notification-service for orderId=602
2026-05-24T13:41:33.753Z [TXN-7KGM1S9P] [order-service] ERROR Order failed: 
2026-05-24T13:41:34.586Z [TXN-7KGM1S9P] [order-service] INFO Calling catalog-service for productId=7
2026-05-24T13:41:34.602Z [TXN-7KGM1S9P] [catalog-service] INFO Product fetched: Hulk Poster
2026-05-24T13:41:34.616Z [TXN-7KGM1S9P] [order-service] INFO Order created: orderId=603, product=Hulk Poster, amount=9.99
2026-05-24T13:41:34.617Z [TXN-7KGM1S9P] [order-service] INFO Calling notification-service for orderId=603
2026-05-24T13:41:34.630Z [TXN-7KGM1S9P] [order-service] ERROR Order failed: 
2026-05-24T13:41:34.787Z [TXN-7KGM1S9P] [order-service] INFO Calling catalog-service for productId=7
2026-05-24T13:41:34.801Z [TXN-7KGM1S9P] [catalog-service] INFO Product fetched: Hulk Poster
2026-05-24T13:41:34.812Z [TXN-7KGM1S9P] [order-service] INFO Order created: orderId=604, product=Hulk Poster, amount=9.99
2026-05-24T13:41:34.814Z [TXN-7KGM1S9P] [order-service] INFO Calling notification-service for orderId=604
2026-05-24T13:41:34.822Z [TXN-7KGM1S9P] [order-service] ERROR Order failed: 
2026-05-24T13:41:34.966Z [TXN-7KGM1S9P] [order-service] INFO Calling catalog-service for productId=7
2026-05-24T13:41:34.974Z [TXN-7KGM1S9P] [catalog-service] INFO Product fetched: Hulk Poster
2026-05-24T13:41:34.991Z [TXN-7KGM1S9P] [order-service] INFO Order created: orderId=605, product=Hulk Poster, amount=9.99
2026-05-24T13:41:34.992Z [TXN-7KGM1S9P] [order-service] INFO Calling notification-service for orderId=605
2026-05-24T13:41:35.005Z [TXN-7KGM1S9P] [order-service] ERROR Order failed: 
2026-05-24T13:41:35.149Z [TXN-7KGM1S9P] [order-service] INFO Calling catalog-service for productId=7
2026-05-24T13:41:35.156Z [TXN-7KGM1S9P] [catalog-service] INFO Product fetched: Hulk Poster
2026-05-24T13:41:35.182Z [TXN-7KGM1S9P] [order-service] INFO Order created: orderId=606, product=Hulk Poster, amount=9.99
2026-05-24T13:41:35.186Z [TXN-7KGM1S9P] [order-service] INFO Calling notification-service for orderId=606
2026-05-24T13:41:35.192Z [TXN-7KGM1S9P] [order-service] ERROR Order failed: 
2026-05-24T13:41:35.349Z [TXN-7KGM1S9P] [order-service] INFO Calling catalog-service for productId=7
2026-05-24T13:41:35.356Z [TXN-7KGM1S9P] [catalog-service] INFO Product fetched: Hulk Poster
2026-05-24T13:41:35.373Z [TXN-7KGM1S9P] [order-service] INFO Order created: orderId=607, product=Hulk Poster, amount=9.99
2026-05-24T13:41:35.374Z [TXN-7KGM1S9P] [order-service] INFO Calling notification-service for orderId=607
2026-05-24T13:41:35.390Z [TXN-7KGM1S9P] [order-service] ERROR Order failed: 
2026-05-24T13:41:36.089Z [TXN-7KGM1S9P] [order-service] INFO Calling catalog-service for productId=8
2026-05-24T13:41:36.102Z [TXN-7KGM1S9P] [catalog-service] INFO Product fetched: Thor Hammer Replica
2026-05-24T13:41:36.116Z [TXN-7KGM1S9P] [order-service] INFO Order created: orderId=608, product=Thor Hammer Replica, amount=39.99
2026-05-24T13:41:36.117Z [TXN-7KGM1S9P] [order-service] INFO Calling notification-service for orderId=608
2026-05-24T13:41:36.125Z [TXN-7KGM1S9P] [order-service] ERROR Order failed: 
2026-05-24T13:41:36.302Z [TXN-7KGM1S9P] [order-service] INFO Calling catalog-service for productId=8
2026-05-24T13:41:36.313Z [TXN-7KGM1S9P] [catalog-service] INFO Product fetched: Thor Hammer Replica
2026-05-24T13:41:36.325Z [TXN-7KGM1S9P] [order-service] INFO Order created: orderId=609, product=Thor Hammer Replica, amount=39.99
2026-05-24T13:41:36.327Z [TXN-7KGM1S9P] [order-service] INFO Calling notification-service for orderId=609
2026-05-24T13:41:36.341Z [TXN-7KGM1S9P] [order-service] ERROR Order failed: 
2026-05-24T13:41:36.502Z [TXN-7KGM1S9P] [order-service] INFO Calling catalog-service for productId=8
2026-05-24T13:41:36.515Z [TXN-7KGM1S9P] [catalog-service] INFO Product fetched: Thor Hammer Replica
2026-05-24T13:41:36.523Z [TXN-7KGM1S9P] [order-service] INFO Order created: orderId=610, product=Thor Hammer Replica, amount=39.99
2026-05-24T13:41:36.534Z [TXN-7KGM1S9P] [order-service] INFO Calling notification-service for orderId=610
2026-05-24T13:41:36.541Z [TXN-7KGM1S9P] [order-service] ERROR Order failed: 
2026-05-24T13:41:36.686Z [TXN-7KGM1S9P] [order-service] INFO Calling catalog-service for productId=8
2026-05-24T13:41:36.696Z [TXN-7KGM1S9P] [catalog-service] INFO Product fetched: Thor Hammer Replica
2026-05-24T13:41:36.708Z [TXN-7KGM1S9P] [order-service] INFO Order created: orderId=611, product=Thor Hammer Replica, amount=39.99
2026-05-24T13:41:36.710Z [TXN-7KGM1S9P] [order-service] INFO Calling notification-service for orderId=611
2026-05-24T13:41:36.722Z [TXN-7KGM1S9P] [order-service] ERROR Order failed: 
2026-05-24T13:41:36.904Z [TXN-7KGM1S9P] [order-service] INFO Calling catalog-service for productId=8
2026-05-24T13:41:36.916Z [TXN-7KGM1S9P] [catalog-service] INFO Product fetched: Thor Hammer Replica
2026-05-24T13:41:36.929Z [TXN-7KGM1S9P] [order-service] INFO Order created: orderId=612, product=Thor Hammer Replica, amount=39.99
2026-05-24T13:41:36.931Z [TXN-7KGM1S9P] [order-service] INFO Calling notification-service for orderId=612
2026-05-24T13:41:36.939Z [TXN-7KGM1S9P] [order-service] ERROR Order failed: 
2026-05-24T13:41:37.101Z [TXN-7KGM1S9P] [order-service] INFO Calling catalog-service for productId=8
2026-05-24T13:41:37.110Z [TXN-7KGM1S9P] [catalog-service] INFO Product fetched: Thor Hammer Replica
2026-05-24T13:41:37.123Z [TXN-7KGM1S9P] [order-service] INFO Order created: orderId=613, product=Thor Hammer Replica, amount=39.99
2026-05-24T13:41:37.125Z [TXN-7KGM1S9P] [order-service] INFO Calling notification-service for orderId=613
2026-05-24T13:41:37.139Z [TXN-7KGM1S9P] [order-service] ERROR Order failed: 
2026-05-24T13:41:37.288Z [TXN-7KGM1S9P] [order-service] INFO Calling catalog-service for productId=8
2026-05-24T13:41:37.304Z [TXN-7KGM1S9P] [catalog-service] INFO Product fetched: Thor Hammer Replica
2026-05-24T13:41:37.315Z [TXN-7KGM1S9P] [order-service] INFO Order created: orderId=614, product=Thor Hammer Replica, amount=39.99
2026-05-24T13:41:37.317Z [TXN-7KGM1S9P] [order-service] INFO Calling notification-service for orderId=614
2026-05-24T13:41:37.325Z [TXN-7KGM1S9P] [order-service] ERROR Order failed: 
2026-05-24T13:41:37.490Z [TXN-7KGM1S9P] [order-service] INFO Calling catalog-service for productId=8
2026-05-24T13:41:37.503Z [TXN-7KGM1S9P] [catalog-service] INFO Product fetched: Thor Hammer Replica
2026-05-24T13:41:37.516Z [TXN-7KGM1S9P] [order-service] INFO Order created: orderId=615, product=Thor Hammer Replica, amount=39.99
2026-05-24T13:41:37.520Z [TXN-7KGM1S9P] [order-service] INFO Calling notification-service for orderId=615
2026-05-24T13:41:37.525Z [TXN-7KGM1S9P] [order-service] ERROR Order failed: 
2026-05-24T13:41:38.794Z [TXN-7KGM1S9P] [catalog-service] INFO Category=DC: 4 products
2026-05-24T13:41:39.818Z [TXN-7KGM1S9P] [order-service] INFO Calling catalog-service for productId=1
2026-05-24T13:41:39.829Z [TXN-7KGM1S9P] [catalog-service] INFO Product fetched: Batman Figure
2026-05-24T13:41:39.841Z [TXN-7KGM1S9P] [order-service] INFO Order created: orderId=616, product=Batman Figure, amount=24.99
2026-05-24T13:41:39.843Z [TXN-7KGM1S9P] [order-service] INFO Calling notification-service for orderId=616
2026-05-24T13:41:39.856Z [TXN-7KGM1S9P] [order-service] ERROR Order failed: 
2026-05-24T13:41:40.005Z [TXN-7KGM1S9P] [order-service] INFO Calling catalog-service for productId=1
2026-05-24T13:41:40.018Z [TXN-7KGM1S9P] [catalog-service] INFO Product fetched: Batman Figure
2026-05-24T13:41:40.027Z [TXN-7KGM1S9P] [order-service] INFO Order created: orderId=617, product=Batman Figure, amount=24.99
2026-05-24T13:41:40.032Z [TXN-7KGM1S9P] [order-service] INFO Calling notification-service for orderId=617
2026-05-24T13:41:40.049Z [TXN-7KGM1S9P] [order-service] ERROR Order failed: 
2026-05-24T13:41:40.179Z [TXN-7KGM1S9P] [order-service] INFO Calling catalog-service for productId=1
2026-05-24T13:41:40.188Z [TXN-7KGM1S9P] [catalog-service] INFO Product fetched: Batman Figure
2026-05-24T13:41:40.205Z [TXN-7KGM1S9P] [order-service] INFO Order created: orderId=618, product=Batman Figure, amount=24.99
2026-05-24T13:41:40.206Z [TXN-7KGM1S9P] [order-service] INFO Calling notification-service for orderId=618
2026-05-24T13:41:40.219Z [TXN-7KGM1S9P] [order-service] ERROR Order failed: 
2026-05-24T13:41:40.364Z [TXN-7KGM1S9P] [order-service] INFO Calling catalog-service for productId=1
2026-05-24T13:41:40.373Z [TXN-7KGM1S9P] [catalog-service] INFO Product fetched: Batman Figure
2026-05-24T13:41:40.390Z [TXN-7KGM1S9P] [order-service] INFO Order created: orderId=619, product=Batman Figure, amount=24.99
2026-05-24T13:41:40.391Z [TXN-7KGM1S9P] [order-service] INFO Calling notification-service for orderId=619
2026-05-24T13:41:40.405Z [TXN-7KGM1S9P] [order-service] ERROR Order failed: 
2026-05-24T13:41:40.534Z [TXN-7KGM1S9P] [order-service] INFO Calling catalog-service for productId=1
2026-05-24T13:41:40.540Z [TXN-7KGM1S9P] [catalog-service] INFO Product fetched: Batman Figure
2026-05-24T13:41:40.555Z [TXN-7KGM1S9P] [order-service] INFO Order created: orderId=620, product=Batman Figure, amount=24.99
2026-05-24T13:41:40.556Z [TXN-7KGM1S9P] [order-service] INFO Calling notification-service for orderId=620
2026-05-24T13:41:40.569Z [TXN-7KGM1S9P] [order-service] ERROR Order failed: 
2026-05-24T13:41:41.437Z [TXN-7KGM1S9P] [order-service] INFO Calling catalog-service for productId=2
2026-05-24T13:41:41.449Z [TXN-7KGM1S9P] [catalog-service] INFO Product fetched: Superman T-Shirt
2026-05-24T13:41:41.459Z [TXN-7KGM1S9P] [order-service] INFO Order created: orderId=621, product=Superman T-Shirt, amount=19.99
2026-05-24T13:41:41.462Z [TXN-7KGM1S9P] [order-service] INFO Calling notification-service for orderId=621
2026-05-24T13:41:41.472Z [TXN-7KGM1S9P] [order-service] ERROR Order failed: 
2026-05-24T13:41:41.626Z [TXN-7KGM1S9P] [order-service] INFO Calling catalog-service for productId=2
2026-05-24T13:41:41.636Z [TXN-7KGM1S9P] [catalog-service] INFO Product fetched: Superman T-Shirt
2026-05-24T13:41:41.648Z [TXN-7KGM1S9P] [order-service] INFO Order created: orderId=622, product=Superman T-Shirt, amount=19.99
2026-05-24T13:41:41.650Z [TXN-7KGM1S9P] [order-service] INFO Calling notification-service for orderId=622
2026-05-24T13:41:41.658Z [TXN-7KGM1S9P] [order-service] ERROR Order failed: 
2026-05-24T13:41:41.825Z [TXN-7KGM1S9P] [order-service] INFO Calling catalog-service for productId=2
2026-05-24T13:41:41.836Z [TXN-7KGM1S9P] [catalog-service] INFO Product fetched: Superman T-Shirt
2026-05-24T13:41:41.849Z [TXN-7KGM1S9P] [order-service] INFO Order created: orderId=623, product=Superman T-Shirt, amount=19.99
2026-05-24T13:41:41.851Z [TXN-7KGM1S9P] [order-service] INFO Calling notification-service for orderId=623
2026-05-24T13:41:41.857Z [TXN-7KGM1S9P] [order-service] ERROR Order failed: 
2026-05-24T13:41:42.009Z [TXN-7KGM1S9P] [order-service] INFO Calling catalog-service for productId=2
2026-05-24T13:41:42.019Z [TXN-7KGM1S9P] [catalog-service] INFO Product fetched: Superman T-Shirt
2026-05-24T13:41:42.032Z [TXN-7KGM1S9P] [order-service] INFO Order created: orderId=624, product=Superman T-Shirt, amount=19.99
2026-05-24T13:41:42.034Z [TXN-7KGM1S9P] [order-service] INFO Calling notification-service for orderId=624
2026-05-24T13:41:42.041Z [TXN-7KGM1S9P] [order-service] ERROR Order failed: 
2026-05-24T13:41:42.171Z [TXN-7KGM1S9P] [order-service] INFO Calling catalog-service for productId=2
2026-05-24T13:41:42.183Z [TXN-7KGM1S9P] [catalog-service] INFO Product fetched: Superman T-Shirt
2026-05-24T13:41:42.191Z [TXN-7KGM1S9P] [order-service] INFO Order created: orderId=625, product=Superman T-Shirt, amount=19.99
2026-05-24T13:41:42.192Z [TXN-7KGM1S9P] [order-service] INFO Calling notification-service for orderId=625
2026-05-24T13:41:42.205Z [TXN-7KGM1S9P] [order-service] ERROR Order failed: 
2026-05-24T13:41:42.355Z [TXN-7KGM1S9P] [order-service] INFO Calling catalog-service for productId=2
2026-05-24T13:41:42.366Z [TXN-7KGM1S9P] [catalog-service] INFO Product fetched: Superman T-Shirt
2026-05-24T13:41:42.376Z [TXN-7KGM1S9P] [order-service] INFO Order created: orderId=626, product=Superman T-Shirt, amount=19.99
2026-05-24T13:41:42.380Z [TXN-7KGM1S9P] [order-service] INFO Calling notification-service for orderId=626
2026-05-24T13:41:42.392Z [TXN-7KGM1S9P] [order-service] ERROR Order failed: 
2026-05-24T13:41:43.038Z [TXN-7KGM1S9P] [order-service] INFO Calling catalog-service for productId=3
2026-05-24T13:41:43.050Z [TXN-7KGM1S9P] [catalog-service] INFO Product fetched: Flash Toy
2026-05-24T13:41:43.063Z [TXN-7KGM1S9P] [order-service] INFO Order created: orderId=627, product=Flash Toy, amount=14.99
2026-05-24T13:41:43.067Z [TXN-7KGM1S9P] [order-service] INFO Calling notification-service for orderId=627
2026-05-24T13:41:43.075Z [TXN-7KGM1S9P] [order-service] ERROR Order failed: 
2026-05-24T13:41:43.236Z [TXN-7KGM1S9P] [order-service] INFO Calling catalog-service for productId=3
2026-05-24T13:41:43.249Z [TXN-7KGM1S9P] [catalog-service] INFO Product fetched: Flash Toy
2026-05-24T13:41:43.261Z [TXN-7KGM1S9P] [order-service] INFO Order created: orderId=628, product=Flash Toy, amount=14.99
2026-05-24T13:41:43.266Z [TXN-7KGM1S9P] [order-service] INFO Calling notification-service for orderId=628
2026-05-24T13:41:43.273Z [TXN-7KGM1S9P] [order-service] ERROR Order failed: 
2026-05-24T13:41:43.422Z [TXN-7KGM1S9P] [order-service] INFO Calling catalog-service for productId=3
2026-05-24T13:41:43.433Z [TXN-7KGM1S9P] [catalog-service] INFO Product fetched: Flash Toy
2026-05-24T13:41:43.441Z [TXN-7KGM1S9P] [order-service] INFO Order created: orderId=629, product=Flash Toy, amount=14.99
2026-05-24T13:41:43.443Z [TXN-7KGM1S9P] [order-service] INFO Calling notification-service for orderId=629
2026-05-24T13:41:43.454Z [TXN-7KGM1S9P] [order-service] ERROR Order failed: 
2026-05-24T13:41:44.087Z [TXN-7KGM1S9P] [order-service] INFO Calling catalog-service for productId=4
2026-05-24T13:41:44.102Z [TXN-7KGM1S9P] [catalog-service] INFO Product fetched: Wonder Woman Poster
2026-05-24T13:41:44.133Z [TXN-7KGM1S9P] [order-service] INFO Order created: orderId=630, product=Wonder Woman Poster, amount=9.99
2026-05-24T13:41:44.135Z [TXN-7KGM1S9P] [order-service] INFO Calling notification-service for orderId=630
2026-05-24T13:41:44.145Z [TXN-7KGM1S9P] [order-service] ERROR Order failed: 
2026-05-24T13:41:44.286Z [TXN-7KGM1S9P] [order-service] INFO Calling catalog-service for productId=4
2026-05-24T13:41:44.299Z [TXN-7KGM1S9P] [catalog-service] INFO Product fetched: Wonder Woman Poster
2026-05-24T13:41:44.307Z [TXN-7KGM1S9P] [order-service] INFO Order created: orderId=631, product=Wonder Woman Poster, amount=9.99
2026-05-24T13:41:44.310Z [TXN-7KGM1S9P] [order-service] INFO Calling notification-service for orderId=631
2026-05-24T13:41:44.324Z [TXN-7KGM1S9P] [order-service] ERROR Order failed: 
2026-05-24T13:41:45.223Z [TXN-7KGM1S9P] [cart-service] INFO Added to cart: user=3, product=1
2026-05-24T13:41:45.748Z [TXN-7KGM1S9P] [cart-service] INFO Added to cart: user=3, product=2
2026-05-24T13:41:46.267Z [TXN-7KGM1S9P] [cart-service] INFO Added to cart: user=3, product=3
2026-05-24T13:41:46.865Z [TXN-7KGM1S9P] [cart-service] INFO Added to cart: user=3, product=4
2026-05-24T13:41:47.350Z [TXN-7KGM1S9P] [cart-service] INFO Added to cart: user=3, product=4
2026-05-24T13:41:48.319Z [TXN-7KGM1S9P] [cart-service] INFO Added to cart: user=3, product=3
2026-05-24T13:41:49.185Z [TXN-7KGM1S9P] [cart-service] INFO Added to cart: user=3, product=2
2026-05-24T13:41:49.767Z [TXN-7KGM1S9P] [cart-service] INFO Added to cart: user=3, product=1
2026-05-24T13:41:50.785Z [TXN-7KGM1S9P] [catalog-service] INFO Category=Marvel: 4 products
2026-05-24T13:41:51.719Z [TXN-7KGM1S9P] [cart-service] INFO Added to cart: user=3, product=5
2026-05-24T13:41:52.271Z [TXN-7KGM1S9P] [cart-service] INFO Added to cart: user=3, product=6
2026-05-24T13:41:52.915Z [TXN-7KGM1S9P] [cart-service] INFO Added to cart: user=3, product=7
2026-05-24T13:41:53.421Z [TXN-7KGM1S9P] [cart-service] INFO Added to cart: user=3, product=8
2026-05-24T13:41:54.558Z [TXN-7KGM1S9P] [cart-service] INFO Cart fetched: user=3, items=8
2026-05-24T13:41:56.300Z [TXN-7KGM1S9P] [order-service] INFO Calling catalog-service for productId=1
2026-05-24T13:41:56.315Z [TXN-7KGM1S9P] [catalog-service] INFO Product fetched: Batman Figure
2026-05-24T13:41:56.328Z [TXN-7KGM1S9P] [order-service] INFO Order created: orderId=632, product=Batman Figure, amount=24.99
2026-05-24T13:41:56.329Z [TXN-7KGM1S9P] [order-service] INFO Calling notification-service for orderId=632
2026-05-24T13:41:56.337Z [TXN-7KGM1S9P] [order-service] ERROR Order failed: 
2026-05-24T13:41:58.121Z [TXN-7KGM1S9P] [order-service] INFO Calling catalog-service for productId=1
2026-05-24T13:41:58.132Z [TXN-7KGM1S9P] [catalog-service] INFO Product fetched: Batman Figure
2026-05-24T13:41:58.141Z [TXN-7KGM1S9P] [order-service] INFO Order created: orderId=633, product=Batman Figure, amount=24.99
2026-05-24T13:41:58.142Z [TXN-7KGM1S9P] [order-service] INFO Calling notification-service for orderId=633
2026-05-24T13:41:58.151Z [TXN-7KGM1S9P] [order-service] ERROR Order failed: 
2026-05-24T13:41:58.705Z [TXN-7KGM1S9P] [order-service] INFO Calling catalog-service for productId=1
2026-05-24T13:41:58.718Z [TXN-7KGM1S9P] [catalog-service] INFO Product fetched: Batman Figure
2026-05-24T13:41:58.728Z [TXN-7KGM1S9P] [order-service] INFO Order created: orderId=634, product=Batman Figure, amount=24.99
2026-05-24T13:41:58.729Z [TXN-7KGM1S9P] [order-service] INFO Calling notification-service for orderId=634
2026-05-24T13:41:58.737Z [TXN-7KGM1S9P] [order-service] ERROR Order failed: 
2026-05-24T13:41:58.889Z [TXN-7KGM1S9P] [order-service] INFO Calling catalog-service for productId=1
2026-05-24T13:41:58.897Z [TXN-7KGM1S9P] [catalog-service] INFO Product fetched: Batman Figure
2026-05-24T13:41:58.907Z [TXN-7KGM1S9P] [order-service] INFO Order created: orderId=635, product=Batman Figure, amount=24.99
2026-05-24T13:41:58.908Z [TXN-7KGM1S9P] [order-service] INFO Calling notification-service for orderId=635
2026-05-24T13:41:58.916Z [TXN-7KGM1S9P] [order-service] ERROR Order failed: 
2026-05-24T13:41:59.232Z [TXN-7KGM1S9P] [order-service] INFO Calling catalog-service for productId=1
2026-05-24T13:41:59.240Z [TXN-7KGM1S9P] [catalog-service] INFO Product fetched: Batman Figure
2026-05-24T13:41:59.250Z [TXN-7KGM1S9P] [order-service] INFO Order created: orderId=636, product=Batman Figure, amount=24.99
2026-05-24T13:41:59.252Z [TXN-7KGM1S9P] [order-service] INFO Calling notification-service for orderId=636
2026-05-24T13:41:59.259Z [TXN-7KGM1S9P] [order-service] ERROR Order failed: 
2026-05-24T13:42:03.003Z [TXN-7KGM1S9P] [order-service] INFO Calling catalog-service for productId=1
2026-05-24T13:42:03.015Z [TXN-7KGM1S9P] [catalog-service] INFO Product fetched: Batman Figure
2026-05-24T13:42:03.025Z [TXN-7KGM1S9P] [order-service] INFO Order created: orderId=637, product=Batman Figure, amount=24.99
2026-05-24T13:42:03.030Z [TXN-7KGM1S9P] [order-service] INFO Calling notification-service for orderId=637
2026-05-24T13:42:03.037Z [TXN-7KGM1S9P] [order-service] ERROR Order failed: 
2026-05-24T13:42:03.224Z [TXN-7KGM1S9P] [order-service] INFO Calling catalog-service for productId=1
2026-05-24T13:42:03.235Z [TXN-7KGM1S9P] [catalog-service] INFO Product fetched: Batman Figure
2026-05-24T13:42:03.245Z [TXN-7KGM1S9P] [order-service] INFO Order created: orderId=638, product=Batman Figure, amount=24.99
2026-05-24T13:42:03.247Z [TXN-7KGM1S9P] [order-service] INFO Calling notification-service for orderId=638
2026-05-24T13:42:03.254Z [TXN-7KGM1S9P] [order-service] ERROR Order failed: 
2026-05-24T13:42:03.416Z [TXN-7KGM1S9P] [order-service] INFO Calling catalog-service for productId=1
2026-05-24T13:42:03.429Z [TXN-7KGM1S9P] [catalog-service] INFO Product fetched: Batman Figure
2026-05-24T13:42:03.444Z [TXN-7KGM1S9P] [order-service] INFO Order created: orderId=639, product=Batman Figure, amount=24.99
2026-05-24T13:42:03.445Z [TXN-7KGM1S9P] [order-service] INFO Calling notification-service for orderId=639
2026-05-24T13:42:03.453Z [TXN-7KGM1S9P] [order-service] ERROR Order failed: 
2026-05-24T13:42:03.593Z [TXN-7KGM1S9P] [order-service] INFO Calling catalog-service for productId=1
2026-05-24T13:42:03.602Z [TXN-7KGM1S9P] [catalog-service] INFO Product fetched: Batman Figure
2026-05-24T13:42:03.613Z [TXN-7KGM1S9P] [order-service] INFO Order created: orderId=640, product=Batman Figure, amount=24.99
2026-05-24T13:42:03.615Z [TXN-7KGM1S9P] [order-service] INFO Calling notification-service for orderId=640
2026-05-24T13:42:03.620Z [TXN-7KGM1S9P] [order-service] ERROR Order failed: 
2026-05-24T13:42:03.730Z [TXN-7KGM1S9P] [order-service] INFO Calling catalog-service for productId=1
2026-05-24T13:42:03.738Z [TXN-7KGM1S9P] [catalog-service] INFO Product fetched: Batman Figure
2026-05-24T13:42:03.749Z [TXN-7KGM1S9P] [order-service] INFO Order created: orderId=641, product=Batman Figure, amount=24.99
2026-05-24T13:42:03.750Z [TXN-7KGM1S9P] [order-service] INFO Calling notification-service for orderId=641
2026-05-24T13:42:03.757Z [TXN-7KGM1S9P] [order-service] ERROR Order failed: 
2026-05-24T13:42:05.512Z [TXN-7KGM1S9P] [cart-service] INFO Cart item removed: cartId=40
2026-05-24T13:42:05.525Z [TXN-7KGM1S9P] [cart-service] INFO Cart fetched: user=3, items=7
2026-05-24T13:42:06.066Z [TXN-7KGM1S9P] [cart-service] INFO Cart item removed: cartId=41
2026-05-24T13:42:06.076Z [TXN-7KGM1S9P] [cart-service] INFO Cart fetched: user=3, items=6
2026-05-24T13:42:06.346Z [TXN-7KGM1S9P] [cart-service] INFO Cart item removed: cartId=42
2026-05-24T13:42:06.359Z [TXN-7KGM1S9P] [cart-service] INFO Cart fetched: user=3, items=5
2026-05-24T13:42:06.548Z [TXN-7KGM1S9P] [cart-service] INFO Cart item removed: cartId=43
2026-05-24T13:42:06.559Z [TXN-7KGM1S9P] [cart-service] INFO Cart fetched: user=3, items=4
2026-05-24T13:42:06.754Z [TXN-7KGM1S9P] [cart-service] INFO Cart item removed: cartId=44
2026-05-24T13:42:06.765Z [TXN-7KGM1S9P] [cart-service] INFO Cart fetched: user=3, items=3
2026-05-24T13:42:07.002Z [TXN-7KGM1S9P] [cart-service] INFO Cart item removed: cartId=45
2026-05-24T13:42:07.013Z [TXN-7KGM1S9P] [cart-service] INFO Cart fetched: user=3, items=2
2026-05-24T13:42:07.312Z [TXN-7KGM1S9P] [cart-service] INFO Cart item removed: cartId=46
2026-05-24T13:42:07.326Z [TXN-7KGM1S9P] [cart-service] INFO Cart fetched: user=3, items=1
2026-05-24T13:42:07.705Z [TXN-7KGM1S9P] [cart-service] INFO Cart item removed: cartId=47
2026-05-24T13:42:07.714Z [TXN-7KGM1S9P] [cart-service] INFO Cart fetched: user=3, items=0
2026-05-24T13:42:10.771Z [TXN-7KGM1S9P] [catalog-service] INFO Category=DC: 4 products
2026-05-24T13:42:11.896Z [TXN-7KGM1S9P] [order-service] INFO Calling catalog-service for productId=1
2026-05-24T13:42:11.907Z [TXN-7KGM1S9P] [catalog-service] INFO Product fetched: Batman Figure
2026-05-24T13:42:11.925Z [TXN-7KGM1S9P] [order-service] INFO Order created: orderId=642, product=Batman Figure, amount=24.99
2026-05-24T13:42:11.929Z [TXN-7KGM1S9P] [order-service] INFO Calling notification-service for orderId=642
2026-05-24T13:42:11.939Z [TXN-7KGM1S9P] [order-service] ERROR Order failed: 
2026-05-24T13:42:12.589Z [TXN-7KGM1S9P] [order-service] INFO Calling catalog-service for productId=2
2026-05-24T13:42:12.601Z [TXN-7KGM1S9P] [catalog-service] INFO Product fetched: Superman T-Shirt
2026-05-24T13:42:12.631Z [TXN-7KGM1S9P] [order-service] INFO Order created: orderId=643, product=Superman T-Shirt, amount=19.99
2026-05-24T13:42:12.632Z [TXN-7KGM1S9P] [order-service] INFO Calling notification-service for orderId=643
2026-05-24T13:42:12.644Z [TXN-7KGM1S9P] [order-service] ERROR Order failed: 
2026-05-24T13:42:13.383Z [TXN-7KGM1S9P] [order-service] INFO Calling catalog-service for productId=3
2026-05-24T13:42:13.394Z [TXN-7KGM1S9P] [catalog-service] INFO Product fetched: Flash Toy
2026-05-24T13:42:13.407Z [TXN-7KGM1S9P] [order-service] INFO Order created: orderId=644, product=Flash Toy, amount=14.99
2026-05-24T13:42:13.410Z [TXN-7KGM1S9P] [order-service] INFO Calling notification-service for orderId=644
2026-05-24T13:42:13.422Z [TXN-7KGM1S9P] [order-service] ERROR Order failed: 
2026-05-24T13:42:14.289Z [TXN-7KGM1S9P] [order-service] INFO Calling catalog-service for productId=4
2026-05-24T13:42:14.301Z [TXN-7KGM1S9P] [catalog-service] INFO Product fetched: Wonder Woman Poster
2026-05-24T13:42:14.328Z [TXN-7KGM1S9P] [order-service] INFO Order created: orderId=645, product=Wonder Woman Poster, amount=9.99
2026-05-24T13:42:14.331Z [TXN-7KGM1S9P] [order-service] INFO Calling notification-service for orderId=645
2026-05-24T13:42:14.340Z [TXN-7KGM1S9P] [order-service] ERROR Order failed: 
2026-05-24T13:44:25.251Z [TXN-7KGM1S9P] [order-service] INFO Calling catalog-service for productId=1
2026-05-24T13:44:25.265Z [TXN-7KGM1S9P] [catalog-service] INFO Product fetched: Batman Figure
2026-05-24T13:44:25.287Z [TXN-7KGM1S9P] [order-service] INFO Order created: orderId=646, product=Batman Figure, amount=24.99
2026-05-24T13:44:25.288Z [TXN-7KGM1S9P] [order-service] INFO Calling notification-service for orderId=646
2026-05-24T13:44:25.304Z [TXN-7KGM1S9P] [order-service] ERROR Order failed: 
2026-05-24T13:44:26.069Z [TXN-7KGM1S9P] [order-service] INFO Calling catalog-service for productId=2
2026-05-24T13:44:26.078Z [TXN-7KGM1S9P] [catalog-service] INFO Product fetched: Superman T-Shirt
2026-05-24T13:44:26.097Z [TXN-7KGM1S9P] [order-service] INFO Order created: orderId=647, product=Superman T-Shirt, amount=19.99
2026-05-24T13:44:26.099Z [TXN-7KGM1S9P] [order-service] INFO Calling notification-service for orderId=647
2026-05-24T13:44:26.105Z [TXN-7KGM1S9P] [order-service] ERROR Order failed: 
2026-05-24T13:44:27.031Z [TXN-7KGM1S9P] [order-service] INFO Calling catalog-service for productId=3
2026-05-24T13:44:27.048Z [TXN-7KGM1S9P] [catalog-service] INFO Product fetched: Flash Toy
2026-05-24T13:44:27.071Z [TXN-7KGM1S9P] [order-service] INFO Order created: orderId=648, product=Flash Toy, amount=14.99
2026-05-24T13:44:27.075Z [TXN-7KGM1S9P] [order-service] INFO Calling notification-service for orderId=648
2026-05-24T13:44:27.093Z [TXN-7KGM1S9P] [order-service] ERROR Order failed: 
2026-05-24T13:44:27.598Z [TXN-7KGM1S9P] [order-service] INFO Calling catalog-service for productId=4
2026-05-24T13:44:27.611Z [TXN-7KGM1S9P] [catalog-service] INFO Product fetched: Wonder Woman Poster
2026-05-24T13:44:27.630Z [TXN-7KGM1S9P] [order-service] INFO Order created: orderId=649, product=Wonder Woman Poster, amount=9.99
2026-05-24T13:44:27.632Z [TXN-7KGM1S9P] [order-service] INFO Calling notification-service for orderId=649
2026-05-24T13:44:27.649Z [TXN-7KGM1S9P] [order-service] ERROR Order failed: 
2026-05-24T13:44:27.979Z [TXN-7KGM1S9P] [order-service] INFO Calling catalog-service for productId=4
2026-05-24T13:44:27.982Z [TXN-7KGM1S9P] [catalog-service] INFO Product fetched: Wonder Woman Poster
2026-05-24T13:44:28.021Z [TXN-7KGM1S9P] [order-service] INFO Order created: orderId=650, product=Wonder Woman Poster, amount=9.99
2026-05-24T13:44:28.025Z [TXN-7KGM1S9P] [order-service] INFO Calling notification-service for orderId=650
2026-05-24T13:44:28.043Z [TXN-7KGM1S9P] [order-service] ERROR Order failed: 
2026-05-24T13:44:28.689Z [TXN-7KGM1S9P] [order-service] INFO Calling catalog-service for productId=3
2026-05-24T13:44:28.698Z [TXN-7KGM1S9P] [catalog-service] INFO Product fetched: Flash Toy
2026-05-24T13:44:28.719Z [TXN-7KGM1S9P] [order-service] INFO Order created: orderId=651, product=Flash Toy, amount=14.99
2026-05-24T13:44:28.720Z [TXN-7KGM1S9P] [order-service] INFO Calling notification-service for orderId=651
2026-05-24T13:44:28.735Z [TXN-7KGM1S9P] [order-service] ERROR Order failed: 
2026-05-24T13:44:29.302Z [TXN-7KGM1S9P] [order-service] INFO Calling catalog-service for productId=2
2026-05-24T13:44:29.310Z [TXN-7KGM1S9P] [catalog-service] INFO Product fetched: Superman T-Shirt
2026-05-24T13:44:29.328Z [TXN-7KGM1S9P] [order-service] INFO Order created: orderId=652, product=Superman T-Shirt, amount=19.99
2026-05-24T13:44:29.332Z [TXN-7KGM1S9P] [order-service] INFO Calling notification-service for orderId=652
2026-05-24T13:44:29.340Z [TXN-7KGM1S9P] [order-service] ERROR Order failed: 
2026-05-24T13:44:30.119Z [TXN-7KGM1S9P] [order-service] INFO Calling catalog-service for productId=1
2026-05-24T13:44:30.125Z [TXN-7KGM1S9P] [catalog-service] INFO Product fetched: Batman Figure
2026-05-24T13:44:30.138Z [TXN-7KGM1S9P] [order-service] INFO Order created: orderId=653, product=Batman Figure, amount=24.99
2026-05-24T13:44:30.143Z [TXN-7KGM1S9P] [order-service] INFO Calling notification-service for orderId=653
2026-05-24T13:44:30.152Z [TXN-7KGM1S9P] [order-service] ERROR Order failed: 
2026-05-24T13:44:30.336Z [TXN-7KGM1S9P] [order-service] INFO Calling catalog-service for productId=1
2026-05-24T13:44:30.343Z [TXN-7KGM1S9P] [catalog-service] INFO Product fetched: Batman Figure
2026-05-24T13:44:30.361Z [TXN-7KGM1S9P] [order-service] INFO Order created: orderId=654, product=Batman Figure, amount=24.99
2026-05-24T13:44:30.364Z [TXN-7KGM1S9P] [order-service] INFO Calling notification-service for orderId=654
2026-05-24T13:44:30.373Z [TXN-7KGM1S9P] [order-service] ERROR Order failed: 
2026-05-24T13:44:30.503Z [TXN-7KGM1S9P] [order-service] INFO Calling catalog-service for productId=1
2026-05-24T13:44:30.511Z [TXN-7KGM1S9P] [catalog-service] INFO Product fetched: Batman Figure
2026-05-24T13:44:30.524Z [TXN-7KGM1S9P] [order-service] INFO Order created: orderId=655, product=Batman Figure, amount=24.99
2026-05-24T13:44:30.528Z [TXN-7KGM1S9P] [order-service] INFO Calling notification-service for orderId=655
2026-05-24T13:44:30.537Z [TXN-7KGM1S9P] [order-service] ERROR Order failed: 
2026-05-24T13:44:30.687Z [TXN-7KGM1S9P] [order-service] INFO Calling catalog-service for productId=1
2026-05-24T13:44:30.693Z [TXN-7KGM1S9P] [catalog-service] INFO Product fetched: Batman Figure
2026-05-24T13:44:30.710Z [TXN-7KGM1S9P] [order-service] INFO Order created: orderId=656, product=Batman Figure, amount=24.99
2026-05-24T13:44:30.713Z [TXN-7KGM1S9P] [order-service] INFO Calling notification-service for orderId=656
2026-05-24T13:44:30.720Z [TXN-7KGM1S9P] [order-service] ERROR Order failed: 
2026-05-24T13:44:31.489Z [TXN-7KGM1S9P] [order-service] INFO Calling catalog-service for productId=2
2026-05-24T13:44:31.495Z [TXN-7KGM1S9P] [catalog-service] INFO Product fetched: Superman T-Shirt
2026-05-24T13:44:31.532Z [TXN-7KGM1S9P] [order-service] INFO Order created: orderId=657, product=Superman T-Shirt, amount=19.99
2026-05-24T13:44:31.533Z [TXN-7KGM1S9P] [order-service] INFO Calling notification-service for orderId=657
2026-05-24T13:44:31.548Z [TXN-7KGM1S9P] [order-service] ERROR Order failed: 
2026-05-24T13:44:31.659Z [TXN-7KGM1S9P] [order-service] INFO Calling catalog-service for productId=2
2026-05-24T13:44:31.667Z [TXN-7KGM1S9P] [catalog-service] INFO Product fetched: Superman T-Shirt
2026-05-24T13:44:31.686Z [TXN-7KGM1S9P] [order-service] INFO Order created: orderId=658, product=Superman T-Shirt, amount=19.99
2026-05-24T13:44:31.687Z [TXN-7KGM1S9P] [order-service] INFO Calling notification-service for orderId=658
2026-05-24T13:44:31.701Z [TXN-7KGM1S9P] [order-service] ERROR Order failed: 
2026-05-24T13:44:31.842Z [TXN-7KGM1S9P] [order-service] INFO Calling catalog-service for productId=2
2026-05-24T13:44:31.849Z [TXN-7KGM1S9P] [catalog-service] INFO Product fetched: Superman T-Shirt
2026-05-24T13:44:31.869Z [TXN-7KGM1S9P] [order-service] INFO Order created: orderId=659, product=Superman T-Shirt, amount=19.99
2026-05-24T13:44:31.870Z [TXN-7KGM1S9P] [order-service] INFO Calling notification-service for orderId=659
2026-05-24T13:44:31.882Z [TXN-7KGM1S9P] [order-service] ERROR Order failed: 
2026-05-24T13:44:32.004Z [TXN-7KGM1S9P] [order-service] INFO Calling catalog-service for productId=2
2026-05-24T13:44:32.012Z [TXN-7KGM1S9P] [catalog-service] INFO Product fetched: Superman T-Shirt
2026-05-24T13:44:32.029Z [TXN-7KGM1S9P] [order-service] INFO Order created: orderId=660, product=Superman T-Shirt, amount=19.99
2026-05-24T13:44:32.032Z [TXN-7KGM1S9P] [order-service] INFO Calling notification-service for orderId=660
2026-05-24T13:44:32.038Z [TXN-7KGM1S9P] [order-service] ERROR Order failed: 
2026-05-24T13:44:32.169Z [TXN-7KGM1S9P] [order-service] INFO Calling catalog-service for productId=2
2026-05-24T13:44:32.177Z [TXN-7KGM1S9P] [catalog-service] INFO Product fetched: Superman T-Shirt
2026-05-24T13:44:32.193Z [TXN-7KGM1S9P] [order-service] INFO Order created: orderId=661, product=Superman T-Shirt, amount=19.99
2026-05-24T13:44:32.195Z [TXN-7KGM1S9P] [order-service] INFO Calling notification-service for orderId=661
2026-05-24T13:44:32.203Z [TXN-7KGM1S9P] [order-service] ERROR Order failed: 
2026-05-24T13:44:32.333Z [TXN-7KGM1S9P] [order-service] INFO Calling catalog-service for productId=2
2026-05-24T13:44:32.345Z [TXN-7KGM1S9P] [catalog-service] INFO Product fetched: Superman T-Shirt
2026-05-24T13:44:32.359Z [TXN-7KGM1S9P] [order-service] INFO Order created: orderId=662, product=Superman T-Shirt, amount=19.99
2026-05-24T13:44:32.362Z [TXN-7KGM1S9P] [order-service] INFO Calling notification-service for orderId=662
2026-05-24T13:44:32.370Z [TXN-7KGM1S9P] [order-service] ERROR Order failed: 
2026-05-24T13:44:32.504Z [TXN-7KGM1S9P] [order-service] INFO Calling catalog-service for productId=2
2026-05-24T13:44:32.512Z [TXN-7KGM1S9P] [catalog-service] INFO Product fetched: Superman T-Shirt
2026-05-24T13:44:32.530Z [TXN-7KGM1S9P] [order-service] INFO Order created: orderId=663, product=Superman T-Shirt, amount=19.99
2026-05-24T13:44:32.532Z [TXN-7KGM1S9P] [order-service] INFO Calling notification-service for orderId=663
2026-05-24T13:44:32.539Z [TXN-7KGM1S9P] [order-service] ERROR Order failed: 
2026-05-24T13:44:32.667Z [TXN-7KGM1S9P] [order-service] INFO Calling catalog-service for productId=2
2026-05-24T13:44:32.677Z [TXN-7KGM1S9P] [catalog-service] INFO Product fetched: Superman T-Shirt
2026-05-24T13:44:32.692Z [TXN-7KGM1S9P] [order-service] INFO Order created: orderId=664, product=Superman T-Shirt, amount=19.99
2026-05-24T13:44:32.696Z [TXN-7KGM1S9P] [order-service] INFO Calling notification-service for orderId=664
2026-05-24T13:44:32.721Z [TXN-7KGM1S9P] [order-service] ERROR Order failed: 
2026-05-24T13:44:33.350Z [TXN-7KGM1S9P] [order-service] INFO Calling catalog-service for productId=3
2026-05-24T13:44:33.362Z [TXN-7KGM1S9P] [catalog-service] INFO Product fetched: Flash Toy
2026-05-24T13:44:33.379Z [TXN-7KGM1S9P] [order-service] INFO Order created: orderId=665, product=Flash Toy, amount=14.99
2026-05-24T13:44:33.381Z [TXN-7KGM1S9P] [order-service] INFO Calling notification-service for orderId=665
2026-05-24T13:44:33.388Z [TXN-7KGM1S9P] [order-service] ERROR Order failed: 
2026-05-24T13:44:33.532Z [TXN-7KGM1S9P] [order-service] INFO Calling catalog-service for productId=3
2026-05-24T13:44:33.536Z [TXN-7KGM1S9P] [catalog-service] INFO Product fetched: Flash Toy
2026-05-24T13:44:33.553Z [TXN-7KGM1S9P] [order-service] INFO Order created: orderId=666, product=Flash Toy, amount=14.99
2026-05-24T13:44:33.555Z [TXN-7KGM1S9P] [order-service] INFO Calling notification-service for orderId=666
2026-05-24T13:44:33.568Z [TXN-7KGM1S9P] [order-service] ERROR Order failed: 
2026-05-24T13:44:33.705Z [TXN-7KGM1S9P] [order-service] INFO Calling catalog-service for productId=3
2026-05-24T13:44:33.711Z [TXN-7KGM1S9P] [catalog-service] INFO Product fetched: Flash Toy
2026-05-24T13:44:33.730Z [TXN-7KGM1S9P] [order-service] INFO Order created: orderId=667, product=Flash Toy, amount=14.99
2026-05-24T13:44:33.731Z [TXN-7KGM1S9P] [order-service] INFO Calling notification-service for orderId=667
2026-05-24T13:44:33.738Z [TXN-7KGM1S9P] [order-service] ERROR Order failed: 
2026-05-24T13:44:33.885Z [TXN-7KGM1S9P] [order-service] INFO Calling catalog-service for productId=3
2026-05-24T13:44:33.893Z [TXN-7KGM1S9P] [catalog-service] INFO Product fetched: Flash Toy
2026-05-24T13:44:33.909Z [TXN-7KGM1S9P] [order-service] INFO Order created: orderId=668, product=Flash Toy, amount=14.99
2026-05-24T13:44:33.911Z [TXN-7KGM1S9P] [order-service] INFO Calling notification-service for orderId=668
2026-05-24T13:44:33.919Z [TXN-7KGM1S9P] [order-service] ERROR Order failed: 
2026-05-24T13:44:34.056Z [TXN-7KGM1S9P] [order-service] INFO Calling catalog-service for productId=3
2026-05-24T13:44:34.066Z [TXN-7KGM1S9P] [catalog-service] INFO Product fetched: Flash Toy
2026-05-24T13:44:34.104Z [TXN-7KGM1S9P] [order-service] INFO Order created: orderId=669, product=Flash Toy, amount=14.99
2026-05-24T13:44:34.107Z [TXN-7KGM1S9P] [order-service] INFO Calling notification-service for orderId=669
2026-05-24T13:44:34.121Z [TXN-7KGM1S9P] [order-service] ERROR Order failed: 
2026-05-24T13:44:34.243Z [TXN-7KGM1S9P] [order-service] INFO Calling catalog-service for productId=3
2026-05-24T13:44:34.249Z [TXN-7KGM1S9P] [catalog-service] INFO Product fetched: Flash Toy
2026-05-24T13:44:34.268Z [TXN-7KGM1S9P] [order-service] INFO Order created: orderId=670, product=Flash Toy, amount=14.99
2026-05-24T13:44:34.270Z [TXN-7KGM1S9P] [order-service] INFO Calling notification-service for orderId=670
2026-05-24T13:44:34.284Z [TXN-7KGM1S9P] [order-service] ERROR Order failed: 
2026-05-24T13:44:34.419Z [TXN-7KGM1S9P] [order-service] INFO Calling catalog-service for productId=3
2026-05-24T13:44:34.428Z [TXN-7KGM1S9P] [catalog-service] INFO Product fetched: Flash Toy
2026-05-24T13:44:34.445Z [TXN-7KGM1S9P] [order-service] INFO Order created: orderId=671, product=Flash Toy, amount=14.99
2026-05-24T13:44:34.448Z [TXN-7KGM1S9P] [order-service] INFO Calling notification-service for orderId=671
2026-05-24T13:44:34.455Z [TXN-7KGM1S9P] [order-service] ERROR Order failed: 
2026-05-24T13:44:34.585Z [TXN-7KGM1S9P] [order-service] INFO Calling catalog-service for productId=3
2026-05-24T13:44:34.595Z [TXN-7KGM1S9P] [catalog-service] INFO Product fetched: Flash Toy
2026-05-24T13:44:34.615Z [TXN-7KGM1S9P] [order-service] INFO Order created: orderId=672, product=Flash Toy, amount=14.99
2026-05-24T13:44:34.616Z [TXN-7KGM1S9P] [order-service] INFO Calling notification-service for orderId=672
2026-05-24T13:44:34.631Z [TXN-7KGM1S9P] [order-service] ERROR Order failed: 
2026-05-24T13:44:35.371Z [TXN-7KGM1S9P] [order-service] INFO Calling catalog-service for productId=4
2026-05-24T13:44:35.380Z [TXN-7KGM1S9P] [catalog-service] INFO Product fetched: Wonder Woman Poster
2026-05-24T13:44:35.414Z [TXN-7KGM1S9P] [order-service] INFO Order created: orderId=673, product=Wonder Woman Poster, amount=9.99
2026-05-24T13:44:35.416Z [TXN-7KGM1S9P] [order-service] INFO Calling notification-service for orderId=673
2026-05-24T13:44:35.435Z [TXN-7KGM1S9P] [order-service] ERROR Order failed: 
2026-05-24T13:44:35.570Z [TXN-7KGM1S9P] [order-service] INFO Calling catalog-service for productId=4
2026-05-24T13:44:35.579Z [TXN-7KGM1S9P] [catalog-service] INFO Product fetched: Wonder Woman Poster
2026-05-24T13:44:35.599Z [TXN-7KGM1S9P] [order-service] INFO Order created: orderId=674, product=Wonder Woman Poster, amount=9.99
2026-05-24T13:44:35.600Z [TXN-7KGM1S9P] [order-service] INFO Calling notification-service for orderId=674
2026-05-24T13:44:35.614Z [TXN-7KGM1S9P] [order-service] ERROR Order failed: 
2026-05-24T13:44:35.751Z [TXN-7KGM1S9P] [order-service] INFO Calling catalog-service for productId=4
2026-05-24T13:44:35.759Z [TXN-7KGM1S9P] [catalog-service] INFO Product fetched: Wonder Woman Poster
2026-05-24T13:44:35.777Z [TXN-7KGM1S9P] [order-service] INFO Order created: orderId=675, product=Wonder Woman Poster, amount=9.99
2026-05-24T13:44:35.778Z [TXN-7KGM1S9P] [order-service] INFO Calling notification-service for orderId=675
2026-05-24T13:44:35.789Z [TXN-7KGM1S9P] [order-service] ERROR Order failed: 
2026-05-24T13:44:35.934Z [TXN-7KGM1S9P] [order-service] INFO Calling catalog-service for productId=4
2026-05-24T13:44:35.942Z [TXN-7KGM1S9P] [catalog-service] INFO Product fetched: Wonder Woman Poster
2026-05-24T13:44:35.955Z [TXN-7KGM1S9P] [order-service] INFO Order created: orderId=676, product=Wonder Woman Poster, amount=9.99
2026-05-24T13:44:35.957Z [TXN-7KGM1S9P] [order-service] INFO Calling notification-service for orderId=676
2026-05-24T13:44:35.968Z [TXN-7KGM1S9P] [order-service] ERROR Order failed: 
2026-05-24T13:44:36.104Z [TXN-7KGM1S9P] [order-service] INFO Calling catalog-service for productId=4
2026-05-24T13:44:36.113Z [TXN-7KGM1S9P] [catalog-service] INFO Product fetched: Wonder Woman Poster
2026-05-24T13:44:36.129Z [TXN-7KGM1S9P] [order-service] INFO Order created: orderId=677, product=Wonder Woman Poster, amount=9.99
2026-05-24T13:44:36.130Z [TXN-7KGM1S9P] [order-service] INFO Calling notification-service for orderId=677
2026-05-24T13:44:36.138Z [TXN-7KGM1S9P] [order-service] ERROR Order failed: 
2026-05-24T13:44:36.304Z [TXN-7KGM1S9P] [order-service] INFO Calling catalog-service for productId=4
2026-05-24T13:44:36.310Z [TXN-7KGM1S9P] [catalog-service] INFO Product fetched: Wonder Woman Poster
2026-05-24T13:44:36.326Z [TXN-7KGM1S9P] [order-service] INFO Order created: orderId=678, product=Wonder Woman Poster, amount=9.99
2026-05-24T13:44:36.329Z [TXN-7KGM1S9P] [order-service] INFO Calling notification-service for orderId=678
2026-05-24T13:44:36.335Z [TXN-7KGM1S9P] [order-service] ERROR Order failed: 
2026-05-24T13:44:37.443Z [TXN-7KGM1S9P] [catalog-service] INFO Category=Marvel: 4 products
2026-05-24T13:44:38.505Z [TXN-7KGM1S9P] [order-service] INFO Calling catalog-service for productId=5
2026-05-24T13:44:38.514Z [TXN-7KGM1S9P] [catalog-service] INFO Product fetched: Iron Man Figure
2026-05-24T13:44:38.550Z [TXN-7KGM1S9P] [order-service] INFO Order created: orderId=679, product=Iron Man Figure, amount=29.99
2026-05-24T13:44:38.551Z [TXN-7KGM1S9P] [order-service] INFO Calling notification-service for orderId=679
2026-05-24T13:44:38.569Z [TXN-7KGM1S9P] [order-service] ERROR Order failed: 
2026-05-24T13:44:38.704Z [TXN-7KGM1S9P] [order-service] INFO Calling catalog-service for productId=5
2026-05-24T13:44:38.713Z [TXN-7KGM1S9P] [catalog-service] INFO Product fetched: Iron Man Figure
2026-05-24T13:44:38.731Z [TXN-7KGM1S9P] [order-service] INFO Order created: orderId=680, product=Iron Man Figure, amount=29.99
2026-05-24T13:44:38.733Z [TXN-7KGM1S9P] [order-service] INFO Calling notification-service for orderId=680
2026-05-24T13:44:38.748Z [TXN-7KGM1S9P] [order-service] ERROR Order failed: 
2026-05-24T13:44:38.871Z [TXN-7KGM1S9P] [order-service] INFO Calling catalog-service for productId=5
2026-05-24T13:44:38.881Z [TXN-7KGM1S9P] [catalog-service] INFO Product fetched: Iron Man Figure
2026-05-24T13:44:38.899Z [TXN-7KGM1S9P] [order-service] INFO Order created: orderId=681, product=Iron Man Figure, amount=29.99
2026-05-24T13:44:38.900Z [TXN-7KGM1S9P] [order-service] INFO Calling notification-service for orderId=681
2026-05-24T13:44:38.916Z [TXN-7KGM1S9P] [order-service] ERROR Order failed: 
2026-05-24T13:44:39.503Z [TXN-7KGM1S9P] [order-service] INFO Calling catalog-service for productId=6
2026-05-24T13:44:39.513Z [TXN-7KGM1S9P] [catalog-service] INFO Product fetched: Spider-Man Toy
2026-05-24T13:44:39.529Z [TXN-7KGM1S9P] [order-service] INFO Order created: orderId=682, product=Spider-Man Toy, amount=17.99
2026-05-24T13:44:39.531Z [TXN-7KGM1S9P] [order-service] INFO Calling notification-service for orderId=682
2026-05-24T13:44:39.539Z [TXN-7KGM1S9P] [order-service] ERROR Order failed: 
2026-05-24T13:44:39.684Z [TXN-7KGM1S9P] [order-service] INFO Calling catalog-service for productId=6
2026-05-24T13:44:39.691Z [TXN-7KGM1S9P] [catalog-service] INFO Product fetched: Spider-Man Toy
2026-05-24T13:44:39.703Z [TXN-7KGM1S9P] [order-service] INFO Order created: orderId=683, product=Spider-Man Toy, amount=17.99
2026-05-24T13:44:39.705Z [TXN-7KGM1S9P] [order-service] INFO Calling notification-service for orderId=683
2026-05-24T13:44:39.717Z [TXN-7KGM1S9P] [order-service] ERROR Order failed: 
2026-05-24T13:44:39.882Z [TXN-7KGM1S9P] [order-service] INFO Calling catalog-service for productId=6
2026-05-24T13:44:39.889Z [TXN-7KGM1S9P] [catalog-service] INFO Product fetched: Spider-Man Toy
2026-05-24T13:44:39.903Z [TXN-7KGM1S9P] [order-service] INFO Order created: orderId=684, product=Spider-Man Toy, amount=17.99
2026-05-24T13:44:39.904Z [TXN-7KGM1S9P] [order-service] INFO Calling notification-service for orderId=684
2026-05-24T13:44:39.915Z [TXN-7KGM1S9P] [order-service] ERROR Order failed: 
2026-05-24T13:44:40.067Z [TXN-7KGM1S9P] [order-service] INFO Calling catalog-service for productId=6
2026-05-24T13:44:40.077Z [TXN-7KGM1S9P] [catalog-service] INFO Product fetched: Spider-Man Toy
2026-05-24T13:44:40.093Z [TXN-7KGM1S9P] [order-service] INFO Order created: orderId=685, product=Spider-Man Toy, amount=17.99
2026-05-24T13:44:40.095Z [TXN-7KGM1S9P] [order-service] INFO Calling notification-service for orderId=685
2026-05-24T13:44:40.102Z [TXN-7KGM1S9P] [order-service] ERROR Order failed: 
2026-05-24T13:44:40.251Z [TXN-7KGM1S9P] [order-service] INFO Calling catalog-service for productId=6
2026-05-24T13:44:40.261Z [TXN-7KGM1S9P] [catalog-service] INFO Product fetched: Spider-Man Toy
2026-05-24T13:44:40.277Z [TXN-7KGM1S9P] [order-service] INFO Order created: orderId=686, product=Spider-Man Toy, amount=17.99
2026-05-24T13:44:40.279Z [TXN-7KGM1S9P] [order-service] INFO Calling notification-service for orderId=686
2026-05-24T13:44:40.287Z [TXN-7KGM1S9P] [order-service] ERROR Order failed: 
2026-05-24T13:44:40.432Z [TXN-7KGM1S9P] [order-service] INFO Calling catalog-service for productId=6
2026-05-24T13:44:40.435Z [TXN-7KGM1S9P] [catalog-service] INFO Product fetched: Spider-Man Toy
2026-05-24T13:44:40.455Z [TXN-7KGM1S9P] [order-service] INFO Order created: orderId=687, product=Spider-Man Toy, amount=17.99
2026-05-24T13:44:40.463Z [TXN-7KGM1S9P] [order-service] INFO Calling notification-service for orderId=687
2026-05-24T13:44:40.470Z [TXN-7KGM1S9P] [order-service] ERROR Order failed: 
2026-05-24T13:44:40.997Z [TXN-7KGM1S9P] [order-service] INFO Calling catalog-service for productId=7
2026-05-24T13:44:41.001Z [TXN-7KGM1S9P] [catalog-service] INFO Product fetched: Hulk Poster
2026-05-24T13:44:41.020Z [TXN-7KGM1S9P] [order-service] INFO Order created: orderId=688, product=Hulk Poster, amount=9.99
2026-05-24T13:44:41.021Z [TXN-7KGM1S9P] [order-service] INFO Calling notification-service for orderId=688
2026-05-24T13:44:41.035Z [TXN-7KGM1S9P] [order-service] ERROR Order failed: 
2026-05-24T13:44:41.199Z [TXN-7KGM1S9P] [order-service] INFO Calling catalog-service for productId=7
2026-05-24T13:44:41.205Z [TXN-7KGM1S9P] [catalog-service] INFO Product fetched: Hulk Poster
2026-05-24T13:44:41.220Z [TXN-7KGM1S9P] [order-service] INFO Order created: orderId=689, product=Hulk Poster, amount=9.99
2026-05-24T13:44:41.221Z [TXN-7KGM1S9P] [order-service] INFO Calling notification-service for orderId=689
2026-05-24T13:44:41.232Z [TXN-7KGM1S9P] [order-service] ERROR Order failed: 
2026-05-24T13:44:41.450Z [TXN-7KGM1S9P] [order-service] INFO Calling catalog-service for productId=7
2026-05-24T13:44:41.457Z [TXN-7KGM1S9P] [catalog-service] INFO Product fetched: Hulk Poster
2026-05-24T13:44:41.472Z [TXN-7KGM1S9P] [order-service] INFO Order created: orderId=690, product=Hulk Poster, amount=9.99
2026-05-24T13:44:41.479Z [TXN-7KGM1S9P] [order-service] INFO Calling notification-service for orderId=690
2026-05-24T13:44:41.488Z [TXN-7KGM1S9P] [order-service] ERROR Order failed: 
2026-05-24T13:44:41.634Z [TXN-7KGM1S9P] [order-service] INFO Calling catalog-service for productId=7
2026-05-24T13:44:41.645Z [TXN-7KGM1S9P] [catalog-service] INFO Product fetched: Hulk Poster
2026-05-24T13:44:41.664Z [TXN-7KGM1S9P] [order-service] INFO Order created: orderId=691, product=Hulk Poster, amount=9.99
2026-05-24T13:44:41.665Z [TXN-7KGM1S9P] [order-service] INFO Calling notification-service for orderId=691
2026-05-24T13:44:41.680Z [TXN-7KGM1S9P] [order-service] ERROR Order failed: 
2026-05-24T13:44:42.465Z [TXN-7KGM1S9P] [order-service] INFO Calling catalog-service for productId=8
2026-05-24T13:44:42.470Z [TXN-7KGM1S9P] [catalog-service] INFO Product fetched: Thor Hammer Replica
2026-05-24T13:44:42.483Z [TXN-7KGM1S9P] [order-service] INFO Order created: orderId=692, product=Thor Hammer Replica, amount=39.99
2026-05-24T13:44:42.484Z [TXN-7KGM1S9P] [order-service] INFO Calling notification-service for orderId=692
2026-05-24T13:44:42.498Z [TXN-7KGM1S9P] [order-service] ERROR Order failed: 
2026-05-24T13:44:42.666Z [TXN-7KGM1S9P] [order-service] INFO Calling catalog-service for productId=8
2026-05-24T13:44:42.672Z [TXN-7KGM1S9P] [catalog-service] INFO Product fetched: Thor Hammer Replica
2026-05-24T13:44:42.685Z [TXN-7KGM1S9P] [order-service] INFO Order created: orderId=693, product=Thor Hammer Replica, amount=39.99
2026-05-24T13:44:42.687Z [TXN-7KGM1S9P] [order-service] INFO Calling notification-service for orderId=693
2026-05-24T13:44:42.697Z [TXN-7KGM1S9P] [order-service] ERROR Order failed: 
2026-05-24T13:44:42.834Z [TXN-7KGM1S9P] [order-service] INFO Calling catalog-service for productId=8
2026-05-24T13:44:42.843Z [TXN-7KGM1S9P] [catalog-service] INFO Product fetched: Thor Hammer Replica
2026-05-24T13:44:42.856Z [TXN-7KGM1S9P] [order-service] INFO Order created: orderId=694, product=Thor Hammer Replica, amount=39.99
2026-05-24T13:44:42.860Z [TXN-7KGM1S9P] [order-service] INFO Calling notification-service for orderId=694
2026-05-24T13:44:42.868Z [TXN-7KGM1S9P] [order-service] ERROR Order failed: 
2026-05-24T13:44:43.012Z [TXN-7KGM1S9P] [order-service] INFO Calling catalog-service for productId=8
2026-05-24T13:44:43.015Z [TXN-7KGM1S9P] [catalog-service] INFO Product fetched: Thor Hammer Replica
2026-05-24T13:44:43.038Z [TXN-7KGM1S9P] [order-service] INFO Order created: orderId=695, product=Thor Hammer Replica, amount=39.99
2026-05-24T13:44:43.039Z [TXN-7KGM1S9P] [order-service] INFO Calling notification-service for orderId=695
2026-05-24T13:44:43.052Z [TXN-7KGM1S9P] [order-service] ERROR Order failed: 
2026-05-24T13:44:43.185Z [TXN-7KGM1S9P] [order-service] INFO Calling catalog-service for productId=8
2026-05-24T13:44:43.195Z [TXN-7KGM1S9P] [catalog-service] INFO Product fetched: Thor Hammer Replica
2026-05-24T13:44:43.212Z [TXN-7KGM1S9P] [order-service] INFO Order created: orderId=696, product=Thor Hammer Replica, amount=39.99
2026-05-24T13:44:43.213Z [TXN-7KGM1S9P] [order-service] INFO Calling notification-service for orderId=696
2026-05-24T13:44:43.222Z [TXN-7KGM1S9P] [order-service] ERROR Order failed: 
2026-05-24T13:44:43.352Z [TXN-7KGM1S9P] [order-service] INFO Calling catalog-service for productId=8
2026-05-24T13:44:43.360Z [TXN-7KGM1S9P] [catalog-service] INFO Product fetched: Thor Hammer Replica
2026-05-24T13:44:43.379Z [TXN-7KGM1S9P] [order-service] INFO Order created: orderId=697, product=Thor Hammer Replica, amount=39.99
2026-05-24T13:44:43.381Z [TXN-7KGM1S9P] [order-service] INFO Calling notification-service for orderId=697
2026-05-24T13:44:43.396Z [TXN-7KGM1S9P] [order-service] ERROR Order failed: 
2026-05-24T13:44:44.216Z [TXN-7KGM1S9P] [order-service] INFO Calling catalog-service for productId=7
2026-05-24T13:44:44.222Z [TXN-7KGM1S9P] [catalog-service] INFO Product fetched: Hulk Poster
2026-05-24T13:44:44.236Z [TXN-7KGM1S9P] [order-service] INFO Order created: orderId=698, product=Hulk Poster, amount=9.99
2026-05-24T13:44:44.237Z [TXN-7KGM1S9P] [order-service] INFO Calling notification-service for orderId=698
2026-05-24T13:44:44.249Z [TXN-7KGM1S9P] [order-service] ERROR Order failed: 
2026-05-24T13:44:44.433Z [TXN-7KGM1S9P] [order-service] INFO Calling catalog-service for productId=7
2026-05-24T13:44:44.440Z [TXN-7KGM1S9P] [catalog-service] INFO Product fetched: Hulk Poster
2026-05-24T13:44:44.453Z [TXN-7KGM1S9P] [order-service] INFO Order created: orderId=699, product=Hulk Poster, amount=9.99
2026-05-24T13:44:44.454Z [TXN-7KGM1S9P] [order-service] INFO Calling notification-service for orderId=699
2026-05-24T13:44:44.468Z [TXN-7KGM1S9P] [order-service] ERROR Order failed: 
2026-05-24T13:44:44.627Z [TXN-7KGM1S9P] [order-service] INFO Calling catalog-service for productId=7
2026-05-24T13:44:44.632Z [TXN-7KGM1S9P] [catalog-service] INFO Product fetched: Hulk Poster
2026-05-24T13:44:44.651Z [TXN-7KGM1S9P] [order-service] INFO Order created: orderId=700, product=Hulk Poster, amount=9.99
2026-05-24T13:44:44.652Z [TXN-7KGM1S9P] [order-service] INFO Calling notification-service for orderId=700
2026-05-24T13:44:44.664Z [TXN-7KGM1S9P] [order-service] ERROR Order failed: 
2026-05-24T13:44:44.814Z [TXN-7KGM1S9P] [order-service] INFO Calling catalog-service for productId=7
2026-05-24T13:44:44.818Z [TXN-7KGM1S9P] [catalog-service] INFO Product fetched: Hulk Poster
2026-05-24T13:44:44.836Z [TXN-7KGM1S9P] [order-service] INFO Order created: orderId=701, product=Hulk Poster, amount=9.99
2026-05-24T13:44:44.837Z [TXN-7KGM1S9P] [order-service] INFO Calling notification-service for orderId=701
2026-05-24T13:44:44.849Z [TXN-7KGM1S9P] [order-service] ERROR Order failed: 
2026-05-24T13:44:44.984Z [TXN-7KGM1S9P] [order-service] INFO Calling catalog-service for productId=7
2026-05-24T13:44:44.994Z [TXN-7KGM1S9P] [catalog-service] INFO Product fetched: Hulk Poster
2026-05-24T13:44:45.010Z [TXN-7KGM1S9P] [order-service] INFO Order created: orderId=702, product=Hulk Poster, amount=9.99
2026-05-24T13:44:45.013Z [TXN-7KGM1S9P] [order-service] INFO Calling notification-service for orderId=702
2026-05-24T13:44:45.020Z [TXN-7KGM1S9P] [order-service] ERROR Order failed: 
2026-05-24T13:44:45.743Z [TXN-7KGM1S9P] [order-service] INFO Calling catalog-service for productId=6
2026-05-24T13:44:45.746Z [TXN-7KGM1S9P] [catalog-service] INFO Product fetched: Spider-Man Toy
2026-05-24T13:44:45.764Z [TXN-7KGM1S9P] [order-service] INFO Order created: orderId=703, product=Spider-Man Toy, amount=17.99
2026-05-24T13:44:45.765Z [TXN-7KGM1S9P] [order-service] INFO Calling notification-service for orderId=703
2026-05-24T13:44:45.771Z [TXN-7KGM1S9P] [order-service] ERROR Order failed: 
2026-05-24T13:44:46.083Z [TXN-7KGM1S9P] [order-service] INFO Calling catalog-service for productId=6
2026-05-24T13:44:46.089Z [TXN-7KGM1S9P] [catalog-service] INFO Product fetched: Spider-Man Toy
2026-05-24T13:44:46.121Z [TXN-7KGM1S9P] [order-service] INFO Order created: orderId=704, product=Spider-Man Toy, amount=17.99
2026-05-24T13:44:46.122Z [TXN-7KGM1S9P] [order-service] INFO Calling notification-service for orderId=704
2026-05-24T13:44:46.136Z [TXN-7KGM1S9P] [order-service] ERROR Order failed: 
2026-05-24T13:44:46.269Z [TXN-7KGM1S9P] [order-service] INFO Calling catalog-service for productId=6
2026-05-24T13:44:46.278Z [TXN-7KGM1S9P] [catalog-service] INFO Product fetched: Spider-Man Toy
2026-05-24T13:44:46.302Z [TXN-7KGM1S9P] [order-service] INFO Order created: orderId=705, product=Spider-Man Toy, amount=17.99
2026-05-24T13:44:46.305Z [TXN-7KGM1S9P] [order-service] INFO Calling notification-service for orderId=705
2026-05-24T13:44:46.318Z [TXN-7KGM1S9P] [order-service] ERROR Order failed: 
2026-05-24T13:44:46.433Z [TXN-7KGM1S9P] [order-service] INFO Calling catalog-service for productId=6
2026-05-24T13:44:46.444Z [TXN-7KGM1S9P] [catalog-service] INFO Product fetched: Spider-Man Toy
2026-05-24T13:44:46.462Z [TXN-7KGM1S9P] [order-service] INFO Order created: orderId=706, product=Spider-Man Toy, amount=17.99
2026-05-24T13:44:46.463Z [TXN-7KGM1S9P] [order-service] INFO Calling notification-service for orderId=706
2026-05-24T13:44:46.470Z [TXN-7KGM1S9P] [order-service] ERROR Order failed: 
2026-05-24T13:44:47.214Z [TXN-7KGM1S9P] [order-service] INFO Calling catalog-service for productId=5
2026-05-24T13:44:47.217Z [TXN-7KGM1S9P] [catalog-service] INFO Product fetched: Iron Man Figure
2026-05-24T13:44:47.262Z [TXN-7KGM1S9P] [order-service] INFO Order created: orderId=707, product=Iron Man Figure, amount=29.99
2026-05-24T13:44:47.265Z [TXN-7KGM1S9P] [order-service] INFO Calling notification-service for orderId=707
2026-05-24T13:44:47.280Z [TXN-7KGM1S9P] [order-service] ERROR Order failed: 
2026-05-24T13:44:47.388Z [TXN-7KGM1S9P] [order-service] INFO Calling catalog-service for productId=5
2026-05-24T13:44:47.398Z [TXN-7KGM1S9P] [catalog-service] INFO Product fetched: Iron Man Figure
2026-05-24T13:44:47.417Z [TXN-7KGM1S9P] [order-service] INFO Order created: orderId=708, product=Iron Man Figure, amount=29.99
2026-05-24T13:44:47.418Z [TXN-7KGM1S9P] [order-service] INFO Calling notification-service for orderId=708
2026-05-24T13:44:47.434Z [TXN-7KGM1S9P] [order-service] ERROR Order failed: 
2026-05-24T13:44:47.567Z [TXN-7KGM1S9P] [order-service] INFO Calling catalog-service for productId=5
2026-05-24T13:44:47.577Z [TXN-7KGM1S9P] [catalog-service] INFO Product fetched: Iron Man Figure
2026-05-24T13:44:47.589Z [TXN-7KGM1S9P] [order-service] INFO Order created: orderId=709, product=Iron Man Figure, amount=29.99
2026-05-24T13:44:47.592Z [TXN-7KGM1S9P] [order-service] INFO Calling notification-service for orderId=709
2026-05-24T13:44:47.602Z [TXN-7KGM1S9P] [order-service] ERROR Order failed: 
2026-05-24T13:44:48.775Z [TXN-7KGM1S9P] [catalog-service] INFO Category=DC: 4 products
2026-05-24T13:44:49.890Z [TXN-7KGM1S9P] [order-service] INFO Calling catalog-service for productId=1
2026-05-24T13:44:49.896Z [TXN-7KGM1S9P] [catalog-service] INFO Product fetched: Batman Figure
2026-05-24T13:44:49.913Z [TXN-7KGM1S9P] [order-service] INFO Order created: orderId=710, product=Batman Figure, amount=24.99
2026-05-24T13:44:49.914Z [TXN-7KGM1S9P] [order-service] INFO Calling notification-service for orderId=710
2026-05-24T13:44:49.920Z [TXN-7KGM1S9P] [order-service] ERROR Order failed: 
2026-05-24T13:44:50.084Z [TXN-7KGM1S9P] [order-service] INFO Calling catalog-service for productId=1
2026-05-24T13:44:50.094Z [TXN-7KGM1S9P] [catalog-service] INFO Product fetched: Batman Figure
2026-05-24T13:44:50.108Z [TXN-7KGM1S9P] [order-service] INFO Order created: orderId=711, product=Batman Figure, amount=24.99
2026-05-24T13:44:50.110Z [TXN-7KGM1S9P] [order-service] INFO Calling notification-service for orderId=711
2026-05-24T13:44:50.118Z [TXN-7KGM1S9P] [order-service] ERROR Order failed: 
2026-05-24T13:44:50.257Z [TXN-7KGM1S9P] [order-service] INFO Calling catalog-service for productId=1
2026-05-24T13:44:50.266Z [TXN-7KGM1S9P] [catalog-service] INFO Product fetched: Batman Figure
2026-05-24T13:44:50.285Z [TXN-7KGM1S9P] [order-service] INFO Order created: orderId=712, product=Batman Figure, amount=24.99
2026-05-24T13:44:50.287Z [TXN-7KGM1S9P] [order-service] INFO Calling notification-service for orderId=712
2026-05-24T13:44:50.301Z [TXN-7KGM1S9P] [order-service] ERROR Order failed: 
2026-05-24T13:44:50.429Z [TXN-7KGM1S9P] [order-service] INFO Calling catalog-service for productId=1
2026-05-24T13:44:50.433Z [TXN-7KGM1S9P] [catalog-service] INFO Product fetched: Batman Figure
2026-05-24T13:44:50.461Z [TXN-7KGM1S9P] [order-service] INFO Order created: orderId=713, product=Batman Figure, amount=24.99
2026-05-24T13:44:50.463Z [TXN-7KGM1S9P] [order-service] INFO Calling notification-service for orderId=713
2026-05-24T13:44:50.472Z [TXN-7KGM1S9P] [order-service] ERROR Order failed: 
2026-05-24T13:44:51.403Z [TXN-7KGM1S9P] [order-service] INFO Calling catalog-service for productId=2
2026-05-24T13:44:51.409Z [TXN-7KGM1S9P] [catalog-service] INFO Product fetched: Superman T-Shirt
2026-05-24T13:44:51.436Z [TXN-7KGM1S9P] [order-service] INFO Order created: orderId=714, product=Superman T-Shirt, amount=19.99
2026-05-24T13:44:51.439Z [TXN-7KGM1S9P] [order-service] INFO Calling notification-service for orderId=714
2026-05-24T13:44:51.453Z [TXN-7KGM1S9P] [order-service] ERROR Order failed: 
2026-05-24T13:44:51.581Z [TXN-7KGM1S9P] [order-service] INFO Calling catalog-service for productId=2
2026-05-24T13:44:51.584Z [TXN-7KGM1S9P] [catalog-service] INFO Product fetched: Superman T-Shirt
2026-05-24T13:44:51.605Z [TXN-7KGM1S9P] [order-service] INFO Order created: orderId=715, product=Superman T-Shirt, amount=19.99
2026-05-24T13:44:51.609Z [TXN-7KGM1S9P] [order-service] INFO Calling notification-service for orderId=715
2026-05-24T13:44:51.621Z [TXN-7KGM1S9P] [order-service] ERROR Order failed: 
2026-05-24T13:44:51.752Z [TXN-7KGM1S9P] [order-service] INFO Calling catalog-service for productId=2
2026-05-24T13:44:51.759Z [TXN-7KGM1S9P] [catalog-service] INFO Product fetched: Superman T-Shirt
2026-05-24T13:44:51.770Z [TXN-7KGM1S9P] [order-service] INFO Order created: orderId=716, product=Superman T-Shirt, amount=19.99
2026-05-24T13:44:51.771Z [TXN-7KGM1S9P] [order-service] INFO Calling notification-service for orderId=716
2026-05-24T13:44:51.782Z [TXN-7KGM1S9P] [order-service] ERROR Order failed: 
2026-05-24T13:44:51.920Z [TXN-7KGM1S9P] [order-service] INFO Calling catalog-service for productId=2
2026-05-24T13:44:51.927Z [TXN-7KGM1S9P] [catalog-service] INFO Product fetched: Superman T-Shirt
2026-05-24T13:44:51.943Z [TXN-7KGM1S9P] [order-service] INFO Order created: orderId=717, product=Superman T-Shirt, amount=19.99
2026-05-24T13:44:51.945Z [TXN-7KGM1S9P] [order-service] INFO Calling notification-service for orderId=717
2026-05-24T13:44:51.951Z [TXN-7KGM1S9P] [order-service] ERROR Order failed: 
2026-05-24T13:44:52.382Z [TXN-7KGM1S9P] [order-service] INFO Calling catalog-service for productId=3
2026-05-24T13:44:52.388Z [TXN-7KGM1S9P] [catalog-service] INFO Product fetched: Flash Toy
2026-05-24T13:44:52.407Z [TXN-7KGM1S9P] [order-service] INFO Order created: orderId=718, product=Flash Toy, amount=14.99
2026-05-24T13:44:52.410Z [TXN-7KGM1S9P] [order-service] INFO Calling notification-service for orderId=718
2026-05-24T13:44:52.420Z [TXN-7KGM1S9P] [order-service] ERROR Order failed: 
2026-05-24T13:44:52.567Z [TXN-7KGM1S9P] [order-service] INFO Calling catalog-service for productId=3
2026-05-24T13:44:52.577Z [TXN-7KGM1S9P] [catalog-service] INFO Product fetched: Flash Toy
2026-05-24T13:44:52.595Z [TXN-7KGM1S9P] [order-service] INFO Order created: orderId=719, product=Flash Toy, amount=14.99
2026-05-24T13:44:52.597Z [TXN-7KGM1S9P] [order-service] INFO Calling notification-service for orderId=719
2026-05-24T13:44:52.606Z [TXN-7KGM1S9P] [order-service] ERROR Order failed: 
2026-05-24T13:44:52.735Z [TXN-7KGM1S9P] [order-service] INFO Calling catalog-service for productId=3
2026-05-24T13:44:52.744Z [TXN-7KGM1S9P] [catalog-service] INFO Product fetched: Flash Toy
2026-05-24T13:44:52.761Z [TXN-7KGM1S9P] [order-service] INFO Order created: orderId=720, product=Flash Toy, amount=14.99
2026-05-24T13:44:52.762Z [TXN-7KGM1S9P] [order-service] INFO Calling notification-service for orderId=720
2026-05-24T13:44:52.770Z [TXN-7KGM1S9P] [order-service] ERROR Order failed: 
2026-05-24T13:44:53.335Z [TXN-7KGM1S9P] [order-service] INFO Calling catalog-service for productId=4
2026-05-24T13:44:53.343Z [TXN-7KGM1S9P] [catalog-service] INFO Product fetched: Wonder Woman Poster
2026-05-24T13:44:53.358Z [TXN-7KGM1S9P] [order-service] INFO Order created: orderId=721, product=Wonder Woman Poster, amount=9.99
2026-05-24T13:44:53.362Z [TXN-7KGM1S9P] [order-service] INFO Calling notification-service for orderId=721
2026-05-24T13:44:53.370Z [TXN-7KGM1S9P] [order-service] ERROR Order failed: 
2026-05-24T13:44:53.520Z [TXN-7KGM1S9P] [order-service] INFO Calling catalog-service for productId=4
2026-05-24T13:44:53.528Z [TXN-7KGM1S9P] [catalog-service] INFO Product fetched: Wonder Woman Poster
2026-05-24T13:44:53.545Z [TXN-7KGM1S9P] [order-service] INFO Order created: orderId=722, product=Wonder Woman Poster, amount=9.99
2026-05-24T13:44:53.547Z [TXN-7KGM1S9P] [order-service] INFO Calling notification-service for orderId=722
2026-05-24T13:44:53.555Z [TXN-7KGM1S9P] [order-service] ERROR Order failed: 
2026-05-24T13:44:53.705Z [TXN-7KGM1S9P] [order-service] INFO Calling catalog-service for productId=4
2026-05-24T13:44:53.712Z [TXN-7KGM1S9P] [catalog-service] INFO Product fetched: Wonder Woman Poster
2026-05-24T13:44:53.730Z [TXN-7KGM1S9P] [order-service] INFO Order created: orderId=723, product=Wonder Woman Poster, amount=9.99
2026-05-24T13:44:53.731Z [TXN-7KGM1S9P] [order-service] INFO Calling notification-service for orderId=723
2026-05-24T13:44:53.738Z [TXN-7KGM1S9P] [order-service] ERROR Order failed: 
2026-05-24T13:44:53.890Z [TXN-7KGM1S9P] [order-service] INFO Calling catalog-service for productId=4
2026-05-24T13:44:53.906Z [TXN-7KGM1S9P] [catalog-service] INFO Product fetched: Wonder Woman Poster
2026-05-24T13:44:53.923Z [TXN-7KGM1S9P] [order-service] INFO Order created: orderId=724, product=Wonder Woman Poster, amount=9.99
2026-05-24T13:44:53.931Z [TXN-7KGM1S9P] [order-service] INFO Calling notification-service for orderId=724
2026-05-24T13:44:53.943Z [TXN-7KGM1S9P] [order-service] ERROR Order failed: 
2026-05-24T13:45:57.595Z [TXN-7KGM1S9P] [order-service] INFO Calling catalog-service for productId=1
2026-05-24T13:45:57.616Z [TXN-7KGM1S9P] [catalog-service] INFO Product fetched: Batman Figure
2026-05-24T13:45:57.632Z [TXN-7KGM1S9P] [order-service] INFO Order created: orderId=725, product=Batman Figure, amount=24.99
2026-05-24T13:45:57.634Z [TXN-7KGM1S9P] [order-service] INFO Calling notification-service for orderId=725
2026-05-24T13:45:57.657Z [TXN-7KGM1S9P] [order-service] ERROR Order failed: 
2026-05-24T13:45:58.184Z [TXN-7KGM1S9P] [order-service] INFO Calling catalog-service for productId=2
2026-05-24T13:45:58.198Z [TXN-7KGM1S9P] [catalog-service] INFO Product fetched: Superman T-Shirt
2026-05-24T13:45:58.213Z [TXN-7KGM1S9P] [order-service] INFO Order created: orderId=726, product=Superman T-Shirt, amount=19.99
2026-05-24T13:45:58.214Z [TXN-7KGM1S9P] [order-service] INFO Calling notification-service for orderId=726
2026-05-24T13:45:58.220Z [TXN-7KGM1S9P] [order-service] ERROR Order failed: 
2026-05-24T13:45:58.884Z [TXN-7KGM1S9P] [order-service] INFO Calling catalog-service for productId=3
2026-05-24T13:45:58.897Z [TXN-7KGM1S9P] [catalog-service] INFO Product fetched: Flash Toy
2026-05-24T13:45:58.905Z [TXN-7KGM1S9P] [order-service] INFO Order created: orderId=727, product=Flash Toy, amount=14.99
2026-05-24T13:45:58.906Z [TXN-7KGM1S9P] [order-service] INFO Calling notification-service for orderId=727
2026-05-24T13:45:58.920Z [TXN-7KGM1S9P] [order-service] ERROR Order failed: 
2026-05-24T13:45:59.485Z [TXN-7KGM1S9P] [order-service] INFO Calling catalog-service for productId=4
2026-05-24T13:45:59.515Z [TXN-7KGM1S9P] [catalog-service] INFO Product fetched: Wonder Woman Poster
2026-05-24T13:45:59.524Z [TXN-7KGM1S9P] [order-service] INFO Order created: orderId=728, product=Wonder Woman Poster, amount=9.99
2026-05-24T13:45:59.529Z [TXN-7KGM1S9P] [order-service] INFO Calling notification-service for orderId=728
2026-05-24T13:45:59.537Z [TXN-7KGM1S9P] [order-service] ERROR Order failed: 
2026-05-24T13:45:59.656Z [TXN-7KGM1S9P] [order-service] INFO Calling catalog-service for productId=4
2026-05-24T13:45:59.669Z [TXN-7KGM1S9P] [catalog-service] INFO Product fetched: Wonder Woman Poster
2026-05-24T13:45:59.684Z [TXN-7KGM1S9P] [order-service] INFO Order created: orderId=729, product=Wonder Woman Poster, amount=9.99
2026-05-24T13:45:59.686Z [TXN-7KGM1S9P] [order-service] INFO Calling notification-service for orderId=729
2026-05-24T13:45:59.699Z [TXN-7KGM1S9P] [order-service] ERROR Order failed: 
2026-05-24T13:45:59.831Z [TXN-7KGM1S9P] [order-service] INFO Calling catalog-service for productId=4
2026-05-24T13:45:59.843Z [TXN-7KGM1S9P] [catalog-service] INFO Product fetched: Wonder Woman Poster
2026-05-24T13:45:59.854Z [TXN-7KGM1S9P] [order-service] INFO Order created: orderId=730, product=Wonder Woman Poster, amount=9.99
2026-05-24T13:45:59.861Z [TXN-7KGM1S9P] [order-service] INFO Calling notification-service for orderId=730
2026-05-24T13:45:59.885Z [TXN-7KGM1S9P] [order-service] ERROR Order failed: 
2026-05-24T13:46:00.000Z [TXN-7KGM1S9P] [order-service] INFO Calling catalog-service for productId=4
2026-05-24T13:46:00.016Z [TXN-7KGM1S9P] [catalog-service] INFO Product fetched: Wonder Woman Poster
2026-05-24T13:46:00.033Z [TXN-7KGM1S9P] [order-service] INFO Order created: orderId=731, product=Wonder Woman Poster, amount=9.99
2026-05-24T13:46:00.034Z [TXN-7KGM1S9P] [order-service] INFO Calling notification-service for orderId=731
2026-05-24T13:46:00.052Z [TXN-7KGM1S9P] [order-service] ERROR Order failed: 
2026-05-24T13:46:00.552Z [TXN-7KGM1S9P] [order-service] INFO Calling catalog-service for productId=3
2026-05-24T13:46:00.568Z [TXN-7KGM1S9P] [catalog-service] INFO Product fetched: Flash Toy
2026-05-24T13:46:00.583Z [TXN-7KGM1S9P] [order-service] INFO Order created: orderId=732, product=Flash Toy, amount=14.99
2026-05-24T13:46:00.584Z [TXN-7KGM1S9P] [order-service] INFO Calling notification-service for orderId=732
2026-05-24T13:46:00.600Z [TXN-7KGM1S9P] [order-service] ERROR Order failed: 
2026-05-24T13:46:00.734Z [TXN-7KGM1S9P] [order-service] INFO Calling catalog-service for productId=3
2026-05-24T13:46:00.750Z [TXN-7KGM1S9P] [catalog-service] INFO Product fetched: Flash Toy
2026-05-24T13:46:00.766Z [TXN-7KGM1S9P] [order-service] INFO Order created: orderId=733, product=Flash Toy, amount=14.99
2026-05-24T13:46:00.767Z [TXN-7KGM1S9P] [order-service] INFO Calling notification-service for orderId=733
2026-05-24T13:46:00.781Z [TXN-7KGM1S9P] [order-service] ERROR Order failed: 
2026-05-24T13:46:00.917Z [TXN-7KGM1S9P] [order-service] INFO Calling catalog-service for productId=3
2026-05-24T13:46:00.929Z [TXN-7KGM1S9P] [catalog-service] INFO Product fetched: Flash Toy
2026-05-24T13:46:00.938Z [TXN-7KGM1S9P] [order-service] INFO Order created: orderId=734, product=Flash Toy, amount=14.99
2026-05-24T13:46:00.941Z [TXN-7KGM1S9P] [order-service] INFO Calling notification-service for orderId=734
2026-05-24T13:46:00.953Z [TXN-7KGM1S9P] [order-service] ERROR Order failed: 
2026-05-24T13:46:01.432Z [TXN-7KGM1S9P] [order-service] INFO Calling catalog-service for productId=2
2026-05-24T13:46:01.452Z [TXN-7KGM1S9P] [catalog-service] INFO Product fetched: Superman T-Shirt
2026-05-24T13:46:01.463Z [TXN-7KGM1S9P] [order-service] INFO Order created: orderId=735, product=Superman T-Shirt, amount=19.99
2026-05-24T13:46:01.464Z [TXN-7KGM1S9P] [order-service] INFO Calling notification-service for orderId=735
2026-05-24T13:46:01.482Z [TXN-7KGM1S9P] [order-service] ERROR Order failed: 
2026-05-24T13:46:01.612Z [TXN-7KGM1S9P] [order-service] INFO Calling catalog-service for productId=2
2026-05-24T13:46:01.632Z [TXN-7KGM1S9P] [catalog-service] INFO Product fetched: Superman T-Shirt
2026-05-24T13:46:01.651Z [TXN-7KGM1S9P] [order-service] INFO Order created: orderId=736, product=Superman T-Shirt, amount=19.99
2026-05-24T13:46:01.652Z [TXN-7KGM1S9P] [order-service] INFO Calling notification-service for orderId=736
2026-05-24T13:46:01.675Z [TXN-7KGM1S9P] [order-service] ERROR Order failed: 
2026-05-24T13:46:01.785Z [TXN-7KGM1S9P] [order-service] INFO Calling catalog-service for productId=2
2026-05-24T13:46:01.800Z [TXN-7KGM1S9P] [catalog-service] INFO Product fetched: Superman T-Shirt
2026-05-24T13:46:01.815Z [TXN-7KGM1S9P] [order-service] INFO Order created: orderId=737, product=Superman T-Shirt, amount=19.99
2026-05-24T13:46:01.816Z [TXN-7KGM1S9P] [order-service] INFO Calling notification-service for orderId=737
2026-05-24T13:46:01.832Z [TXN-7KGM1S9P] [order-service] ERROR Order failed: 
2026-05-24T13:46:02.710Z [TXN-7KGM1S9P] [order-service] INFO Calling catalog-service for productId=1
2026-05-24T13:46:02.719Z [TXN-7KGM1S9P] [catalog-service] INFO Product fetched: Batman Figure
2026-05-24T13:46:02.734Z [TXN-7KGM1S9P] [order-service] INFO Order created: orderId=738, product=Batman Figure, amount=24.99
2026-05-24T13:46:02.735Z [TXN-7KGM1S9P] [order-service] INFO Calling notification-service for orderId=738
2026-05-24T13:46:02.750Z [TXN-7KGM1S9P] [order-service] ERROR Order failed: 
2026-05-24T13:46:02.903Z [TXN-7KGM1S9P] [order-service] INFO Calling catalog-service for productId=1
2026-05-24T13:46:02.915Z [TXN-7KGM1S9P] [catalog-service] INFO Product fetched: Batman Figure
2026-05-24T13:46:02.929Z [TXN-7KGM1S9P] [order-service] INFO Order created: orderId=739, product=Batman Figure, amount=24.99
2026-05-24T13:46:02.929Z [TXN-7KGM1S9P] [order-service] INFO Calling notification-service for orderId=739
2026-05-24T13:46:02.941Z [TXN-7KGM1S9P] [order-service] ERROR Order failed: 
2026-05-24T13:46:03.095Z [TXN-7KGM1S9P] [order-service] INFO Calling catalog-service for productId=1
2026-05-24T13:46:03.134Z [TXN-7KGM1S9P] [catalog-service] INFO Product fetched: Batman Figure
2026-05-24T13:46:03.159Z [TXN-7KGM1S9P] [order-service] INFO Order created: orderId=740, product=Batman Figure, amount=24.99
2026-05-24T13:46:03.163Z [TXN-7KGM1S9P] [order-service] INFO Calling notification-service for orderId=740
2026-05-24T13:46:03.178Z [TXN-7KGM1S9P] [order-service] ERROR Order failed: 
2026-05-24T13:46:03.279Z [TXN-7KGM1S9P] [order-service] INFO Calling catalog-service for productId=1
2026-05-24T13:46:03.295Z [TXN-7KGM1S9P] [catalog-service] INFO Product fetched: Batman Figure
2026-05-24T13:46:03.306Z [TXN-7KGM1S9P] [order-service] INFO Order created: orderId=741, product=Batman Figure, amount=24.99
2026-05-24T13:46:03.310Z [TXN-7KGM1S9P] [order-service] INFO Calling notification-service for orderId=741
2026-05-24T13:46:03.318Z [TXN-7KGM1S9P] [order-service] ERROR Order failed: 
2026-05-24T13:46:03.486Z [TXN-7KGM1S9P] [order-service] INFO Calling catalog-service for productId=1
2026-05-24T13:46:03.501Z [TXN-7KGM1S9P] [catalog-service] INFO Product fetched: Batman Figure
2026-05-24T13:46:03.516Z [TXN-7KGM1S9P] [order-service] INFO Order created: orderId=742, product=Batman Figure, amount=24.99
2026-05-24T13:46:03.518Z [TXN-7KGM1S9P] [order-service] INFO Calling notification-service for orderId=742
2026-05-24T13:46:03.546Z [TXN-7KGM1S9P] [order-service] ERROR Order failed: 
2026-05-24T13:46:03.702Z [TXN-7KGM1S9P] [order-service] INFO Calling catalog-service for productId=1
2026-05-24T13:46:03.714Z [TXN-7KGM1S9P] [catalog-service] INFO Product fetched: Batman Figure
2026-05-24T13:46:03.727Z [TXN-7KGM1S9P] [order-service] INFO Order created: orderId=743, product=Batman Figure, amount=24.99
2026-05-24T13:46:03.729Z [TXN-7KGM1S9P] [order-service] INFO Calling notification-service for orderId=743
2026-05-24T13:46:03.736Z [TXN-7KGM1S9P] [order-service] ERROR Order failed: 
2026-05-24T13:46:03.897Z [TXN-7KGM1S9P] [order-service] INFO Calling catalog-service for productId=1
2026-05-24T13:46:03.911Z [TXN-7KGM1S9P] [catalog-service] INFO Product fetched: Batman Figure
2026-05-24T13:46:03.918Z [TXN-7KGM1S9P] [order-service] INFO Order created: orderId=744, product=Batman Figure, amount=24.99
2026-05-24T13:46:03.921Z [TXN-7KGM1S9P] [order-service] INFO Calling notification-service for orderId=744
2026-05-24T13:46:03.931Z [TXN-7KGM1S9P] [order-service] ERROR Order failed: 
2026-05-24T13:46:37.120Z [TXN-7KGM1S9P] [order-service] INFO Calling catalog-service for productId=1
2026-05-24T13:46:37.135Z [TXN-7KGM1S9P] [catalog-service] INFO Product fetched: Batman Figure
2026-05-24T13:46:37.174Z [TXN-7KGM1S9P] [order-service] INFO Order created: orderId=745, product=Batman Figure, amount=24.99
2026-05-24T13:46:37.177Z [TXN-7KGM1S9P] [order-service] INFO Calling notification-service for orderId=745
2026-05-24T13:46:37.197Z [TXN-7KGM1S9P] [order-service] ERROR Order failed: 
2026-05-24T13:46:37.733Z [TXN-7KGM1S9P] [order-service] INFO Calling catalog-service for productId=2
2026-05-24T13:46:37.747Z [TXN-7KGM1S9P] [catalog-service] INFO Product fetched: Superman T-Shirt
2026-05-24T13:46:37.757Z [TXN-7KGM1S9P] [order-service] INFO Order created: orderId=746, product=Superman T-Shirt, amount=19.99
2026-05-24T13:46:37.761Z [TXN-7KGM1S9P] [order-service] INFO Calling notification-service for orderId=746
2026-05-24T13:46:37.769Z [TXN-7KGM1S9P] [order-service] ERROR Order failed: 
2026-05-24T13:46:38.287Z [TXN-7KGM1S9P] [order-service] INFO Calling catalog-service for productId=3
2026-05-24T13:46:38.301Z [TXN-7KGM1S9P] [catalog-service] INFO Product fetched: Flash Toy
2026-05-24T13:46:38.332Z [TXN-7KGM1S9P] [order-service] INFO Order created: orderId=747, product=Flash Toy, amount=14.99
2026-05-24T13:46:38.333Z [TXN-7KGM1S9P] [order-service] INFO Calling notification-service for orderId=747
2026-05-24T13:46:38.346Z [TXN-7KGM1S9P] [order-service] ERROR Order failed: 
2026-05-24T13:46:38.931Z [TXN-7KGM1S9P] [order-service] INFO Calling catalog-service for productId=4
2026-05-24T13:46:38.942Z [TXN-7KGM1S9P] [catalog-service] INFO Product fetched: Wonder Woman Poster
2026-05-24T13:46:38.969Z [TXN-7KGM1S9P] [order-service] INFO Order created: orderId=748, product=Wonder Woman Poster, amount=9.99
2026-05-24T13:46:38.973Z [TXN-7KGM1S9P] [order-service] INFO Calling notification-service for orderId=748
2026-05-24T13:46:38.983Z [TXN-7KGM1S9P] [order-service] ERROR Order failed: 
2026-05-24T13:46:40.793Z [TXN-7KGM1S9P] [catalog-service] INFO Category=Marvel: 4 products
2026-05-24T13:46:41.949Z [TXN-7KGM1S9P] [order-service] INFO Calling catalog-service for productId=5
2026-05-24T13:46:41.964Z [TXN-7KGM1S9P] [catalog-service] INFO Product fetched: Iron Man Figure
2026-05-24T13:46:41.977Z [TXN-7KGM1S9P] [order-service] INFO Order created: orderId=749, product=Iron Man Figure, amount=29.99
2026-05-24T13:46:41.978Z [TXN-7KGM1S9P] [order-service] INFO Calling notification-service for orderId=749
2026-05-24T13:46:41.985Z [TXN-7KGM1S9P] [order-service] ERROR Order failed: 
2026-05-24T13:46:42.582Z [TXN-7KGM1S9P] [order-service] INFO Calling catalog-service for productId=6
2026-05-24T13:46:42.594Z [TXN-7KGM1S9P] [catalog-service] INFO Product fetched: Spider-Man Toy
2026-05-24T13:46:42.610Z [TXN-7KGM1S9P] [order-service] INFO Order created: orderId=750, product=Spider-Man Toy, amount=17.99
2026-05-24T13:46:42.611Z [TXN-7KGM1S9P] [order-service] INFO Calling notification-service for orderId=750
2026-05-24T13:46:42.620Z [TXN-7KGM1S9P] [order-service] ERROR Order failed: 
2026-05-24T13:46:43.088Z [TXN-7KGM1S9P] [order-service] INFO Calling catalog-service for productId=7
2026-05-24T13:46:43.100Z [TXN-7KGM1S9P] [catalog-service] INFO Product fetched: Hulk Poster
2026-05-24T13:46:43.116Z [TXN-7KGM1S9P] [order-service] INFO Order created: orderId=751, product=Hulk Poster, amount=9.99
2026-05-24T13:46:43.118Z [TXN-7KGM1S9P] [order-service] INFO Calling notification-service for orderId=751
2026-05-24T13:46:43.132Z [TXN-7KGM1S9P] [order-service] ERROR Order failed: 
2026-05-24T13:46:43.859Z [TXN-7KGM1S9P] [order-service] INFO Calling catalog-service for productId=8
2026-05-24T13:46:43.868Z [TXN-7KGM1S9P] [catalog-service] INFO Product fetched: Thor Hammer Replica
2026-05-24T13:46:43.901Z [TXN-7KGM1S9P] [order-service] INFO Order created: orderId=752, product=Thor Hammer Replica, amount=39.99
2026-05-24T13:46:43.902Z [TXN-7KGM1S9P] [order-service] INFO Calling notification-service for orderId=752
2026-05-24T13:46:43.916Z [TXN-7KGM1S9P] [order-service] ERROR Order failed: 
2026-05-24T13:46:44.264Z [TXN-7KGM1S9P] [order-service] INFO Calling catalog-service for productId=8
2026-05-24T13:46:44.277Z [TXN-7KGM1S9P] [catalog-service] INFO Product fetched: Thor Hammer Replica
2026-05-24T13:46:44.291Z [TXN-7KGM1S9P] [order-service] INFO Order created: orderId=753, product=Thor Hammer Replica, amount=39.99
2026-05-24T13:46:44.292Z [TXN-7KGM1S9P] [order-service] INFO Calling notification-service for orderId=753
2026-05-24T13:46:44.302Z [TXN-7KGM1S9P] [order-service] ERROR Order failed: 
2026-05-24T13:46:44.491Z [TXN-7KGM1S9P] [order-service] INFO Calling catalog-service for productId=8
2026-05-24T13:46:44.500Z [TXN-7KGM1S9P] [catalog-service] INFO Product fetched: Thor Hammer Replica
2026-05-24T13:46:44.515Z [TXN-7KGM1S9P] [order-service] INFO Order created: orderId=754, product=Thor Hammer Replica, amount=39.99
2026-05-24T13:46:44.517Z [TXN-7KGM1S9P] [order-service] INFO Calling notification-service for orderId=754
2026-05-24T13:46:44.531Z [TXN-7KGM1S9P] [order-service] ERROR Order failed: 
2026-05-24T13:46:44.680Z [TXN-7KGM1S9P] [order-service] INFO Calling catalog-service for productId=8
2026-05-24T13:46:44.696Z [TXN-7KGM1S9P] [catalog-service] INFO Product fetched: Thor Hammer Replica
2026-05-24T13:46:44.705Z [TXN-7KGM1S9P] [order-service] INFO Order created: orderId=755, product=Thor Hammer Replica, amount=39.99
2026-05-24T13:46:44.708Z [TXN-7KGM1S9P] [order-service] INFO Calling notification-service for orderId=755
2026-05-24T13:46:44.717Z [TXN-7KGM1S9P] [order-service] ERROR Order failed: 
2026-05-24T13:46:44.865Z [TXN-7KGM1S9P] [order-service] INFO Calling catalog-service for productId=8
2026-05-24T13:46:44.881Z [TXN-7KGM1S9P] [catalog-service] INFO Product fetched: Thor Hammer Replica
2026-05-24T13:46:44.891Z [TXN-7KGM1S9P] [order-service] INFO Order created: orderId=756, product=Thor Hammer Replica, amount=39.99
2026-05-24T13:46:44.892Z [TXN-7KGM1S9P] [order-service] INFO Calling notification-service for orderId=756
2026-05-24T13:46:44.902Z [TXN-7KGM1S9P] [order-service] ERROR Order failed: 
2026-05-24T13:46:45.043Z [TXN-7KGM1S9P] [order-service] INFO Calling catalog-service for productId=8
2026-05-24T13:46:45.053Z [TXN-7KGM1S9P] [catalog-service] INFO Product fetched: Thor Hammer Replica
2026-05-24T13:46:45.064Z [TXN-7KGM1S9P] [order-service] INFO Order created: orderId=757, product=Thor Hammer Replica, amount=39.99
2026-05-24T13:46:45.065Z [TXN-7KGM1S9P] [order-service] INFO Calling notification-service for orderId=757
2026-05-24T13:46:45.079Z [TXN-7KGM1S9P] [order-service] ERROR Order failed: 
2026-05-24T13:46:45.232Z [TXN-7KGM1S9P] [order-service] INFO Calling catalog-service for productId=8
2026-05-24T13:46:45.245Z [TXN-7KGM1S9P] [catalog-service] INFO Product fetched: Thor Hammer Replica
2026-05-24T13:46:45.254Z [TXN-7KGM1S9P] [order-service] INFO Order created: orderId=758, product=Thor Hammer Replica, amount=39.99
2026-05-24T13:46:45.258Z [TXN-7KGM1S9P] [order-service] INFO Calling notification-service for orderId=758
2026-05-24T13:46:45.265Z [TXN-7KGM1S9P] [order-service] ERROR Order failed: 
2026-05-24T13:46:45.426Z [TXN-7KGM1S9P] [order-service] INFO Calling catalog-service for productId=8
2026-05-24T13:46:45.434Z [TXN-7KGM1S9P] [catalog-service] INFO Product fetched: Thor Hammer Replica
2026-05-24T13:46:45.456Z [TXN-7KGM1S9P] [order-service] INFO Order created: orderId=759, product=Thor Hammer Replica, amount=39.99
2026-05-24T13:46:45.460Z [TXN-7KGM1S9P] [order-service] INFO Calling notification-service for orderId=759
2026-05-24T13:46:45.469Z [TXN-7KGM1S9P] [order-service] ERROR Order failed: 
2026-05-24T13:46:45.596Z [TXN-7KGM1S9P] [order-service] INFO Calling catalog-service for productId=8
2026-05-24T13:46:45.610Z [TXN-7KGM1S9P] [catalog-service] INFO Product fetched: Thor Hammer Replica
2026-05-24T13:46:45.619Z [TXN-7KGM1S9P] [order-service] INFO Order created: orderId=760, product=Thor Hammer Replica, amount=39.99
2026-05-24T13:46:45.621Z [TXN-7KGM1S9P] [order-service] INFO Calling notification-service for orderId=760
2026-05-24T13:46:45.633Z [TXN-7KGM1S9P] [order-service] ERROR Order failed: 
2026-05-24T13:46:45.946Z [TXN-7KGM1S9P] [order-service] INFO Calling catalog-service for productId=8
2026-05-24T13:46:45.956Z [TXN-7KGM1S9P] [catalog-service] INFO Product fetched: Thor Hammer Replica
2026-05-24T13:46:45.974Z [TXN-7KGM1S9P] [order-service] INFO Order created: orderId=761, product=Thor Hammer Replica, amount=39.99
2026-05-24T13:46:45.976Z [TXN-7KGM1S9P] [order-service] INFO Calling notification-service for orderId=761
2026-05-24T13:46:45.985Z [TXN-7KGM1S9P] [order-service] ERROR Order failed: 
2026-05-24T13:46:46.166Z [TXN-7KGM1S9P] [order-service] INFO Calling catalog-service for productId=8
2026-05-24T13:46:46.177Z [TXN-7KGM1S9P] [catalog-service] INFO Product fetched: Thor Hammer Replica
2026-05-24T13:46:46.191Z [TXN-7KGM1S9P] [order-service] INFO Order created: orderId=762, product=Thor Hammer Replica, amount=39.99
2026-05-24T13:46:46.193Z [TXN-7KGM1S9P] [order-service] INFO Calling notification-service for orderId=762
2026-05-24T13:46:46.203Z [TXN-7KGM1S9P] [order-service] ERROR Order failed: 
2026-05-24T13:46:46.766Z [TXN-7KGM1S9P] [order-service] INFO Calling catalog-service for productId=7
2026-05-24T13:46:46.778Z [TXN-7KGM1S9P] [catalog-service] INFO Product fetched: Hulk Poster
2026-05-24T13:46:46.806Z [TXN-7KGM1S9P] [order-service] INFO Order created: orderId=763, product=Hulk Poster, amount=9.99
2026-05-24T13:46:46.810Z [TXN-7KGM1S9P] [order-service] INFO Calling notification-service for orderId=763
2026-05-24T13:46:46.818Z [TXN-7KGM1S9P] [order-service] ERROR Order failed: 
2026-05-24T13:46:46.979Z [TXN-7KGM1S9P] [order-service] INFO Calling catalog-service for productId=7
2026-05-24T13:46:46.987Z [TXN-7KGM1S9P] [catalog-service] INFO Product fetched: Hulk Poster
2026-05-24T13:46:47.002Z [TXN-7KGM1S9P] [order-service] INFO Order created: orderId=764, product=Hulk Poster, amount=9.99
2026-05-24T13:46:47.006Z [TXN-7KGM1S9P] [order-service] INFO Calling notification-service for orderId=764
2026-05-24T13:46:47.017Z [TXN-7KGM1S9P] [order-service] ERROR Order failed: 
2026-05-24T13:46:47.131Z [TXN-7KGM1S9P] [order-service] INFO Calling catalog-service for productId=7
2026-05-24T13:46:47.146Z [TXN-7KGM1S9P] [catalog-service] INFO Product fetched: Hulk Poster
2026-05-24T13:46:47.153Z [TXN-7KGM1S9P] [order-service] INFO Order created: orderId=765, product=Hulk Poster, amount=9.99
2026-05-24T13:46:47.158Z [TXN-7KGM1S9P] [order-service] INFO Calling notification-service for orderId=765
2026-05-24T13:46:47.167Z [TXN-7KGM1S9P] [order-service] ERROR Order failed: 
2026-05-24T13:46:47.318Z [TXN-7KGM1S9P] [order-service] INFO Calling catalog-service for productId=7
2026-05-24T13:46:47.332Z [TXN-7KGM1S9P] [catalog-service] INFO Product fetched: Hulk Poster
2026-05-24T13:46:47.346Z [TXN-7KGM1S9P] [order-service] INFO Order created: orderId=766, product=Hulk Poster, amount=9.99
2026-05-24T13:46:47.347Z [TXN-7KGM1S9P] [order-service] INFO Calling notification-service for orderId=766
2026-05-24T13:46:47.361Z [TXN-7KGM1S9P] [order-service] ERROR Order failed: 
2026-05-24T13:46:47.514Z [TXN-7KGM1S9P] [order-service] INFO Calling catalog-service for productId=7
2026-05-24T13:46:47.529Z [TXN-7KGM1S9P] [catalog-service] INFO Product fetched: Hulk Poster
2026-05-24T13:46:47.546Z [TXN-7KGM1S9P] [order-service] INFO Order created: orderId=767, product=Hulk Poster, amount=9.99
2026-05-24T13:46:47.548Z [TXN-7KGM1S9P] [order-service] INFO Calling notification-service for orderId=767
2026-05-24T13:46:47.562Z [TXN-7KGM1S9P] [order-service] ERROR Order failed: 
2026-05-24T13:46:47.679Z [TXN-7KGM1S9P] [order-service] INFO Calling catalog-service for productId=7
2026-05-24T13:46:47.696Z [TXN-7KGM1S9P] [catalog-service] INFO Product fetched: Hulk Poster
2026-05-24T13:46:47.710Z [TXN-7KGM1S9P] [order-service] INFO Order created: orderId=768, product=Hulk Poster, amount=9.99
2026-05-24T13:46:47.711Z [TXN-7KGM1S9P] [order-service] INFO Calling notification-service for orderId=768
2026-05-24T13:46:47.719Z [TXN-7KGM1S9P] [order-service] ERROR Order failed: 
2026-05-24T13:46:48.032Z [TXN-7KGM1S9P] [order-service] INFO Calling catalog-service for productId=7
2026-05-24T13:46:48.044Z [TXN-7KGM1S9P] [catalog-service] INFO Product fetched: Hulk Poster
2026-05-24T13:46:48.053Z [TXN-7KGM1S9P] [order-service] INFO Order created: orderId=769, product=Hulk Poster, amount=9.99
2026-05-24T13:46:48.059Z [TXN-7KGM1S9P] [order-service] INFO Calling notification-service for orderId=769
2026-05-24T13:46:48.068Z [TXN-7KGM1S9P] [order-service] ERROR Order failed: 
2026-05-24T13:46:48.212Z [TXN-7KGM1S9P] [order-service] INFO Calling catalog-service for productId=7
2026-05-24T13:46:48.224Z [TXN-7KGM1S9P] [catalog-service] INFO Product fetched: Hulk Poster
2026-05-24T13:46:48.235Z [TXN-7KGM1S9P] [order-service] INFO Order created: orderId=770, product=Hulk Poster, amount=9.99
2026-05-24T13:46:48.236Z [TXN-7KGM1S9P] [order-service] INFO Calling notification-service for orderId=770
2026-05-24T13:46:48.249Z [TXN-7KGM1S9P] [order-service] ERROR Order failed: 
2026-05-24T13:46:48.380Z [TXN-7KGM1S9P] [order-service] INFO Calling catalog-service for productId=7
2026-05-24T13:46:48.393Z [TXN-7KGM1S9P] [catalog-service] INFO Product fetched: Hulk Poster
2026-05-24T13:46:48.410Z [TXN-7KGM1S9P] [order-service] INFO Order created: orderId=771, product=Hulk Poster, amount=9.99
2026-05-24T13:46:48.411Z [TXN-7KGM1S9P] [order-service] INFO Calling notification-service for orderId=771
2026-05-24T13:46:48.425Z [TXN-7KGM1S9P] [order-service] ERROR Order failed: 
2026-05-24T13:46:48.551Z [TXN-7KGM1S9P] [order-service] INFO Calling catalog-service for productId=7
2026-05-24T13:46:48.564Z [TXN-7KGM1S9P] [catalog-service] INFO Product fetched: Hulk Poster
2026-05-24T13:46:48.576Z [TXN-7KGM1S9P] [order-service] INFO Order created: orderId=772, product=Hulk Poster, amount=9.99
2026-05-24T13:46:48.579Z [TXN-7KGM1S9P] [order-service] INFO Calling notification-service for orderId=772
2026-05-24T13:46:48.597Z [TXN-7KGM1S9P] [order-service] ERROR Order failed: 
2026-05-24T13:46:48.715Z [TXN-7KGM1S9P] [order-service] INFO Calling catalog-service for productId=7
2026-05-24T13:46:48.730Z [TXN-7KGM1S9P] [catalog-service] INFO Product fetched: Hulk Poster
2026-05-24T13:46:48.740Z [TXN-7KGM1S9P] [order-service] INFO Order created: orderId=773, product=Hulk Poster, amount=9.99
2026-05-24T13:46:48.745Z [TXN-7KGM1S9P] [order-service] INFO Calling notification-service for orderId=773
2026-05-24T13:46:48.752Z [TXN-7KGM1S9P] [order-service] ERROR Order failed: 
2026-05-24T13:46:49.415Z [TXN-7KGM1S9P] [order-service] INFO Calling catalog-service for productId=6
2026-05-24T13:46:49.429Z [TXN-7KGM1S9P] [catalog-service] INFO Product fetched: Spider-Man Toy
2026-05-24T13:46:49.444Z [TXN-7KGM1S9P] [order-service] INFO Order created: orderId=774, product=Spider-Man Toy, amount=17.99
2026-05-24T13:46:49.444Z [TXN-7KGM1S9P] [order-service] INFO Calling notification-service for orderId=774
2026-05-24T13:46:49.452Z [TXN-7KGM1S9P] [order-service] ERROR Order failed: 
2026-05-24T13:46:49.614Z [TXN-7KGM1S9P] [order-service] INFO Calling catalog-service for productId=6
2026-05-24T13:46:49.627Z [TXN-7KGM1S9P] [catalog-service] INFO Product fetched: Spider-Man Toy
2026-05-24T13:46:49.635Z [TXN-7KGM1S9P] [order-service] INFO Order created: orderId=775, product=Spider-Man Toy, amount=17.99
2026-05-24T13:46:49.638Z [TXN-7KGM1S9P] [order-service] INFO Calling notification-service for orderId=775
2026-05-24T13:46:49.649Z [TXN-7KGM1S9P] [order-service] ERROR Order failed: 
2026-05-24T13:46:49.816Z [TXN-7KGM1S9P] [order-service] INFO Calling catalog-service for productId=6
2026-05-24T13:46:49.827Z [TXN-7KGM1S9P] [catalog-service] INFO Product fetched: Spider-Man Toy
2026-05-24T13:46:49.839Z [TXN-7KGM1S9P] [order-service] INFO Order created: orderId=776, product=Spider-Man Toy, amount=17.99
2026-05-24T13:46:49.842Z [TXN-7KGM1S9P] [order-service] INFO Calling notification-service for orderId=776
2026-05-24T13:46:49.850Z [TXN-7KGM1S9P] [order-service] ERROR Order failed: 
2026-05-24T13:46:50.015Z [TXN-7KGM1S9P] [order-service] INFO Calling catalog-service for productId=6
2026-05-24T13:46:50.030Z [TXN-7KGM1S9P] [catalog-service] INFO Product fetched: Spider-Man Toy
2026-05-24T13:46:50.038Z [TXN-7KGM1S9P] [order-service] INFO Order created: orderId=777, product=Spider-Man Toy, amount=17.99
2026-05-24T13:46:50.042Z [TXN-7KGM1S9P] [order-service] INFO Calling notification-service for orderId=777
2026-05-24T13:46:50.049Z [TXN-7KGM1S9P] [order-service] ERROR Order failed: 
2026-05-24T13:48:20.500Z [TXN-7KGM1S9P] [order-service] INFO Calling catalog-service for productId=5
2026-05-24T13:48:20.517Z [TXN-7KGM1S9P] [catalog-service] INFO Product fetched: Iron Man Figure
2026-05-24T13:48:20.535Z [TXN-7KGM1S9P] [order-service] INFO Order created: orderId=778, product=Iron Man Figure, amount=29.99
2026-05-24T13:48:20.537Z [TXN-7KGM1S9P] [order-service] INFO Calling notification-service for orderId=778
2026-05-24T13:48:20.550Z [TXN-7KGM1S9P] [order-service] ERROR Order failed: 
2026-05-24T13:48:21.165Z [TXN-7KGM1S9P] [order-service] INFO Calling catalog-service for productId=6
2026-05-24T13:48:21.178Z [TXN-7KGM1S9P] [catalog-service] INFO Product fetched: Spider-Man Toy
2026-05-24T13:48:21.186Z [TXN-7KGM1S9P] [order-service] INFO Order created: orderId=779, product=Spider-Man Toy, amount=17.99
2026-05-24T13:48:21.189Z [TXN-7KGM1S9P] [order-service] INFO Calling notification-service for orderId=779
2026-05-24T13:48:21.200Z [TXN-7KGM1S9P] [order-service] ERROR Order failed: 
2026-05-24T13:48:21.932Z [TXN-7KGM1S9P] [order-service] INFO Calling catalog-service for productId=7
2026-05-24T13:48:21.944Z [TXN-7KGM1S9P] [catalog-service] INFO Product fetched: Hulk Poster
2026-05-24T13:48:21.976Z [TXN-7KGM1S9P] [order-service] INFO Order created: orderId=780, product=Hulk Poster, amount=9.99
2026-05-24T13:48:21.978Z [TXN-7KGM1S9P] [order-service] INFO Calling notification-service for orderId=780
2026-05-24T13:48:21.986Z [TXN-7KGM1S9P] [order-service] ERROR Order failed: 
2026-05-24T13:48:22.522Z [TXN-7KGM1S9P] [order-service] INFO Calling catalog-service for productId=7
2026-05-24T13:48:22.532Z [TXN-7KGM1S9P] [catalog-service] INFO Product fetched: Hulk Poster
2026-05-24T13:48:22.564Z [TXN-7KGM1S9P] [order-service] INFO Order created: orderId=781, product=Hulk Poster, amount=9.99
2026-05-24T13:48:22.565Z [TXN-7KGM1S9P] [order-service] INFO Calling notification-service for orderId=781
2026-05-24T13:48:22.580Z [TXN-7KGM1S9P] [order-service] ERROR Order failed: 
2026-05-24T13:48:22.784Z [TXN-7KGM1S9P] [order-service] INFO Calling catalog-service for productId=7
2026-05-24T13:48:22.794Z [TXN-7KGM1S9P] [catalog-service] INFO Product fetched: Hulk Poster
2026-05-24T13:48:22.808Z [TXN-7KGM1S9P] [order-service] INFO Order created: orderId=782, product=Hulk Poster, amount=9.99
2026-05-24T13:48:22.809Z [TXN-7KGM1S9P] [order-service] INFO Calling notification-service for orderId=782
2026-05-24T13:48:22.818Z [TXN-7KGM1S9P] [order-service] ERROR Order failed: 
2026-05-24T13:48:22.968Z [TXN-7KGM1S9P] [order-service] INFO Calling catalog-service for productId=7
2026-05-24T13:48:22.981Z [TXN-7KGM1S9P] [catalog-service] INFO Product fetched: Hulk Poster
2026-05-24T13:48:22.993Z [TXN-7KGM1S9P] [order-service] INFO Order created: orderId=783, product=Hulk Poster, amount=9.99
2026-05-24T13:48:22.994Z [TXN-7KGM1S9P] [order-service] INFO Calling notification-service for orderId=783
2026-05-24T13:48:23.001Z [TXN-7KGM1S9P] [order-service] ERROR Order failed: 
2026-05-24T13:48:23.678Z [TXN-7KGM1S9P] [order-service] INFO Calling catalog-service for productId=8
2026-05-24T13:48:23.685Z [TXN-7KGM1S9P] [catalog-service] INFO Product fetched: Thor Hammer Replica
2026-05-24T13:48:23.702Z [TXN-7KGM1S9P] [order-service] INFO Order created: orderId=784, product=Thor Hammer Replica, amount=39.99
2026-05-24T13:48:23.703Z [TXN-7KGM1S9P] [order-service] INFO Calling notification-service for orderId=784
2026-05-24T13:48:23.716Z [TXN-7KGM1S9P] [order-service] ERROR Order failed: 
2026-05-24T13:48:23.862Z [TXN-7KGM1S9P] [order-service] INFO Calling catalog-service for productId=8
2026-05-24T13:48:23.870Z [TXN-7KGM1S9P] [catalog-service] INFO Product fetched: Thor Hammer Replica
2026-05-24T13:48:23.887Z [TXN-7KGM1S9P] [order-service] INFO Order created: orderId=785, product=Thor Hammer Replica, amount=39.99
2026-05-24T13:48:23.894Z [TXN-7KGM1S9P] [order-service] INFO Calling notification-service for orderId=785
2026-05-24T13:48:23.902Z [TXN-7KGM1S9P] [order-service] ERROR Order failed: 
2026-05-24T13:48:24.045Z [TXN-7KGM1S9P] [order-service] INFO Calling catalog-service for productId=8
2026-05-24T13:48:24.053Z [TXN-7KGM1S9P] [catalog-service] INFO Product fetched: Thor Hammer Replica
2026-05-24T13:48:24.069Z [TXN-7KGM1S9P] [order-service] INFO Order created: orderId=786, product=Thor Hammer Replica, amount=39.99
2026-05-24T13:48:24.071Z [TXN-7KGM1S9P] [order-service] INFO Calling notification-service for orderId=786
2026-05-24T13:48:24.085Z [TXN-7KGM1S9P] [order-service] ERROR Order failed: 
2026-05-24T13:48:24.245Z [TXN-7KGM1S9P] [order-service] INFO Calling catalog-service for productId=8
2026-05-24T13:48:24.253Z [TXN-7KGM1S9P] [catalog-service] INFO Product fetched: Thor Hammer Replica
2026-05-24T13:48:24.269Z [TXN-7KGM1S9P] [order-service] INFO Order created: orderId=787, product=Thor Hammer Replica, amount=39.99
2026-05-24T13:48:24.271Z [TXN-7KGM1S9P] [order-service] INFO Calling notification-service for orderId=787
2026-05-24T13:48:24.284Z [TXN-7KGM1S9P] [order-service] ERROR Order failed: 
2026-05-24T13:48:24.384Z [TXN-7KGM1S9P] [order-service] INFO Calling catalog-service for productId=8
2026-05-24T13:48:24.397Z [TXN-7KGM1S9P] [catalog-service] INFO Product fetched: Thor Hammer Replica
2026-05-24T13:48:24.409Z [TXN-7KGM1S9P] [order-service] INFO Order created: orderId=788, product=Thor Hammer Replica, amount=39.99
2026-05-24T13:48:24.411Z [TXN-7KGM1S9P] [order-service] INFO Calling notification-service for orderId=788
2026-05-24T13:48:24.420Z [TXN-7KGM1S9P] [order-service] ERROR Order failed: 
2026-05-24T13:48:24.537Z [TXN-7KGM1S9P] [order-service] INFO Calling catalog-service for productId=8
2026-05-24T13:48:24.551Z [TXN-7KGM1S9P] [catalog-service] INFO Product fetched: Thor Hammer Replica
2026-05-24T13:48:24.566Z [TXN-7KGM1S9P] [order-service] INFO Order created: orderId=789, product=Thor Hammer Replica, amount=39.99
2026-05-24T13:48:24.568Z [TXN-7KGM1S9P] [order-service] INFO Calling notification-service for orderId=789
2026-05-24T13:48:24.583Z [TXN-7KGM1S9P] [order-service] ERROR Order failed: 
2026-05-24T13:48:26.629Z [TXN-7KGM1S9P] [catalog-service] INFO Category=DC: 4 products
2026-05-24T13:48:32.395Z [TXN-7KGM1S9P] [order-service] INFO Calling catalog-service for productId=1
2026-05-24T13:48:32.412Z [TXN-7KGM1S9P] [catalog-service] INFO Product fetched: Batman Figure
2026-05-24T13:48:32.445Z [TXN-7KGM1S9P] [order-service] INFO Order created: orderId=790, product=Batman Figure, amount=24.99
2026-05-24T13:48:32.446Z [TXN-7KGM1S9P] [order-service] INFO Calling notification-service for orderId=790
2026-05-24T13:48:32.455Z [TXN-7KGM1S9P] [order-service] ERROR Order failed: 
2026-05-24T13:48:33.015Z [TXN-7KGM1S9P] [order-service] INFO Calling catalog-service for productId=2
2026-05-24T13:48:33.026Z [TXN-7KGM1S9P] [catalog-service] INFO Product fetched: Superman T-Shirt
2026-05-24T13:48:33.036Z [TXN-7KGM1S9P] [order-service] INFO Order created: orderId=791, product=Superman T-Shirt, amount=19.99
2026-05-24T13:48:33.040Z [TXN-7KGM1S9P] [order-service] INFO Calling notification-service for orderId=791
2026-05-24T13:48:33.067Z [TXN-7KGM1S9P] [order-service] ERROR Order failed: 
2026-05-24T13:48:33.217Z [TXN-7KGM1S9P] [order-service] INFO Calling catalog-service for productId=2
2026-05-24T13:48:33.227Z [TXN-7KGM1S9P] [catalog-service] INFO Product fetched: Superman T-Shirt
2026-05-24T13:48:33.235Z [TXN-7KGM1S9P] [order-service] INFO Order created: orderId=792, product=Superman T-Shirt, amount=19.99
2026-05-24T13:48:33.236Z [TXN-7KGM1S9P] [order-service] INFO Calling notification-service for orderId=792
2026-05-24T13:48:33.248Z [TXN-7KGM1S9P] [order-service] ERROR Order failed: 
2026-05-24T13:48:33.402Z [TXN-7KGM1S9P] [order-service] INFO Calling catalog-service for productId=2
2026-05-24T13:48:33.414Z [TXN-7KGM1S9P] [catalog-service] INFO Product fetched: Superman T-Shirt
2026-05-24T13:48:33.428Z [TXN-7KGM1S9P] [order-service] INFO Order created: orderId=793, product=Superman T-Shirt, amount=19.99
2026-05-24T13:48:33.429Z [TXN-7KGM1S9P] [order-service] INFO Calling notification-service for orderId=793
2026-05-24T13:48:33.444Z [TXN-7KGM1S9P] [order-service] ERROR Order failed: 
2026-05-24T13:48:34.045Z [TXN-7KGM1S9P] [order-service] INFO Calling catalog-service for productId=3
2026-05-24T13:48:34.056Z [TXN-7KGM1S9P] [catalog-service] INFO Product fetched: Flash Toy
2026-05-24T13:48:34.069Z [TXN-7KGM1S9P] [order-service] INFO Order created: orderId=794, product=Flash Toy, amount=14.99
2026-05-24T13:48:34.070Z [TXN-7KGM1S9P] [order-service] INFO Calling notification-service for orderId=794
2026-05-24T13:48:34.083Z [TXN-7KGM1S9P] [order-service] ERROR Order failed: 
2026-05-24T13:48:34.218Z [TXN-7KGM1S9P] [order-service] INFO Calling catalog-service for productId=3
2026-05-24T13:48:34.228Z [TXN-7KGM1S9P] [catalog-service] INFO Product fetched: Flash Toy
2026-05-24T13:48:34.240Z [TXN-7KGM1S9P] [order-service] INFO Order created: orderId=795, product=Flash Toy, amount=14.99
2026-05-24T13:48:34.243Z [TXN-7KGM1S9P] [order-service] INFO Calling notification-service for orderId=795
2026-05-24T13:48:34.250Z [TXN-7KGM1S9P] [order-service] ERROR Order failed: 
2026-05-24T13:48:34.399Z [TXN-7KGM1S9P] [order-service] INFO Calling catalog-service for productId=3
2026-05-24T13:48:34.412Z [TXN-7KGM1S9P] [catalog-service] INFO Product fetched: Flash Toy
2026-05-24T13:48:34.426Z [TXN-7KGM1S9P] [order-service] INFO Order created: orderId=796, product=Flash Toy, amount=14.99
2026-05-24T13:48:34.430Z [TXN-7KGM1S9P] [order-service] INFO Calling notification-service for orderId=796
2026-05-24T13:48:34.437Z [TXN-7KGM1S9P] [order-service] ERROR Order failed: 
2026-05-24T13:48:34.552Z [TXN-7KGM1S9P] [order-service] INFO Calling catalog-service for productId=3
2026-05-24T13:48:34.565Z [TXN-7KGM1S9P] [catalog-service] INFO Product fetched: Flash Toy
2026-05-24T13:48:34.576Z [TXN-7KGM1S9P] [order-service] INFO Order created: orderId=797, product=Flash Toy, amount=14.99
2026-05-24T13:48:34.577Z [TXN-7KGM1S9P] [order-service] INFO Calling notification-service for orderId=797
2026-05-24T13:48:34.586Z [TXN-7KGM1S9P] [order-service] ERROR Order failed: 
2026-05-24T13:48:35.276Z [TXN-7KGM1S9P] [order-service] INFO Calling catalog-service for productId=4
2026-05-24T13:48:35.285Z [TXN-7KGM1S9P] [catalog-service] INFO Product fetched: Wonder Woman Poster
2026-05-24T13:48:35.318Z [TXN-7KGM1S9P] [order-service] INFO Order created: orderId=798, product=Wonder Woman Poster, amount=9.99
2026-05-24T13:48:35.319Z [TXN-7KGM1S9P] [order-service] INFO Calling notification-service for orderId=798
2026-05-24T13:48:35.332Z [TXN-7KGM1S9P] [order-service] ERROR Order failed: 
2026-05-24T13:48:35.449Z [TXN-7KGM1S9P] [order-service] INFO Calling catalog-service for productId=4
2026-05-24T13:48:35.463Z [TXN-7KGM1S9P] [catalog-service] INFO Product fetched: Wonder Woman Poster
2026-05-24T13:48:35.476Z [TXN-7KGM1S9P] [order-service] INFO Order created: orderId=799, product=Wonder Woman Poster, amount=9.99
2026-05-24T13:48:35.477Z [TXN-7KGM1S9P] [order-service] INFO Calling notification-service for orderId=799
2026-05-24T13:48:35.485Z [TXN-7KGM1S9P] [order-service] ERROR Order failed: 
2026-05-24T13:48:35.632Z [TXN-7KGM1S9P] [order-service] INFO Calling catalog-service for productId=4
2026-05-24T13:48:35.646Z [TXN-7KGM1S9P] [catalog-service] INFO Product fetched: Wonder Woman Poster
2026-05-24T13:48:35.657Z [TXN-7KGM1S9P] [order-service] INFO Order created: orderId=800, product=Wonder Woman Poster, amount=9.99
2026-05-24T13:48:35.660Z [TXN-7KGM1S9P] [order-service] INFO Calling notification-service for orderId=800
2026-05-24T13:48:35.668Z [TXN-7KGM1S9P] [order-service] ERROR Order failed: 
2026-05-24T13:48:35.801Z [TXN-7KGM1S9P] [order-service] INFO Calling catalog-service for productId=4
2026-05-24T13:48:35.811Z [TXN-7KGM1S9P] [catalog-service] INFO Product fetched: Wonder Woman Poster
2026-05-24T13:48:35.819Z [TXN-7KGM1S9P] [order-service] INFO Order created: orderId=801, product=Wonder Woman Poster, amount=9.99
2026-05-24T13:48:35.819Z [TXN-7KGM1S9P] [order-service] INFO Calling notification-service for orderId=801
2026-05-24T13:48:35.834Z [TXN-7KGM1S9P] [order-service] ERROR Order failed: 
2026-05-24T13:48:35.968Z [TXN-7KGM1S9P] [order-service] INFO Calling catalog-service for productId=4
2026-05-24T13:48:35.980Z [TXN-7KGM1S9P] [catalog-service] INFO Product fetched: Wonder Woman Poster
2026-05-24T13:48:35.989Z [TXN-7KGM1S9P] [order-service] INFO Order created: orderId=802, product=Wonder Woman Poster, amount=9.99
2026-05-24T13:48:35.993Z [TXN-7KGM1S9P] [order-service] INFO Calling notification-service for orderId=802
2026-05-24T13:48:36.001Z [TXN-7KGM1S9P] [order-service] ERROR Order failed: 
2026-05-24T13:49:44.131Z [TXN-7KGM1S9P] [order-service] INFO Calling catalog-service for productId=1
2026-05-24T13:49:44.145Z [TXN-7KGM1S9P] [catalog-service] INFO Product fetched: Batman Figure
2026-05-24T13:49:44.161Z [TXN-7KGM1S9P] [order-service] INFO Order created: orderId=803, product=Batman Figure, amount=24.99
2026-05-24T13:49:44.163Z [TXN-7KGM1S9P] [order-service] INFO Calling notification-service for orderId=803
2026-05-24T13:49:44.170Z [TXN-7KGM1S9P] [order-service] ERROR Order failed: 
2026-05-24T13:49:44.662Z [TXN-7KGM1S9P] [order-service] INFO Calling catalog-service for productId=2
2026-05-24T13:49:44.675Z [TXN-7KGM1S9P] [catalog-service] INFO Product fetched: Superman T-Shirt
2026-05-24T13:49:44.709Z [TXN-7KGM1S9P] [order-service] INFO Order created: orderId=804, product=Superman T-Shirt, amount=19.99
2026-05-24T13:49:44.711Z [TXN-7KGM1S9P] [order-service] INFO Calling notification-service for orderId=804
2026-05-24T13:49:44.724Z [TXN-7KGM1S9P] [order-service] ERROR Order failed: 
2026-05-24T13:49:45.197Z [TXN-7KGM1S9P] [order-service] INFO Calling catalog-service for productId=3
2026-05-24T13:49:45.209Z [TXN-7KGM1S9P] [catalog-service] INFO Product fetched: Flash Toy
2026-05-24T13:49:45.218Z [TXN-7KGM1S9P] [order-service] INFO Order created: orderId=805, product=Flash Toy, amount=14.99
2026-05-24T13:49:45.220Z [TXN-7KGM1S9P] [order-service] INFO Calling notification-service for orderId=805
2026-05-24T13:49:45.233Z [TXN-7KGM1S9P] [order-service] ERROR Order failed: 
2026-05-24T13:49:45.877Z [TXN-7KGM1S9P] [order-service] INFO Calling catalog-service for productId=4
2026-05-24T13:49:45.885Z [TXN-7KGM1S9P] [catalog-service] INFO Product fetched: Wonder Woman Poster
2026-05-24T13:49:45.920Z [TXN-7KGM1S9P] [order-service] INFO Order created: orderId=806, product=Wonder Woman Poster, amount=9.99
2026-05-24T13:49:45.927Z [TXN-7KGM1S9P] [order-service] INFO Calling notification-service for orderId=806
2026-05-24T13:49:45.934Z [TXN-7KGM1S9P] [order-service] ERROR Order failed: 
2026-05-24T13:49:46.093Z [TXN-7KGM1S9P] [order-service] INFO Calling catalog-service for productId=4
2026-05-24T13:49:46.100Z [TXN-7KGM1S9P] [catalog-service] INFO Product fetched: Wonder Woman Poster
2026-05-24T13:49:46.115Z [TXN-7KGM1S9P] [order-service] INFO Order created: orderId=807, product=Wonder Woman Poster, amount=9.99
2026-05-24T13:49:46.116Z [TXN-7KGM1S9P] [order-service] INFO Calling notification-service for orderId=807
2026-05-24T13:49:46.129Z [TXN-7KGM1S9P] [order-service] ERROR Order failed: 
2026-05-24T13:49:46.448Z [TXN-7KGM1S9P] [order-service] INFO Calling catalog-service for productId=4
2026-05-24T13:49:46.458Z [TXN-7KGM1S9P] [catalog-service] INFO Product fetched: Wonder Woman Poster
2026-05-24T13:49:46.490Z [TXN-7KGM1S9P] [order-service] INFO Order created: orderId=808, product=Wonder Woman Poster, amount=9.99
2026-05-24T13:49:46.493Z [TXN-7KGM1S9P] [order-service] INFO Calling notification-service for orderId=808
2026-05-24T13:49:46.502Z [TXN-7KGM1S9P] [order-service] ERROR Order failed: 
2026-05-24T13:49:46.802Z [TXN-7KGM1S9P] [order-service] INFO Calling catalog-service for productId=4
2026-05-24T13:49:46.813Z [TXN-7KGM1S9P] [catalog-service] INFO Product fetched: Wonder Woman Poster
2026-05-24T13:49:46.826Z [TXN-7KGM1S9P] [order-service] INFO Order created: orderId=809, product=Wonder Woman Poster, amount=9.99
2026-05-24T13:49:46.828Z [TXN-7KGM1S9P] [order-service] INFO Calling notification-service for orderId=809
2026-05-24T13:49:46.835Z [TXN-7KGM1S9P] [order-service] ERROR Order failed: 
2026-05-24T13:49:47.000Z [TXN-7KGM1S9P] [order-service] INFO Calling catalog-service for productId=4
2026-05-24T13:49:47.012Z [TXN-7KGM1S9P] [catalog-service] INFO Product fetched: Wonder Woman Poster
2026-05-24T13:49:47.046Z [TXN-7KGM1S9P] [order-service] INFO Order created: orderId=810, product=Wonder Woman Poster, amount=9.99
2026-05-24T13:49:47.048Z [TXN-7KGM1S9P] [order-service] INFO Calling notification-service for orderId=810
2026-05-24T13:49:47.063Z [TXN-7KGM1S9P] [order-service] ERROR Order failed: 
2026-05-24T13:49:47.184Z [TXN-7KGM1S9P] [order-service] INFO Calling catalog-service for productId=4
2026-05-24T13:49:47.196Z [TXN-7KGM1S9P] [catalog-service] INFO Product fetched: Wonder Woman Poster
2026-05-24T13:49:47.209Z [TXN-7KGM1S9P] [order-service] INFO Order created: orderId=811, product=Wonder Woman Poster, amount=9.99
2026-05-24T13:49:47.210Z [TXN-7KGM1S9P] [order-service] INFO Calling notification-service for orderId=811
2026-05-24T13:49:47.218Z [TXN-7KGM1S9P] [order-service] ERROR Order failed: 
2026-05-24T13:49:47.915Z [TXN-7KGM1S9P] [order-service] INFO Calling catalog-service for productId=3
2026-05-24T13:49:47.927Z [TXN-7KGM1S9P] [catalog-service] INFO Product fetched: Flash Toy
2026-05-24T13:49:47.959Z [TXN-7KGM1S9P] [order-service] INFO Order created: orderId=812, product=Flash Toy, amount=14.99
2026-05-24T13:49:47.961Z [TXN-7KGM1S9P] [order-service] INFO Calling notification-service for orderId=812
2026-05-24T13:49:47.970Z [TXN-7KGM1S9P] [order-service] ERROR Order failed: 
2026-05-24T13:49:48.109Z [TXN-7KGM1S9P] [order-service] INFO Calling catalog-service for productId=3
2026-05-24T13:49:48.117Z [TXN-7KGM1S9P] [catalog-service] INFO Product fetched: Flash Toy
2026-05-24T13:49:48.133Z [TXN-7KGM1S9P] [order-service] INFO Order created: orderId=813, product=Flash Toy, amount=14.99
2026-05-24T13:49:48.134Z [TXN-7KGM1S9P] [order-service] INFO Calling notification-service for orderId=813
2026-05-24T13:49:48.147Z [TXN-7KGM1S9P] [order-service] ERROR Order failed: 
2026-05-24T13:49:48.445Z [TXN-7KGM1S9P] [order-service] INFO Calling catalog-service for productId=3
2026-05-24T13:49:48.453Z [TXN-7KGM1S9P] [catalog-service] INFO Product fetched: Flash Toy
2026-05-24T13:49:48.483Z [TXN-7KGM1S9P] [order-service] INFO Order created: orderId=814, product=Flash Toy, amount=14.99
2026-05-24T13:49:48.485Z [TXN-7KGM1S9P] [order-service] INFO Calling notification-service for orderId=814
2026-05-24T13:49:48.498Z [TXN-7KGM1S9P] [order-service] ERROR Order failed: 
2026-05-24T13:49:48.618Z [TXN-7KGM1S9P] [order-service] INFO Calling catalog-service for productId=3
2026-05-24T13:49:48.633Z [TXN-7KGM1S9P] [catalog-service] INFO Product fetched: Flash Toy
2026-05-24T13:49:48.648Z [TXN-7KGM1S9P] [order-service] INFO Order created: orderId=815, product=Flash Toy, amount=14.99
2026-05-24T13:49:48.649Z [TXN-7KGM1S9P] [order-service] INFO Calling notification-service for orderId=815
2026-05-24T13:49:48.663Z [TXN-7KGM1S9P] [order-service] ERROR Order failed: 
2026-05-24T13:49:48.785Z [TXN-7KGM1S9P] [order-service] INFO Calling catalog-service for productId=3
2026-05-24T13:49:48.798Z [TXN-7KGM1S9P] [catalog-service] INFO Product fetched: Flash Toy
2026-05-24T13:49:48.813Z [TXN-7KGM1S9P] [order-service] INFO Order created: orderId=816, product=Flash Toy, amount=14.99
2026-05-24T13:49:48.814Z [TXN-7KGM1S9P] [order-service] INFO Calling notification-service for orderId=816
2026-05-24T13:49:48.826Z [TXN-7KGM1S9P] [order-service] ERROR Order failed: 
2026-05-24T13:49:48.954Z [TXN-7KGM1S9P] [order-service] INFO Calling catalog-service for productId=3
2026-05-24T13:49:48.966Z [TXN-7KGM1S9P] [catalog-service] INFO Product fetched: Flash Toy
2026-05-24T13:49:48.982Z [TXN-7KGM1S9P] [order-service] INFO Order created: orderId=817, product=Flash Toy, amount=14.99
2026-05-24T13:49:48.983Z [TXN-7KGM1S9P] [order-service] INFO Calling notification-service for orderId=817
2026-05-24T13:49:48.996Z [TXN-7KGM1S9P] [order-service] ERROR Order failed: 
2026-05-24T13:49:49.683Z [TXN-7KGM1S9P] [order-service] INFO Calling catalog-service for productId=2
2026-05-24T13:49:49.695Z [TXN-7KGM1S9P] [catalog-service] INFO Product fetched: Superman T-Shirt
2026-05-24T13:49:49.726Z [TXN-7KGM1S9P] [order-service] INFO Order created: orderId=818, product=Superman T-Shirt, amount=19.99
2026-05-24T13:49:49.727Z [TXN-7KGM1S9P] [order-service] INFO Calling notification-service for orderId=818
2026-05-24T13:49:49.735Z [TXN-7KGM1S9P] [order-service] ERROR Order failed: 
2026-05-24T13:49:49.863Z [TXN-7KGM1S9P] [order-service] INFO Calling catalog-service for productId=2
2026-05-24T13:49:49.875Z [TXN-7KGM1S9P] [catalog-service] INFO Product fetched: Superman T-Shirt
2026-05-24T13:49:49.883Z [TXN-7KGM1S9P] [order-service] INFO Order created: orderId=819, product=Superman T-Shirt, amount=19.99
2026-05-24T13:49:49.884Z [TXN-7KGM1S9P] [order-service] INFO Calling notification-service for orderId=819
2026-05-24T13:49:49.895Z [TXN-7KGM1S9P] [order-service] ERROR Order failed: 
2026-05-24T13:49:50.032Z [TXN-7KGM1S9P] [order-service] INFO Calling catalog-service for productId=2
2026-05-24T13:49:50.045Z [TXN-7KGM1S9P] [catalog-service] INFO Product fetched: Superman T-Shirt
2026-05-24T13:49:50.059Z [TXN-7KGM1S9P] [order-service] INFO Order created: orderId=820, product=Superman T-Shirt, amount=19.99
2026-05-24T13:49:50.060Z [TXN-7KGM1S9P] [order-service] INFO Calling notification-service for orderId=820
2026-05-24T13:49:50.067Z [TXN-7KGM1S9P] [order-service] ERROR Order failed: 
2026-05-24T13:49:50.184Z [TXN-7KGM1S9P] [order-service] INFO Calling catalog-service for productId=2
2026-05-24T13:49:50.197Z [TXN-7KGM1S9P] [catalog-service] INFO Product fetched: Superman T-Shirt
2026-05-24T13:49:50.211Z [TXN-7KGM1S9P] [order-service] INFO Order created: orderId=821, product=Superman T-Shirt, amount=19.99
2026-05-24T13:49:50.212Z [TXN-7KGM1S9P] [order-service] INFO Calling notification-service for orderId=821
2026-05-24T13:49:50.228Z [TXN-7KGM1S9P] [order-service] ERROR Order failed: 
2026-05-24T13:49:50.861Z [TXN-7KGM1S9P] [order-service] INFO Calling catalog-service for productId=1
2026-05-24T13:49:50.868Z [TXN-7KGM1S9P] [catalog-service] INFO Product fetched: Batman Figure
2026-05-24T13:49:50.899Z [TXN-7KGM1S9P] [order-service] INFO Order created: orderId=822, product=Batman Figure, amount=24.99
2026-05-24T13:49:50.901Z [TXN-7KGM1S9P] [order-service] INFO Calling notification-service for orderId=822
2026-05-24T13:49:50.913Z [TXN-7KGM1S9P] [order-service] ERROR Order failed: 
2026-05-24T13:49:51.045Z [TXN-7KGM1S9P] [order-service] INFO Calling catalog-service for productId=1
2026-05-24T13:49:51.055Z [TXN-7KGM1S9P] [catalog-service] INFO Product fetched: Batman Figure
2026-05-24T13:49:51.067Z [TXN-7KGM1S9P] [order-service] INFO Order created: orderId=823, product=Batman Figure, amount=24.99
2026-05-24T13:49:51.068Z [TXN-7KGM1S9P] [order-service] INFO Calling notification-service for orderId=823
2026-05-24T13:49:51.082Z [TXN-7KGM1S9P] [order-service] ERROR Order failed: 
2026-05-24T13:49:51.200Z [TXN-7KGM1S9P] [order-service] INFO Calling catalog-service for productId=1
2026-05-24T13:49:51.213Z [TXN-7KGM1S9P] [catalog-service] INFO Product fetched: Batman Figure
2026-05-24T13:49:51.228Z [TXN-7KGM1S9P] [order-service] INFO Order created: orderId=824, product=Batman Figure, amount=24.99
2026-05-24T13:49:51.229Z [TXN-7KGM1S9P] [order-service] INFO Calling notification-service for orderId=824
2026-05-24T13:49:51.235Z [TXN-7KGM1S9P] [order-service] ERROR Order failed: 
2026-05-24T13:49:51.353Z [TXN-7KGM1S9P] [order-service] INFO Calling catalog-service for productId=1
2026-05-24T13:49:51.365Z [TXN-7KGM1S9P] [catalog-service] INFO Product fetched: Batman Figure
2026-05-24T13:49:51.379Z [TXN-7KGM1S9P] [order-service] INFO Order created: orderId=825, product=Batman Figure, amount=24.99
2026-05-24T13:49:51.380Z [TXN-7KGM1S9P] [order-service] INFO Calling notification-service for orderId=825
2026-05-24T13:49:51.389Z [TXN-7KGM1S9P] [order-service] ERROR Order failed: 
2026-05-24T13:49:51.520Z [TXN-7KGM1S9P] [order-service] INFO Calling catalog-service for productId=1
2026-05-24T13:49:51.533Z [TXN-7KGM1S9P] [catalog-service] INFO Product fetched: Batman Figure
2026-05-24T13:49:51.561Z [TXN-7KGM1S9P] [order-service] INFO Order created: orderId=826, product=Batman Figure, amount=24.99
2026-05-24T13:49:51.564Z [TXN-7KGM1S9P] [order-service] INFO Calling notification-service for orderId=826
2026-05-24T13:49:51.582Z [TXN-7KGM1S9P] [order-service] ERROR Order failed: 
2026-05-24T13:49:52.508Z [TXN-7KGM1S9P] [catalog-service] INFO Category=Marvel: 4 products
2026-05-24T13:49:53.725Z [TXN-7KGM1S9P] [order-service] INFO Calling catalog-service for productId=5
2026-05-24T13:49:53.732Z [TXN-7KGM1S9P] [catalog-service] INFO Product fetched: Iron Man Figure
2026-05-24T13:49:53.747Z [TXN-7KGM1S9P] [order-service] INFO Order created: orderId=827, product=Iron Man Figure, amount=29.99
2026-05-24T13:49:53.749Z [TXN-7KGM1S9P] [order-service] INFO Calling notification-service for orderId=827
2026-05-24T13:49:53.764Z [TXN-7KGM1S9P] [order-service] ERROR Order failed: 
2026-05-24T13:49:53.914Z [TXN-7KGM1S9P] [order-service] INFO Calling catalog-service for productId=5
2026-05-24T13:49:53.927Z [TXN-7KGM1S9P] [catalog-service] INFO Product fetched: Iron Man Figure
2026-05-24T13:49:53.937Z [TXN-7KGM1S9P] [order-service] INFO Order created: orderId=828, product=Iron Man Figure, amount=29.99
2026-05-24T13:49:53.941Z [TXN-7KGM1S9P] [order-service] INFO Calling notification-service for orderId=828
2026-05-24T13:49:53.954Z [TXN-7KGM1S9P] [order-service] ERROR Order failed: 
2026-05-24T13:49:54.065Z [TXN-7KGM1S9P] [order-service] INFO Calling catalog-service for productId=5
2026-05-24T13:49:54.077Z [TXN-7KGM1S9P] [catalog-service] INFO Product fetched: Iron Man Figure
2026-05-24T13:49:54.085Z [TXN-7KGM1S9P] [order-service] INFO Order created: orderId=829, product=Iron Man Figure, amount=29.99
2026-05-24T13:49:54.089Z [TXN-7KGM1S9P] [order-service] INFO Calling notification-service for orderId=829
2026-05-24T13:49:54.098Z [TXN-7KGM1S9P] [order-service] ERROR Order failed: 
2026-05-24T13:49:54.232Z [TXN-7KGM1S9P] [order-service] INFO Calling catalog-service for productId=5
2026-05-24T13:49:54.245Z [TXN-7KGM1S9P] [catalog-service] INFO Product fetched: Iron Man Figure
2026-05-24T13:49:54.260Z [TXN-7KGM1S9P] [order-service] INFO Order created: orderId=830, product=Iron Man Figure, amount=29.99
2026-05-24T13:49:54.262Z [TXN-7KGM1S9P] [order-service] INFO Calling notification-service for orderId=830
2026-05-24T13:49:54.282Z [TXN-7KGM1S9P] [order-service] ERROR Order failed: 
2026-05-24T13:49:54.431Z [TXN-7KGM1S9P] [order-service] INFO Calling catalog-service for productId=5
2026-05-24T13:49:54.442Z [TXN-7KGM1S9P] [catalog-service] INFO Product fetched: Iron Man Figure
2026-05-24T13:49:54.451Z [TXN-7KGM1S9P] [order-service] INFO Order created: orderId=831, product=Iron Man Figure, amount=29.99
2026-05-24T13:49:54.452Z [TXN-7KGM1S9P] [order-service] INFO Calling notification-service for orderId=831
2026-05-24T13:49:54.464Z [TXN-7KGM1S9P] [order-service] ERROR Order failed: 
2026-05-24T13:49:55.513Z [TXN-7KGM1S9P] [order-service] INFO Calling catalog-service for productId=6
2026-05-24T13:49:55.524Z [TXN-7KGM1S9P] [catalog-service] INFO Product fetched: Spider-Man Toy
2026-05-24T13:49:55.555Z [TXN-7KGM1S9P] [order-service] INFO Order created: orderId=832, product=Spider-Man Toy, amount=17.99
2026-05-24T13:49:55.561Z [TXN-7KGM1S9P] [order-service] INFO Calling notification-service for orderId=832
2026-05-24T13:49:55.575Z [TXN-7KGM1S9P] [order-service] ERROR Order failed: 
2026-05-24T13:49:55.698Z [TXN-7KGM1S9P] [order-service] INFO Calling catalog-service for productId=6
2026-05-24T13:49:55.712Z [TXN-7KGM1S9P] [catalog-service] INFO Product fetched: Spider-Man Toy
2026-05-24T13:49:55.723Z [TXN-7KGM1S9P] [order-service] INFO Order created: orderId=833, product=Spider-Man Toy, amount=17.99
2026-05-24T13:49:55.725Z [TXN-7KGM1S9P] [order-service] INFO Calling notification-service for orderId=833
2026-05-24T13:49:55.735Z [TXN-7KGM1S9P] [order-service] ERROR Order failed: 
2026-05-24T13:49:55.868Z [TXN-7KGM1S9P] [order-service] INFO Calling catalog-service for productId=6
2026-05-24T13:49:55.880Z [TXN-7KGM1S9P] [catalog-service] INFO Product fetched: Spider-Man Toy
2026-05-24T13:49:55.894Z [TXN-7KGM1S9P] [order-service] INFO Order created: orderId=834, product=Spider-Man Toy, amount=17.99
2026-05-24T13:49:55.895Z [TXN-7KGM1S9P] [order-service] INFO Calling notification-service for orderId=834
2026-05-24T13:49:55.901Z [TXN-7KGM1S9P] [order-service] ERROR Order failed: 
2026-05-24T13:49:56.062Z [TXN-7KGM1S9P] [order-service] INFO Calling catalog-service for productId=6
2026-05-24T13:49:56.071Z [TXN-7KGM1S9P] [catalog-service] INFO Product fetched: Spider-Man Toy
2026-05-24T13:49:56.087Z [TXN-7KGM1S9P] [order-service] INFO Order created: orderId=835, product=Spider-Man Toy, amount=17.99
2026-05-24T13:49:56.093Z [TXN-7KGM1S9P] [order-service] INFO Calling notification-service for orderId=835
2026-05-24T13:49:56.101Z [TXN-7KGM1S9P] [order-service] ERROR Order failed: 
2026-05-24T13:49:56.229Z [TXN-7KGM1S9P] [order-service] INFO Calling catalog-service for productId=6
2026-05-24T13:49:56.241Z [TXN-7KGM1S9P] [catalog-service] INFO Product fetched: Spider-Man Toy
2026-05-24T13:49:56.251Z [TXN-7KGM1S9P] [order-service] INFO Order created: orderId=836, product=Spider-Man Toy, amount=17.99
2026-05-24T13:49:56.253Z [TXN-7KGM1S9P] [order-service] INFO Calling notification-service for orderId=836
2026-05-24T13:49:56.267Z [TXN-7KGM1S9P] [order-service] ERROR Order failed: 
2026-05-24T13:49:56.710Z [TXN-7KGM1S9P] [order-service] INFO Calling catalog-service for productId=7
2026-05-24T13:49:56.718Z [TXN-7KGM1S9P] [catalog-service] INFO Product fetched: Hulk Poster
2026-05-24T13:49:56.735Z [TXN-7KGM1S9P] [order-service] INFO Order created: orderId=837, product=Hulk Poster, amount=9.99
2026-05-24T13:49:56.736Z [TXN-7KGM1S9P] [order-service] INFO Calling notification-service for orderId=837
2026-05-24T13:49:56.749Z [TXN-7KGM1S9P] [order-service] ERROR Order failed: 
2026-05-24T13:49:56.877Z [TXN-7KGM1S9P] [order-service] INFO Calling catalog-service for productId=7
2026-05-24T13:49:56.884Z [TXN-7KGM1S9P] [catalog-service] INFO Product fetched: Hulk Poster
2026-05-24T13:49:56.896Z [TXN-7KGM1S9P] [order-service] INFO Order created: orderId=838, product=Hulk Poster, amount=9.99
2026-05-24T13:49:56.897Z [TXN-7KGM1S9P] [order-service] INFO Calling notification-service for orderId=838
2026-05-24T13:49:56.911Z [TXN-7KGM1S9P] [order-service] ERROR Order failed: 
2026-05-24T13:49:57.078Z [TXN-7KGM1S9P] [order-service] INFO Calling catalog-service for productId=7
2026-05-24T13:49:57.084Z [TXN-7KGM1S9P] [catalog-service] INFO Product fetched: Hulk Poster
2026-05-24T13:49:57.098Z [TXN-7KGM1S9P] [order-service] INFO Order created: orderId=839, product=Hulk Poster, amount=9.99
2026-05-24T13:49:57.100Z [TXN-7KGM1S9P] [order-service] INFO Calling notification-service for orderId=839
2026-05-24T13:49:57.115Z [TXN-7KGM1S9P] [order-service] ERROR Order failed: 
2026-05-24T13:49:57.248Z [TXN-7KGM1S9P] [order-service] INFO Calling catalog-service for productId=7
2026-05-24T13:49:57.260Z [TXN-7KGM1S9P] [catalog-service] INFO Product fetched: Hulk Poster
2026-05-24T13:49:57.268Z [TXN-7KGM1S9P] [order-service] INFO Order created: orderId=840, product=Hulk Poster, amount=9.99
2026-05-24T13:49:57.270Z [TXN-7KGM1S9P] [order-service] INFO Calling notification-service for orderId=840
2026-05-24T13:49:57.287Z [TXN-7KGM1S9P] [order-service] ERROR Order failed: 
2026-05-24T13:49:57.414Z [TXN-7KGM1S9P] [order-service] INFO Calling catalog-service for productId=7
2026-05-24T13:49:57.427Z [TXN-7KGM1S9P] [catalog-service] INFO Product fetched: Hulk Poster
2026-05-24T13:49:57.437Z [TXN-7KGM1S9P] [order-service] INFO Order created: orderId=841, product=Hulk Poster, amount=9.99
2026-05-24T13:49:57.444Z [TXN-7KGM1S9P] [order-service] INFO Calling notification-service for orderId=841
2026-05-24T13:49:57.450Z [TXN-7KGM1S9P] [order-service] ERROR Order failed: 
2026-05-24T13:49:58.098Z [TXN-7KGM1S9P] [order-service] INFO Calling catalog-service for productId=8
2026-05-24T13:49:58.112Z [TXN-7KGM1S9P] [catalog-service] INFO Product fetched: Thor Hammer Replica
2026-05-24T13:49:58.124Z [TXN-7KGM1S9P] [order-service] INFO Order created: orderId=842, product=Thor Hammer Replica, amount=39.99
2026-05-24T13:49:58.126Z [TXN-7KGM1S9P] [order-service] INFO Calling notification-service for orderId=842
2026-05-24T13:49:58.133Z [TXN-7KGM1S9P] [order-service] ERROR Order failed: 
2026-05-24T13:49:58.277Z [TXN-7KGM1S9P] [order-service] INFO Calling catalog-service for productId=8
2026-05-24T13:49:58.284Z [TXN-7KGM1S9P] [catalog-service] INFO Product fetched: Thor Hammer Replica
2026-05-24T13:49:58.298Z [TXN-7KGM1S9P] [order-service] INFO Order created: orderId=843, product=Thor Hammer Replica, amount=39.99
2026-05-24T13:49:58.300Z [TXN-7KGM1S9P] [order-service] INFO Calling notification-service for orderId=843
2026-05-24T13:49:58.316Z [TXN-7KGM1S9P] [order-service] ERROR Order failed: 
2026-05-24T13:49:58.448Z [TXN-7KGM1S9P] [order-service] INFO Calling catalog-service for productId=8
2026-05-24T13:49:58.460Z [TXN-7KGM1S9P] [catalog-service] INFO Product fetched: Thor Hammer Replica
2026-05-24T13:49:58.470Z [TXN-7KGM1S9P] [order-service] INFO Order created: orderId=844, product=Thor Hammer Replica, amount=39.99
2026-05-24T13:49:58.477Z [TXN-7KGM1S9P] [order-service] INFO Calling notification-service for orderId=844
2026-05-24T13:49:58.484Z [TXN-7KGM1S9P] [order-service] ERROR Order failed: 
2026-05-24T13:49:58.630Z [TXN-7KGM1S9P] [order-service] INFO Calling catalog-service for productId=8
2026-05-24T13:49:58.645Z [TXN-7KGM1S9P] [catalog-service] INFO Product fetched: Thor Hammer Replica
2026-05-24T13:49:58.657Z [TXN-7KGM1S9P] [order-service] INFO Order created: orderId=845, product=Thor Hammer Replica, amount=39.99
2026-05-24T13:49:58.661Z [TXN-7KGM1S9P] [order-service] INFO Calling notification-service for orderId=845
2026-05-24T13:49:58.668Z [TXN-7KGM1S9P] [order-service] ERROR Order failed: 
2026-05-24T13:49:58.801Z [TXN-7KGM1S9P] [order-service] INFO Calling catalog-service for productId=8
2026-05-24T13:49:58.813Z [TXN-7KGM1S9P] [catalog-service] INFO Product fetched: Thor Hammer Replica
2026-05-24T13:49:58.828Z [TXN-7KGM1S9P] [order-service] INFO Order created: orderId=846, product=Thor Hammer Replica, amount=39.99
2026-05-24T13:49:58.829Z [TXN-7KGM1S9P] [order-service] INFO Calling notification-service for orderId=846
2026-05-24T13:49:58.835Z [TXN-7KGM1S9P] [order-service] ERROR Order failed: 
2026-05-24T13:49:59.355Z [TXN-7KGM1S9P] [order-service] INFO Calling catalog-service for productId=7
2026-05-24T13:49:59.366Z [TXN-7KGM1S9P] [catalog-service] INFO Product fetched: Hulk Poster
2026-05-24T13:49:59.382Z [TXN-7KGM1S9P] [order-service] INFO Order created: orderId=847, product=Hulk Poster, amount=9.99
2026-05-24T13:49:59.383Z [TXN-7KGM1S9P] [order-service] INFO Calling notification-service for orderId=847
2026-05-24T13:49:59.398Z [TXN-7KGM1S9P] [order-service] ERROR Order failed: 
2026-05-24T13:49:59.539Z [TXN-7KGM1S9P] [order-service] INFO Calling catalog-service for productId=7
2026-05-24T13:49:59.549Z [TXN-7KGM1S9P] [catalog-service] INFO Product fetched: Hulk Poster
2026-05-24T13:49:59.565Z [TXN-7KGM1S9P] [order-service] INFO Order created: orderId=848, product=Hulk Poster, amount=9.99
2026-05-24T13:49:59.566Z [TXN-7KGM1S9P] [order-service] INFO Calling notification-service for orderId=848
2026-05-24T13:49:59.579Z [TXN-7KGM1S9P] [order-service] ERROR Order failed: 
2026-05-24T13:49:59.731Z [TXN-7KGM1S9P] [order-service] INFO Calling catalog-service for productId=7
2026-05-24T13:49:59.744Z [TXN-7KGM1S9P] [catalog-service] INFO Product fetched: Hulk Poster
2026-05-24T13:49:59.756Z [TXN-7KGM1S9P] [order-service] INFO Order created: orderId=849, product=Hulk Poster, amount=9.99
2026-05-24T13:49:59.759Z [TXN-7KGM1S9P] [order-service] INFO Calling notification-service for orderId=849
2026-05-24T13:49:59.768Z [TXN-7KGM1S9P] [order-service] ERROR Order failed: 
2026-05-24T13:49:59.909Z [TXN-7KGM1S9P] [order-service] INFO Calling catalog-service for productId=7
2026-05-24T13:49:59.916Z [TXN-7KGM1S9P] [catalog-service] INFO Product fetched: Hulk Poster
2026-05-24T13:49:59.932Z [TXN-7KGM1S9P] [order-service] INFO Order created: orderId=850, product=Hulk Poster, amount=9.99
2026-05-24T13:49:59.933Z [TXN-7KGM1S9P] [order-service] INFO Calling notification-service for orderId=850
2026-05-24T13:49:59.947Z [TXN-7KGM1S9P] [order-service] ERROR Order failed: 
2026-05-24T13:50:00.049Z [TXN-7KGM1S9P] [order-service] INFO Calling catalog-service for productId=7
2026-05-24T13:50:00.061Z [TXN-7KGM1S9P] [catalog-service] INFO Product fetched: Hulk Poster
2026-05-24T13:50:00.073Z [TXN-7KGM1S9P] [order-service] INFO Order created: orderId=851, product=Hulk Poster, amount=9.99
2026-05-24T13:50:00.079Z [TXN-7KGM1S9P] [order-service] INFO Calling notification-service for orderId=851
2026-05-24T13:50:00.085Z [TXN-7KGM1S9P] [order-service] ERROR Order failed: 
2026-05-24T13:50:00.593Z [TXN-7KGM1S9P] [order-service] INFO Calling catalog-service for productId=6
2026-05-24T13:50:00.600Z [TXN-7KGM1S9P] [catalog-service] INFO Product fetched: Spider-Man Toy
2026-05-24T13:50:00.632Z [TXN-7KGM1S9P] [order-service] INFO Order created: orderId=852, product=Spider-Man Toy, amount=17.99
2026-05-24T13:50:00.634Z [TXN-7KGM1S9P] [order-service] INFO Calling notification-service for orderId=852
2026-05-24T13:50:00.647Z [TXN-7KGM1S9P] [order-service] ERROR Order failed: 
2026-05-24T13:50:00.781Z [TXN-7KGM1S9P] [order-service] INFO Calling catalog-service for productId=6
2026-05-24T13:50:00.795Z [TXN-7KGM1S9P] [catalog-service] INFO Product fetched: Spider-Man Toy
2026-05-24T13:50:00.809Z [TXN-7KGM1S9P] [order-service] INFO Order created: orderId=853, product=Spider-Man Toy, amount=17.99
2026-05-24T13:50:00.810Z [TXN-7KGM1S9P] [order-service] INFO Calling notification-service for orderId=853
2026-05-24T13:50:00.818Z [TXN-7KGM1S9P] [order-service] ERROR Order failed: 
2026-05-24T13:50:00.952Z [TXN-7KGM1S9P] [order-service] INFO Calling catalog-service for productId=6
2026-05-24T13:50:00.965Z [TXN-7KGM1S9P] [catalog-service] INFO Product fetched: Spider-Man Toy
2026-05-24T13:50:00.981Z [TXN-7KGM1S9P] [order-service] INFO Order created: orderId=854, product=Spider-Man Toy, amount=17.99
2026-05-24T13:50:00.982Z [TXN-7KGM1S9P] [order-service] INFO Calling notification-service for orderId=854
2026-05-24T13:50:00.997Z [TXN-7KGM1S9P] [order-service] ERROR Order failed: 
2026-05-24T13:50:01.130Z [TXN-7KGM1S9P] [order-service] INFO Calling catalog-service for productId=6
2026-05-24T13:50:01.142Z [TXN-7KGM1S9P] [catalog-service] INFO Product fetched: Spider-Man Toy
2026-05-24T13:50:01.151Z [TXN-7KGM1S9P] [order-service] INFO Order created: orderId=855, product=Spider-Man Toy, amount=17.99
2026-05-24T13:50:01.152Z [TXN-7KGM1S9P] [order-service] INFO Calling notification-service for orderId=855
2026-05-24T13:50:01.163Z [TXN-7KGM1S9P] [order-service] ERROR Order failed: 
2026-05-24T13:50:01.280Z [TXN-7KGM1S9P] [order-service] INFO Calling catalog-service for productId=6
2026-05-24T13:50:01.293Z [TXN-7KGM1S9P] [catalog-service] INFO Product fetched: Spider-Man Toy
2026-05-24T13:50:01.301Z [TXN-7KGM1S9P] [order-service] INFO Order created: orderId=856, product=Spider-Man Toy, amount=17.99
2026-05-24T13:50:01.303Z [TXN-7KGM1S9P] [order-service] INFO Calling notification-service for orderId=856
2026-05-24T13:50:01.314Z [TXN-7KGM1S9P] [order-service] ERROR Order failed: 
2026-05-24T13:50:02.499Z [TXN-7KGM1S9P] [order-service] INFO Calling catalog-service for productId=5
2026-05-24T13:50:02.510Z [TXN-7KGM1S9P] [catalog-service] INFO Product fetched: Iron Man Figure
2026-05-24T13:50:02.522Z [TXN-7KGM1S9P] [order-service] INFO Order created: orderId=857, product=Iron Man Figure, amount=29.99
2026-05-24T13:50:02.527Z [TXN-7KGM1S9P] [order-service] INFO Calling notification-service for orderId=857
2026-05-24T13:50:02.536Z [TXN-7KGM1S9P] [order-service] ERROR Order failed: 
2026-05-24T13:50:02.696Z [TXN-7KGM1S9P] [order-service] INFO Calling catalog-service for productId=5
2026-05-24T13:50:02.706Z [TXN-7KGM1S9P] [catalog-service] INFO Product fetched: Iron Man Figure
2026-05-24T13:50:02.715Z [TXN-7KGM1S9P] [order-service] INFO Order created: orderId=858, product=Iron Man Figure, amount=29.99
2026-05-24T13:50:02.716Z [TXN-7KGM1S9P] [order-service] INFO Calling notification-service for orderId=858
2026-05-24T13:50:02.727Z [TXN-7KGM1S9P] [order-service] ERROR Order failed: 
2026-05-24T13:50:02.864Z [TXN-7KGM1S9P] [order-service] INFO Calling catalog-service for productId=5
2026-05-24T13:50:02.876Z [TXN-7KGM1S9P] [catalog-service] INFO Product fetched: Iron Man Figure
2026-05-24T13:50:02.888Z [TXN-7KGM1S9P] [order-service] INFO Order created: orderId=859, product=Iron Man Figure, amount=29.99
2026-05-24T13:50:02.891Z [TXN-7KGM1S9P] [order-service] INFO Calling notification-service for orderId=859
2026-05-24T13:50:02.901Z [TXN-7KGM1S9P] [order-service] ERROR Order failed: 
2026-05-24T13:50:03.061Z [TXN-7KGM1S9P] [order-service] INFO Calling catalog-service for productId=5
2026-05-24T13:50:03.067Z [TXN-7KGM1S9P] [catalog-service] INFO Product fetched: Iron Man Figure
2026-05-24T13:50:03.083Z [TXN-7KGM1S9P] [order-service] INFO Order created: orderId=860, product=Iron Man Figure, amount=29.99
2026-05-24T13:50:03.085Z [TXN-7KGM1S9P] [order-service] INFO Calling notification-service for orderId=860
2026-05-24T13:50:03.098Z [TXN-7KGM1S9P] [order-service] ERROR Order failed: 
2026-05-24T13:50:03.230Z [TXN-7KGM1S9P] [order-service] INFO Calling catalog-service for productId=5
2026-05-24T13:50:03.241Z [TXN-7KGM1S9P] [catalog-service] INFO Product fetched: Iron Man Figure
2026-05-24T13:50:03.250Z [TXN-7KGM1S9P] [order-service] INFO Order created: orderId=861, product=Iron Man Figure, amount=29.99
2026-05-24T13:50:03.251Z [TXN-7KGM1S9P] [order-service] INFO Calling notification-service for orderId=861
2026-05-24T13:50:03.277Z [TXN-7KGM1S9P] [order-service] ERROR Order failed: 
2026-05-24T13:50:03.397Z [TXN-7KGM1S9P] [order-service] INFO Calling catalog-service for productId=5
2026-05-24T13:50:03.412Z [TXN-7KGM1S9P] [catalog-service] INFO Product fetched: Iron Man Figure
2026-05-24T13:50:03.425Z [TXN-7KGM1S9P] [order-service] INFO Order created: orderId=862, product=Iron Man Figure, amount=29.99
2026-05-24T13:50:03.427Z [TXN-7KGM1S9P] [order-service] INFO Calling notification-service for orderId=862
2026-05-24T13:50:03.434Z [TXN-7KGM1S9P] [order-service] ERROR Order failed: 
2026-05-24T13:50:04.399Z [TXN-7KGM1S9P] [catalog-service] INFO Category=DC: 4 products
2026-05-24T13:50:05.373Z [TXN-7KGM1S9P] [order-service] INFO Calling catalog-service for productId=1
2026-05-24T13:50:05.380Z [TXN-7KGM1S9P] [catalog-service] INFO Product fetched: Batman Figure
2026-05-24T13:50:05.393Z [TXN-7KGM1S9P] [order-service] INFO Order created: orderId=863, product=Batman Figure, amount=24.99
2026-05-24T13:50:05.394Z [TXN-7KGM1S9P] [order-service] INFO Calling notification-service for orderId=863
2026-05-24T13:50:05.401Z [TXN-7KGM1S9P] [order-service] ERROR Order failed: 
2026-05-24T13:50:05.574Z [TXN-7KGM1S9P] [order-service] INFO Calling catalog-service for productId=1
2026-05-24T13:50:05.583Z [TXN-7KGM1S9P] [catalog-service] INFO Product fetched: Batman Figure
2026-05-24T13:50:05.597Z [TXN-7KGM1S9P] [order-service] INFO Order created: orderId=864, product=Batman Figure, amount=24.99
2026-05-24T13:50:05.599Z [TXN-7KGM1S9P] [order-service] INFO Calling notification-service for orderId=864
2026-05-24T13:50:05.612Z [TXN-7KGM1S9P] [order-service] ERROR Order failed: 
2026-05-24T13:50:05.761Z [TXN-7KGM1S9P] [order-service] INFO Calling catalog-service for productId=1
2026-05-24T13:50:05.774Z [TXN-7KGM1S9P] [catalog-service] INFO Product fetched: Batman Figure
2026-05-24T13:50:05.784Z [TXN-7KGM1S9P] [order-service] INFO Order created: orderId=865, product=Batman Figure, amount=24.99
2026-05-24T13:50:05.785Z [TXN-7KGM1S9P] [order-service] INFO Calling notification-service for orderId=865
2026-05-24T13:50:05.796Z [TXN-7KGM1S9P] [order-service] ERROR Order failed: 
2026-05-24T13:50:05.931Z [TXN-7KGM1S9P] [order-service] INFO Calling catalog-service for productId=1
2026-05-24T13:50:05.944Z [TXN-7KGM1S9P] [catalog-service] INFO Product fetched: Batman Figure
2026-05-24T13:50:05.953Z [TXN-7KGM1S9P] [order-service] INFO Order created: orderId=866, product=Batman Figure, amount=24.99
2026-05-24T13:50:05.960Z [TXN-7KGM1S9P] [order-service] INFO Calling notification-service for orderId=866
2026-05-24T13:50:05.966Z [TXN-7KGM1S9P] [order-service] ERROR Order failed: 
2026-05-24T13:50:06.368Z [TXN-7KGM1S9P] [order-service] INFO Calling catalog-service for productId=2
2026-05-24T13:50:06.381Z [TXN-7KGM1S9P] [catalog-service] INFO Product fetched: Superman T-Shirt
2026-05-24T13:50:06.399Z [TXN-7KGM1S9P] [order-service] INFO Order created: orderId=867, product=Superman T-Shirt, amount=19.99
2026-05-24T13:50:06.400Z [TXN-7KGM1S9P] [order-service] INFO Calling notification-service for orderId=867
2026-05-24T13:50:06.414Z [TXN-7KGM1S9P] [order-service] ERROR Order failed: 
2026-05-24T13:50:06.564Z [TXN-7KGM1S9P] [order-service] INFO Calling catalog-service for productId=2
2026-05-24T13:50:06.578Z [TXN-7KGM1S9P] [catalog-service] INFO Product fetched: Superman T-Shirt
2026-05-24T13:50:06.609Z [TXN-7KGM1S9P] [order-service] INFO Order created: orderId=868, product=Superman T-Shirt, amount=19.99
2026-05-24T13:50:06.611Z [TXN-7KGM1S9P] [order-service] INFO Calling notification-service for orderId=868
2026-05-24T13:50:06.618Z [TXN-7KGM1S9P] [order-service] ERROR Order failed: 
2026-05-24T13:50:06.754Z [TXN-7KGM1S9P] [order-service] INFO Calling catalog-service for productId=2
2026-05-24T13:50:06.765Z [TXN-7KGM1S9P] [catalog-service] INFO Product fetched: Superman T-Shirt
2026-05-24T13:50:06.779Z [TXN-7KGM1S9P] [order-service] INFO Order created: orderId=869, product=Superman T-Shirt, amount=19.99
2026-05-24T13:50:06.780Z [TXN-7KGM1S9P] [order-service] INFO Calling notification-service for orderId=869
2026-05-24T13:50:06.796Z [TXN-7KGM1S9P] [order-service] ERROR Order failed: 
2026-05-24T13:50:06.931Z [TXN-7KGM1S9P] [order-service] INFO Calling catalog-service for productId=2
2026-05-24T13:50:06.946Z [TXN-7KGM1S9P] [catalog-service] INFO Product fetched: Superman T-Shirt
2026-05-24T13:50:06.959Z [TXN-7KGM1S9P] [order-service] INFO Order created: orderId=870, product=Superman T-Shirt, amount=19.99
2026-05-24T13:50:06.960Z [TXN-7KGM1S9P] [order-service] INFO Calling notification-service for orderId=870
2026-05-24T13:50:06.968Z [TXN-7KGM1S9P] [order-service] ERROR Order failed: 
2026-05-24T13:50:07.432Z [TXN-7KGM1S9P] [order-service] INFO Calling catalog-service for productId=3
2026-05-24T13:50:07.445Z [TXN-7KGM1S9P] [catalog-service] INFO Product fetched: Flash Toy
2026-05-24T13:50:07.476Z [TXN-7KGM1S9P] [order-service] INFO Order created: orderId=871, product=Flash Toy, amount=14.99
2026-05-24T13:50:07.477Z [TXN-7KGM1S9P] [order-service] INFO Calling notification-service for orderId=871
2026-05-24T13:50:07.485Z [TXN-7KGM1S9P] [order-service] ERROR Order failed: 
2026-05-24T13:50:07.632Z [TXN-7KGM1S9P] [order-service] INFO Calling catalog-service for productId=3
2026-05-24T13:50:07.643Z [TXN-7KGM1S9P] [catalog-service] INFO Product fetched: Flash Toy
2026-05-24T13:50:07.652Z [TXN-7KGM1S9P] [order-service] INFO Order created: orderId=872, product=Flash Toy, amount=14.99
2026-05-24T13:50:07.654Z [TXN-7KGM1S9P] [order-service] INFO Calling notification-service for orderId=872
2026-05-24T13:50:07.666Z [TXN-7KGM1S9P] [order-service] ERROR Order failed: 
2026-05-24T13:50:07.814Z [TXN-7KGM1S9P] [order-service] INFO Calling catalog-service for productId=3
2026-05-24T13:50:07.826Z [TXN-7KGM1S9P] [catalog-service] INFO Product fetched: Flash Toy
2026-05-24T13:50:07.834Z [TXN-7KGM1S9P] [order-service] INFO Order created: orderId=873, product=Flash Toy, amount=14.99
2026-05-24T13:50:07.835Z [TXN-7KGM1S9P] [order-service] INFO Calling notification-service for orderId=873
2026-05-24T13:50:07.848Z [TXN-7KGM1S9P] [order-service] ERROR Order failed: 
2026-05-24T13:50:08.724Z [TXN-7KGM1S9P] [order-service] INFO Calling catalog-service for productId=4
2026-05-24T13:50:08.732Z [TXN-7KGM1S9P] [catalog-service] INFO Product fetched: Wonder Woman Poster
2026-05-24T13:50:08.744Z [TXN-7KGM1S9P] [order-service] INFO Order created: orderId=874, product=Wonder Woman Poster, amount=9.99
2026-05-24T13:50:08.745Z [TXN-7KGM1S9P] [order-service] INFO Calling notification-service for orderId=874
2026-05-24T13:50:08.753Z [TXN-7KGM1S9P] [order-service] ERROR Order failed: 
2026-05-24T13:50:08.915Z [TXN-7KGM1S9P] [order-service] INFO Calling catalog-service for productId=4
2026-05-24T13:50:08.925Z [TXN-7KGM1S9P] [catalog-service] INFO Product fetched: Wonder Woman Poster
2026-05-24T13:50:08.935Z [TXN-7KGM1S9P] [order-service] INFO Order created: orderId=875, product=Wonder Woman Poster, amount=9.99
2026-05-24T13:50:08.938Z [TXN-7KGM1S9P] [order-service] INFO Calling notification-service for orderId=875
2026-05-24T13:50:08.948Z [TXN-7KGM1S9P] [order-service] ERROR Order failed: 
2026-05-24T13:50:09.110Z [TXN-7KGM1S9P] [order-service] INFO Calling catalog-service for productId=4
2026-05-24T13:50:09.125Z [TXN-7KGM1S9P] [catalog-service] INFO Product fetched: Wonder Woman Poster
2026-05-24T13:50:09.140Z [TXN-7KGM1S9P] [order-service] INFO Order created: orderId=876, product=Wonder Woman Poster, amount=9.99
2026-05-24T13:50:09.141Z [TXN-7KGM1S9P] [order-service] INFO Calling notification-service for orderId=876
2026-05-24T13:50:09.150Z [TXN-7KGM1S9P] [order-service] ERROR Order failed: 
2026-05-24T13:50:09.299Z [TXN-7KGM1S9P] [order-service] INFO Calling catalog-service for productId=4
2026-05-24T13:50:09.311Z [TXN-7KGM1S9P] [catalog-service] INFO Product fetched: Wonder Woman Poster
2026-05-24T13:50:09.342Z [TXN-7KGM1S9P] [order-service] INFO Order created: orderId=877, product=Wonder Woman Poster, amount=9.99
2026-05-24T13:50:09.344Z [TXN-7KGM1S9P] [order-service] INFO Calling notification-service for orderId=877
2026-05-24T13:50:09.351Z [TXN-7KGM1S9P] [order-service] ERROR Order failed: 
2026-05-24T13:50:09.481Z [TXN-7KGM1S9P] [order-service] INFO Calling catalog-service for productId=4
2026-05-24T13:50:09.493Z [TXN-7KGM1S9P] [catalog-service] INFO Product fetched: Wonder Woman Poster
2026-05-24T13:50:09.507Z [TXN-7KGM1S9P] [order-service] INFO Order created: orderId=878, product=Wonder Woman Poster, amount=9.99
2026-05-24T13:50:09.509Z [TXN-7KGM1S9P] [order-service] INFO Calling notification-service for orderId=878
2026-05-24T13:50:09.517Z [TXN-7KGM1S9P] [order-service] ERROR Order failed: 
2026-05-24T13:50:10.633Z [TXN-7KGM1S9P] [catalog-service] INFO Category=Marvel: 4 products
2026-05-24T13:50:12.423Z [TXN-7KGM1S9P] [order-service] INFO Calling catalog-service for productId=5
2026-05-24T13:50:12.432Z [TXN-7KGM1S9P] [catalog-service] INFO Product fetched: Iron Man Figure
2026-05-24T13:50:12.449Z [TXN-7KGM1S9P] [order-service] INFO Order created: orderId=879, product=Iron Man Figure, amount=29.99
2026-05-24T13:50:12.450Z [TXN-7KGM1S9P] [order-service] INFO Calling notification-service for orderId=879
2026-05-24T13:50:12.463Z [TXN-7KGM1S9P] [order-service] ERROR Order failed: 
2026-05-24T13:50:12.600Z [TXN-7KGM1S9P] [order-service] INFO Calling catalog-service for productId=5
2026-05-24T13:50:12.612Z [TXN-7KGM1S9P] [catalog-service] INFO Product fetched: Iron Man Figure
2026-05-24T13:50:12.623Z [TXN-7KGM1S9P] [order-service] INFO Order created: orderId=880, product=Iron Man Figure, amount=29.99
2026-05-24T13:50:12.625Z [TXN-7KGM1S9P] [order-service] INFO Calling notification-service for orderId=880
2026-05-24T13:50:12.633Z [TXN-7KGM1S9P] [order-service] ERROR Order failed: 
2026-05-24T13:50:12.763Z [TXN-7KGM1S9P] [order-service] INFO Calling catalog-service for productId=5
2026-05-24T13:50:12.775Z [TXN-7KGM1S9P] [catalog-service] INFO Product fetched: Iron Man Figure
2026-05-24T13:50:12.785Z [TXN-7KGM1S9P] [order-service] INFO Order created: orderId=881, product=Iron Man Figure, amount=29.99
2026-05-24T13:50:12.787Z [TXN-7KGM1S9P] [order-service] INFO Calling notification-service for orderId=881
2026-05-24T13:50:12.797Z [TXN-7KGM1S9P] [order-service] ERROR Order failed: 
2026-05-24T13:50:12.940Z [TXN-7KGM1S9P] [order-service] INFO Calling catalog-service for productId=5
2026-05-24T13:50:12.949Z [TXN-7KGM1S9P] [catalog-service] INFO Product fetched: Iron Man Figure
2026-05-24T13:50:12.965Z [TXN-7KGM1S9P] [order-service] INFO Order created: orderId=882, product=Iron Man Figure, amount=29.99
2026-05-24T13:50:12.966Z [TXN-7KGM1S9P] [order-service] INFO Calling notification-service for orderId=882
2026-05-24T13:50:12.980Z [TXN-7KGM1S9P] [order-service] ERROR Order failed: 
2026-05-24T13:50:13.676Z [TXN-7KGM1S9P] [order-service] INFO Calling catalog-service for productId=6
2026-05-24T13:50:13.683Z [TXN-7KGM1S9P] [catalog-service] INFO Product fetched: Spider-Man Toy
2026-05-24T13:50:13.697Z [TXN-7KGM1S9P] [order-service] INFO Order created: orderId=883, product=Spider-Man Toy, amount=17.99
2026-05-24T13:50:13.698Z [TXN-7KGM1S9P] [order-service] INFO Calling notification-service for orderId=883
2026-05-24T13:50:13.716Z [TXN-7KGM1S9P] [order-service] ERROR Order failed: 
2026-05-24T13:50:13.862Z [TXN-7KGM1S9P] [order-service] INFO Calling catalog-service for productId=6
2026-05-24T13:50:13.874Z [TXN-7KGM1S9P] [catalog-service] INFO Product fetched: Spider-Man Toy
2026-05-24T13:50:13.885Z [TXN-7KGM1S9P] [order-service] INFO Order created: orderId=884, product=Spider-Man Toy, amount=17.99
2026-05-24T13:50:13.887Z [TXN-7KGM1S9P] [order-service] INFO Calling notification-service for orderId=884
2026-05-24T13:50:13.898Z [TXN-7KGM1S9P] [order-service] ERROR Order failed: 
2026-05-24T13:50:14.047Z [TXN-7KGM1S9P] [order-service] INFO Calling catalog-service for productId=6
2026-05-24T13:50:14.059Z [TXN-7KGM1S9P] [catalog-service] INFO Product fetched: Spider-Man Toy
2026-05-24T13:50:14.071Z [TXN-7KGM1S9P] [order-service] INFO Order created: orderId=885, product=Spider-Man Toy, amount=17.99
2026-05-24T13:50:14.076Z [TXN-7KGM1S9P] [order-service] INFO Calling notification-service for orderId=885
2026-05-24T13:50:14.084Z [TXN-7KGM1S9P] [order-service] ERROR Order failed: 
2026-05-24T13:50:14.797Z [TXN-7KGM1S9P] [order-service] INFO Calling catalog-service for productId=7
2026-05-24T13:50:14.810Z [TXN-7KGM1S9P] [catalog-service] INFO Product fetched: Hulk Poster
2026-05-24T13:50:14.842Z [TXN-7KGM1S9P] [order-service] INFO Order created: orderId=886, product=Hulk Poster, amount=9.99
2026-05-24T13:50:14.843Z [TXN-7KGM1S9P] [order-service] INFO Calling notification-service for orderId=886
2026-05-24T13:50:14.851Z [TXN-7KGM1S9P] [order-service] ERROR Order failed: 
2026-05-24T13:50:14.984Z [TXN-7KGM1S9P] [order-service] INFO Calling catalog-service for productId=7
2026-05-24T13:50:14.996Z [TXN-7KGM1S9P] [catalog-service] INFO Product fetched: Hulk Poster
2026-05-24T13:50:15.011Z [TXN-7KGM1S9P] [order-service] INFO Order created: orderId=887, product=Hulk Poster, amount=9.99
2026-05-24T13:50:15.012Z [TXN-7KGM1S9P] [order-service] INFO Calling notification-service for orderId=887
2026-05-24T13:50:15.024Z [TXN-7KGM1S9P] [order-service] ERROR Order failed: 
2026-05-24T13:50:15.147Z [TXN-7KGM1S9P] [order-service] INFO Calling catalog-service for productId=7
2026-05-24T13:50:15.161Z [TXN-7KGM1S9P] [catalog-service] INFO Product fetched: Hulk Poster
2026-05-24T13:50:15.175Z [TXN-7KGM1S9P] [order-service] INFO Order created: orderId=888, product=Hulk Poster, amount=9.99
2026-05-24T13:50:15.177Z [TXN-7KGM1S9P] [order-service] INFO Calling notification-service for orderId=888
2026-05-24T13:50:15.184Z [TXN-7KGM1S9P] [order-service] ERROR Order failed: 
2026-05-24T13:50:15.342Z [TXN-7KGM1S9P] [order-service] INFO Calling catalog-service for productId=7
2026-05-24T13:50:15.350Z [TXN-7KGM1S9P] [catalog-service] INFO Product fetched: Hulk Poster
2026-05-24T13:50:15.365Z [TXN-7KGM1S9P] [order-service] INFO Order created: orderId=889, product=Hulk Poster, amount=9.99
2026-05-24T13:50:15.366Z [TXN-7KGM1S9P] [order-service] INFO Calling notification-service for orderId=889
2026-05-24T13:50:15.380Z [TXN-7KGM1S9P] [order-service] ERROR Order failed: 
2026-05-24T13:50:15.931Z [TXN-7KGM1S9P] [order-service] INFO Calling catalog-service for productId=8
2026-05-24T13:50:15.946Z [TXN-7KGM1S9P] [catalog-service] INFO Product fetched: Thor Hammer Replica
2026-05-24T13:50:15.959Z [TXN-7KGM1S9P] [order-service] INFO Order created: orderId=890, product=Thor Hammer Replica, amount=39.99
2026-05-24T13:50:15.960Z [TXN-7KGM1S9P] [order-service] INFO Calling notification-service for orderId=890
2026-05-24T13:50:15.968Z [TXN-7KGM1S9P] [order-service] ERROR Order failed: 
2026-05-24T13:50:16.125Z [TXN-7KGM1S9P] [order-service] INFO Calling catalog-service for productId=8
2026-05-24T13:50:16.132Z [TXN-7KGM1S9P] [catalog-service] INFO Product fetched: Thor Hammer Replica
2026-05-24T13:50:16.144Z [TXN-7KGM1S9P] [order-service] INFO Order created: orderId=891, product=Thor Hammer Replica, amount=39.99
2026-05-24T13:50:16.145Z [TXN-7KGM1S9P] [order-service] INFO Calling notification-service for orderId=891
2026-05-24T13:50:16.154Z [TXN-7KGM1S9P] [order-service] ERROR Order failed: 
2026-05-24T13:50:16.312Z [TXN-7KGM1S9P] [order-service] INFO Calling catalog-service for productId=8
2026-05-24T13:50:16.318Z [TXN-7KGM1S9P] [catalog-service] INFO Product fetched: Thor Hammer Replica
2026-05-24T13:50:16.331Z [TXN-7KGM1S9P] [order-service] INFO Order created: orderId=892, product=Thor Hammer Replica, amount=39.99
2026-05-24T13:50:16.332Z [TXN-7KGM1S9P] [order-service] INFO Calling notification-service for orderId=892
2026-05-24T13:50:16.344Z [TXN-7KGM1S9P] [order-service] ERROR Order failed: 
2026-05-24T13:50:16.507Z [TXN-7KGM1S9P] [order-service] INFO Calling catalog-service for productId=8
2026-05-24T13:50:16.514Z [TXN-7KGM1S9P] [catalog-service] INFO Product fetched: Thor Hammer Replica
2026-05-24T13:50:16.537Z [TXN-7KGM1S9P] [order-service] INFO Order created: orderId=893, product=Thor Hammer Replica, amount=39.99
2026-05-24T13:50:16.542Z [TXN-7KGM1S9P] [order-service] INFO Calling notification-service for orderId=893
2026-05-24T13:50:16.550Z [TXN-7KGM1S9P] [order-service] ERROR Order failed: 
